-- phpMyAdmin SQL Dump
-- version 5.1.1
-- https://www.phpmyadmin.net/
--
-- Host: 127.0.0.1
-- Generation Time: Mar 21, 2023 at 02:38 PM
-- Server version: 10.4.22-MariaDB
-- PHP Version: 8.1.1

SET SQL_MODE = "NO_AUTO_VALUE_ON_ZERO";
START TRANSACTION;
SET time_zone = "+00:00";


/*!40101 SET @OLD_CHARACTER_SET_CLIENT=@@CHARACTER_SET_CLIENT */;
/*!40101 SET @OLD_CHARACTER_SET_RESULTS=@@CHARACTER_SET_RESULTS */;
/*!40101 SET @OLD_COLLATION_CONNECTION=@@COLLATION_CONNECTION */;
/*!40101 SET NAMES utf8mb4 */;

--
-- Database: `newmvc`
--

-- --------------------------------------------------------

--
-- Table structure for table `biz_categories`
--

CREATE TABLE `biz_categories` (
  `id` int(11) NOT NULL,
  `parent` int(11) NOT NULL DEFAULT 0,
  `label` varchar(60) DEFAULT NULL,
  `googleADSense` mediumtext NOT NULL,
  `priority` smallint(6) DEFAULT NULL,
  `cat_phone` varchar(25) DEFAULT NULL,
  `active` tinyint(4) DEFAULT 0,
  `visible` tinyint(4) NOT NULL DEFAULT 1,
  `extra_fields` text DEFAULT NULL,
  `max_lead_send` smallint(6) DEFAULT NULL,
  `add_email_to_form` tinyint(4) NOT NULL DEFAULT 0,
  `show_whatsapp_button` tinyint(4) NOT NULL DEFAULT 1
) ENGINE=InnoDB DEFAULT CHARSET=utf8mb4;

--
-- Dumping data for table `biz_categories`
--

INSERT INTO `biz_categories` (`id`, `parent`, `label`, `googleADSense`, `priority`, `cat_phone`, `active`, `visible`, `extra_fields`, `max_lead_send`, `add_email_to_form`, `show_whatsapp_button`) VALUES
(47, 0, 'הובלות', '', NULL, '08-78777887', 1, 1, '', 3, 0, 1),
(48, 0, 'עורך דין', '', NULL, '', 1, 1, '', 0, 0, 1),
(49, 0, 'אוכל', '', NULL, '', 1, 1, '', 0, 0, 1),
(50, 0, 'עיצוב הבית', '', NULL, '', 1, 1, '', 0, 0, 1),
(51, 47, 'גדולות', '', NULL, '', 1, 1, '', 0, 0, 1),
(52, 47, 'קטנות', '', NULL, '', 1, 1, '', 0, 0, 1),
(53, 51, 'רכבים', '', NULL, '', 1, 1, '', 0, 0, 1),
(54, 48, 'קובי אינטלטור מספר 1 בארץ', '', NULL, '', 1, 1, '', 0, 0, 1),
(55, 49, 'יעקב עורך דין כריש', '', NULL, '', 1, 1, '', 0, 0, 1),
(56, 50, 'יעקב עורך דין כריש 2', '', NULL, '', 1, 1, '', 0, 0, 1),
(57, 51, 'בתים', '', NULL, '', 1, 1, '<div class=\"child-element form-group\">\r\n    <input type=\"text\" name=\"biz[מספר נוסעים]\" class=\"form-input validate\" placeholder=\"מספר נוסעים\" required data-msg_required=\"***\" >\r\n</div>\r\n\r\n<div class=\"child-element form-group\">\r\n    <input type=\"text\" name=\"biz[סוג מכשיר]\" class=\"form-input validate\" placeholder=\"סוג מכשיר\" required data-msg_required=\"***\" >\r\n</div>\r\n\r\n\r\n<div class=\"child-element form-group\">\r\n    <input type=\"text\" name=\"biz[שעת חזרה]\" class=\"form-input validate\" placeholder=\"שעת חזרה\" required data-msg_required=\"***\" >\r\n</div>\r\n', 0, 0, 1),
(58, 51, 'חדרים', '', NULL, '', 1, 1, '', 0, 0, 1),
(60, 51, 'סתם כזה', '', NULL, '', 1, 1, '', 0, 0, 1),
(61, 47, 'שייך רק לטסט', '', NULL, '', 1, 1, '', 0, 0, 1),
(62, 0, 'קסם', '', NULL, '', 1, 1, '', 0, 0, 1),
(63, 62, 'חדש', '', NULL, '', 1, 1, '', 0, 0, 1);

-- --------------------------------------------------------

--
-- Table structure for table `biz_forms`
--

CREATE TABLE `biz_forms` (
  `id` int(11) NOT NULL,
  `site_id` int(11) NOT NULL,
  `page_id` int(11) NOT NULL,
  `title` varchar(250) NOT NULL,
  `cat_id` int(11) DEFAULT NULL,
  `active` tinyint(4) NOT NULL DEFAULT 0,
  `thanks_pixel` mediumtext NOT NULL,
  `thanks_redirect` mediumtext DEFAULT NULL,
  `input_remove` varchar(200) DEFAULT NULL,
  `add_email` tinyint(4) NOT NULL DEFAULT 0,
  `limit_by_cities` tinyint(4) NOT NULL DEFAULT 0,
  `bill_type` tinyint(4) DEFAULT 0
) ENGINE=InnoDB DEFAULT CHARSET=utf8mb4;

--
-- Dumping data for table `biz_forms`
--

INSERT INTO `biz_forms` (`id`, `site_id`, `page_id`, `title`, `cat_id`, `active`, `thanks_pixel`, `thanks_redirect`, `input_remove`, `add_email`, `limit_by_cities`, `bill_type`) VALUES
(1, 2, 9, 'דגכדגכ', 23, 1, '', NULL, '', 1, 0, 0),
(2, 2, 10, 'שוקו שוקו 2', 0, 1, '', NULL, '', 1, 0, 0),
(3, 2, 24, 'וואו וואו וואו', 14, 1, '', NULL, '', 0, 1, 1),
(4, 2, 29, 'חפש מוביל', 47, 1, '<img width=\'1\' height=\'1\' src=\'http://usites.com/admin/test/pixelize_me/?label=shave2\' />\r\n\r\n<img width=\'1\' height=\'1\' src=\'http://usites.com/admin/test/pixelize_me/?label=shave---3\' />', 'http://usites.com/admin/test/redirected_here/?page_id=29&row_id=4', '', 1, 0, 0),
(5, 2, 30, 'חפש מוביל להובלה גדולה', 47, 1, '', NULL, '', 1, 0, 0),
(6, 2, 31, 'הובלת רכבים', 18, 1, '', NULL, '', 1, 0, 0),
(7, 2, 18, 'טופס קיץ', 0, 1, '', NULL, '', 1, 0, 0),
(8, 2, 25, 'ssss', 23, 1, 'f sd fsdfdsfs fsf ssdsdsdsds', NULL, '', 1, 0, 0),
(9, 1, 12, '', 9, 1, '', NULL, '', 1, 0, 0),
(10, 2, 11, '', 47, 1, '', NULL, '', 1, 0, 0),
(11, 2, 17, '', 52, 1, '', NULL, '', 1, 0, 0),
(12, 2, 21, 'אביב', 47, 1, '', '', '', 1, 0, 0),
(13, 2, 20, '', 52, 1, '', '', '', 1, 0, 0),
(14, 2, 27, '', 48, 1, '', '', '', 1, 0, 0);

-- --------------------------------------------------------

--
-- Table structure for table `biz_requests`
--

CREATE TABLE `biz_requests` (
  `id` int(11) NOT NULL,
  `date_in` datetime NOT NULL DEFAULT current_timestamp(),
  `status` smallint(6) NOT NULL DEFAULT 0,
  `cat_id` int(11) NOT NULL,
  `ip` varchar(32) DEFAULT NULL,
  `c1` int(11) DEFAULT NULL,
  `c2` int(11) DEFAULT NULL,
  `c3` int(11) DEFAULT NULL,
  `c4` int(11) DEFAULT NULL,
  `site_id` int(11) DEFAULT NULL,
  `page_id` int(11) DEFAULT NULL,
  `form_id` int(11) DEFAULT NULL,
  `city_id` int(11) NOT NULL,
  `is_mobile` tinyint(4) NOT NULL DEFAULT 0,
  `banner_id` int(11) DEFAULT NULL,
  `recivers` int(11) NOT NULL DEFAULT 0,
  `email` varchar(32) DEFAULT NULL,
  `full_name` varchar(80) NOT NULL,
  `phone` varchar(32) NOT NULL,
  `note` mediumtext DEFAULT NULL,
  `extra_info` mediumtext DEFAULT NULL,
  `referrer` varchar(80) NOT NULL,
  `aff_id` int(11) DEFAULT NULL
) ENGINE=InnoDB DEFAULT CHARSET=utf8mb4;

--
-- Dumping data for table `biz_requests`
--

INSERT INTO `biz_requests` (`id`, `date_in`, `status`, `cat_id`, `ip`, `c1`, `c2`, `c3`, `c4`, `site_id`, `page_id`, `form_id`, `city_id`, `is_mobile`, `banner_id`, `recivers`, `email`, `full_name`, `phone`, `note`, `extra_info`, `referrer`, `aff_id`) VALUES
(1, '2023-02-22 11:25:03', 0, 57, '127.0.0.1', 47, 51, 57, NULL, 2, 29, 4, 0, 0, NULL, 2, NULL, 'קובי בודק', '123', 'קצת צפוף לי הזמן.. אפשר להאריך??', '', 'http://love.com/%D7%94%D7%95%D7%91%D7%9C%D7%95%D7%AA/', NULL),
(2, '2023-02-22 11:26:12', 0, 57, '127.0.0.1', 47, 51, 57, NULL, 2, 29, 4, 0, 0, NULL, 5, NULL, 'קובי בודק', '123', 'בלה', '', 'http://love.com/%D7%94%D7%95%D7%91%D7%9C%D7%95%D7%AA/', NULL),
(3, '2023-02-22 11:27:49', 0, 57, '127.0.0.1', 47, 51, 57, NULL, 2, 29, 4, 0, 0, NULL, 6, NULL, 'קובי בודק', '123', 'גכד', '', 'http://love.com/%D7%94%D7%95%D7%91%D7%9C%D7%95%D7%AA/', NULL),
(4, '2023-02-22 12:22:55', 0, 57, '127.0.0.1', 47, 51, 57, NULL, 2, 29, 4, 0, 0, NULL, 6, NULL, 'קובי בודק', '098765432', 'cuse', '', 'http://love.com/%D7%94%D7%95%D7%91%D7%9C%D7%95%D7%AA/', NULL),
(5, '2023-02-22 12:36:58', 0, 52, '127.0.0.1', 47, 52, NULL, NULL, 2, 29, 4, 0, 0, NULL, 6, NULL, 'קובי בודק', '098765432', 'cuse ', '', 'http://love.com/%D7%94%D7%95%D7%91%D7%9C%D7%95%D7%AA/', NULL),
(6, '2023-02-22 13:35:11', 0, 52, '127.0.0.1', 47, 52, NULL, NULL, 2, 29, 4, 0, 0, NULL, 6, NULL, 'קובי בודק', '3453', '', '', 'http://love.com/%D7%94%D7%95%D7%91%D7%9C%D7%95%D7%AA/', NULL),
(7, '2023-02-22 13:38:20', 0, 52, '127.0.0.1', 47, 52, NULL, NULL, 2, 29, 4, 0, 0, NULL, 6, NULL, 'קובי בודק', '345', '', '', 'http://love.com/%D7%94%D7%95%D7%91%D7%9C%D7%95%D7%AA/', NULL),
(8, '2023-02-22 13:41:05', 0, 52, '127.0.0.1', 47, 52, NULL, NULL, 2, 29, 4, 0, 0, NULL, 6, NULL, 'קובי בודק', '345', '', '', 'http://love.com/%D7%94%D7%95%D7%91%D7%9C%D7%95%D7%AA/', NULL),
(9, '2023-02-22 13:42:19', 0, 52, '127.0.0.1', 47, 52, NULL, NULL, 2, 29, 4, 0, 0, NULL, 6, NULL, 'קובי בודק', '3423', '', '', 'http://love.com/%D7%94%D7%95%D7%91%D7%9C%D7%95%D7%AA/', NULL),
(10, '2023-02-22 13:43:30', 0, 52, '127.0.0.1', 47, 52, NULL, NULL, 2, 29, 4, 0, 0, NULL, 6, NULL, 'קובי בודק', '234', '', '', 'http://love.com/%D7%94%D7%95%D7%91%D7%9C%D7%95%D7%AA/', NULL),
(11, '2023-02-22 13:44:16', 0, 52, '127.0.0.1', 47, 52, NULL, NULL, 2, 29, 4, 0, 0, NULL, 6, NULL, 'קובי בודק', '23434', '', '', 'http://love.com/%D7%94%D7%95%D7%91%D7%9C%D7%95%D7%AA/', NULL),
(12, '2023-02-22 13:50:39', 0, 52, '127.0.0.1', 47, 52, NULL, NULL, 2, 29, 4, 0, 0, NULL, 6, NULL, 'קובי בודק', '0542393397', '324232 32', '', 'http://love.com/%D7%94%D7%95%D7%91%D7%9C%D7%95%D7%AA/', NULL),
(13, '2023-02-23 15:49:47', 0, 52, '127.0.0.1', 47, 52, NULL, NULL, 2, 29, 4, 0, 0, 9, 6, NULL, 'קובי בודק', '098765431', 'בודק בודק', '', 'http://love.com/%D7%94%D7%95%D7%91%D7%9C%D7%95%D7%AA/?banner_id=9', NULL),
(14, '2023-02-28 12:37:49', 0, 53, '127.0.0.1', 47, 51, 53, NULL, 2, 27, 14, 0, 0, NULL, 6, NULL, 'קובי בודק', '0542099433', '', '', 'http://love.com/dfsd/gggg/', NULL),
(15, '2023-03-05 16:07:50', 0, 53, '127.0.0.1', 47, 51, 53, NULL, 2, 29, 4, 0, 0, NULL, 6, NULL, 'קובי בודק', '0542099433', '', '', 'http://love.com/%D7%94%D7%95%D7%91%D7%9C%D7%95%D7%AA/', NULL),
(16, '2023-03-05 16:14:07', 0, 53, '127.0.0.1', 47, 51, 53, NULL, 2, 29, 4, 0, 0, NULL, 6, NULL, 'קובי בודק', '0542099433', '', '', 'http://love.com/%D7%94%D7%95%D7%91%D7%9C%D7%95%D7%AA/', NULL),
(17, '2023-03-05 16:21:41', 0, 53, '127.0.0.1', 47, 51, 53, NULL, 2, 29, 4, 0, 0, NULL, 6, NULL, 'קובי בודק', '0542099433', '', '', 'http://love.com/%D7%94%D7%95%D7%91%D7%9C%D7%95%D7%AA/', NULL),
(18, '2023-03-05 16:24:17', 0, 53, '127.0.0.1', 47, 51, 53, NULL, 2, 29, 4, 0, 0, NULL, 6, NULL, 'קובי בודק', '0542099433', '', '', 'http://love.com/%D7%94%D7%95%D7%91%D7%9C%D7%95%D7%AA/', NULL),
(19, '2023-03-05 16:25:53', 0, 53, '127.0.0.1', 47, 51, 53, NULL, 2, 29, 4, 0, 0, NULL, 6, NULL, 'קובי בודק', '0542099433', '', '', 'http://love.com/%D7%94%D7%95%D7%91%D7%9C%D7%95%D7%AA/', NULL),
(20, '2023-03-05 16:26:25', 0, 53, '127.0.0.1', 47, 51, 53, NULL, 2, 29, 4, 0, 0, NULL, 6, NULL, 'קובי בודק', '0542099433', '', '', 'http://love.com/%D7%94%D7%95%D7%91%D7%9C%D7%95%D7%AA/', NULL),
(21, '2023-03-05 16:29:26', 0, 53, '127.0.0.1', 47, 51, 53, NULL, 2, 29, 4, 0, 0, NULL, 6, NULL, 'קובי בודק', '0542099433', '', '', 'http://love.com/%D7%94%D7%95%D7%91%D7%9C%D7%95%D7%AA/', NULL),
(22, '2023-03-05 16:30:17', 0, 53, '127.0.0.1', 47, 51, 53, NULL, 2, 29, 4, 0, 0, NULL, 6, NULL, 'קובי בודק', '0542099433', '', '', 'http://love.com/%D7%94%D7%95%D7%91%D7%9C%D7%95%D7%AA/', NULL),
(23, '2023-03-05 16:31:17', 0, 53, '127.0.0.1', 47, 51, 53, NULL, 2, 29, 4, 0, 0, NULL, 6, NULL, 'קובי בודק', '0542099433', '', '', 'http://love.com/%D7%94%D7%95%D7%91%D7%9C%D7%95%D7%AA/', NULL),
(24, '2023-03-05 16:32:51', 0, 53, '127.0.0.1', 47, 51, 53, NULL, 2, 29, 4, 0, 0, NULL, 6, NULL, 'קובי בודק', '0542099433', '', '', 'http://love.com/%D7%94%D7%95%D7%91%D7%9C%D7%95%D7%AA/', NULL),
(25, '2023-03-05 16:33:04', 0, 53, '127.0.0.1', 47, 51, 53, NULL, 2, 29, 4, 0, 0, NULL, 6, NULL, 'קובי בודק', '0542099433', '', '', 'http://love.com/%D7%94%D7%95%D7%91%D7%9C%D7%95%D7%AA/', NULL),
(26, '2023-03-05 16:33:29', 0, 53, '127.0.0.1', 47, 51, 53, NULL, 2, 29, 4, 0, 0, NULL, 6, NULL, 'קובי בודק', '0542099433', '', '', 'http://love.com/%D7%94%D7%95%D7%91%D7%9C%D7%95%D7%AA/', NULL),
(27, '2023-03-05 16:34:45', 0, 53, '127.0.0.1', 47, 51, 53, NULL, 2, 29, 4, 0, 0, NULL, 6, NULL, 'קובי בודק', '0542099433', '', '', 'http://love.com/%D7%94%D7%95%D7%91%D7%9C%D7%95%D7%AA/', NULL),
(28, '2023-03-05 16:35:42', 0, 53, '127.0.0.1', 47, 51, 53, NULL, 2, 29, 4, 0, 0, NULL, 6, NULL, 'קובי בודק', '0542099433', '', '', 'http://love.com/%D7%94%D7%95%D7%91%D7%9C%D7%95%D7%AA/', NULL),
(29, '2023-03-05 16:36:15', 0, 53, '127.0.0.1', 47, 51, 53, NULL, 2, 29, 4, 0, 0, NULL, 3, NULL, 'קובי בודק', '0542099433', '', '', 'http://love.com/%D7%94%D7%95%D7%91%D7%9C%D7%95%D7%AA/', NULL),
(30, '2023-03-05 16:37:08', 0, 53, '127.0.0.1', 47, 51, 53, NULL, 2, 29, 4, 0, 0, NULL, 3, NULL, 'קובי בודק', '0542099433', '', '', 'http://love.com/%D7%94%D7%95%D7%91%D7%9C%D7%95%D7%AA/', NULL),
(31, '2023-03-05 16:37:12', 0, 53, '127.0.0.1', 47, 51, 53, NULL, 2, 29, 4, 0, 0, NULL, 3, NULL, 'קובי בודק', '0542099433', '', '', 'http://love.com/%D7%94%D7%95%D7%91%D7%9C%D7%95%D7%AA/', NULL),
(32, '2023-03-05 16:44:36', 0, 53, '127.0.0.1', 47, 51, 53, NULL, 2, 29, 4, 0, 0, NULL, 3, NULL, 'קובי בודק', '0542099433', 'dd', '', 'http://love.com/%D7%94%D7%95%D7%91%D7%9C%D7%95%D7%AA/', NULL),
(33, '2023-03-05 16:45:48', 0, 53, '127.0.0.1', 47, 51, 53, NULL, 2, 29, 4, 0, 0, NULL, 3, NULL, 'קובי בודק', '0542099433', 'dd', '', 'http://love.com/%D7%94%D7%95%D7%91%D7%9C%D7%95%D7%AA/', NULL),
(34, '2023-03-05 16:46:09', 0, 53, '127.0.0.1', 47, 51, 53, NULL, 2, 29, 4, 0, 0, NULL, 3, NULL, 'קובי בודק', '0542099433', 'dd', '', 'http://love.com/%D7%94%D7%95%D7%91%D7%9C%D7%95%D7%AA/', NULL),
(35, '2023-03-05 16:47:59', 0, 53, '127.0.0.1', 47, 51, 53, NULL, 2, 29, 4, 0, 0, NULL, 3, NULL, 'קובי בודק', '0542099433', 'dd', '', 'http://love.com/%D7%94%D7%95%D7%91%D7%9C%D7%95%D7%AA/', NULL),
(36, '2023-03-05 16:48:38', 0, 53, '127.0.0.1', 47, 51, 53, NULL, 2, 29, 4, 0, 0, NULL, 3, NULL, 'קובי בודק', '0542099433', 'dd', '', 'http://love.com/%D7%94%D7%95%D7%91%D7%9C%D7%95%D7%AA/', NULL),
(37, '2023-03-05 16:49:09', 0, 53, '127.0.0.1', 47, 51, 53, NULL, 2, 29, 4, 0, 0, NULL, 3, NULL, 'קובי בודק', '0542099433', 'dd', '', 'http://love.com/%D7%94%D7%95%D7%91%D7%9C%D7%95%D7%AA/', NULL),
(38, '2023-03-05 16:57:45', 0, 53, '127.0.0.1', 47, 51, 53, NULL, 2, 29, 4, 0, 0, NULL, 3, NULL, 'קובי בודק', '0542099433', 'dd', '', 'http://love.com/%D7%94%D7%95%D7%91%D7%9C%D7%95%D7%AA/', NULL),
(39, '2023-03-05 17:00:45', 0, 53, '127.0.0.1', 47, 51, 53, NULL, 2, 29, 4, 0, 0, NULL, 3, NULL, 'קובי בודק', '0542099433', 'dd', '', 'http://love.com/%D7%94%D7%95%D7%91%D7%9C%D7%95%D7%AA/', NULL),
(40, '2023-03-05 17:01:30', 0, 53, '127.0.0.1', 47, 51, 53, NULL, 2, 29, 4, 0, 0, NULL, 3, NULL, 'קובי בודק', '0542099433', 'dd', '', 'http://love.com/%D7%94%D7%95%D7%91%D7%9C%D7%95%D7%AA/', NULL),
(41, '2023-03-06 14:08:48', 0, 57, '127.0.0.1', 47, 51, 57, NULL, NULL, 9, NULL, 0, 0, NULL, 3, NULL, 'קובי בודק696', '054232323696', 'סתם פתק', '', '', NULL),
(42, '2023-03-06 14:08:53', 0, 54, '127.0.0.1', 48, 54, NULL, NULL, NULL, 9, NULL, 0, 0, NULL, 3, NULL, 'קובי בודק998', '054232323998', 'סתם פתק', '', '', NULL),
(43, '2023-03-06 14:08:53', 0, 58, '127.0.0.1', 47, 51, 58, NULL, NULL, 9, NULL, 0, 0, NULL, 3, NULL, 'קובי בודק506', '054232323506', 'סתם פתק', '', '', NULL),
(44, '2023-03-06 14:08:54', 0, 56, '127.0.0.1', 50, 56, NULL, NULL, NULL, 9, NULL, 0, 0, NULL, 1, NULL, 'קובי בודק179', '054232323179', 'סתם פתק', '', '', NULL),
(45, '2023-03-06 14:08:54', 0, 55, '127.0.0.1', 49, 55, NULL, NULL, NULL, 9, NULL, 0, 0, NULL, 1, NULL, 'קובי בודק832', '054232323832', 'סתם פתק', '', '', NULL),
(46, '2023-03-06 14:08:54', 0, 54, '127.0.0.1', 48, 54, NULL, NULL, NULL, 9, NULL, 0, 0, NULL, 3, NULL, 'קובי בודק730', '054232323730', 'סתם פתק', '', '', NULL),
(47, '2023-03-06 14:08:55', 0, 56, '127.0.0.1', 50, 56, NULL, NULL, NULL, 9, NULL, 0, 0, NULL, 1, NULL, 'קובי בודק181', '054232323181', 'סתם פתק', '', '', NULL),
(48, '2023-03-06 14:08:55', 0, 58, '127.0.0.1', 47, 51, 58, NULL, NULL, 9, NULL, 0, 0, NULL, 3, NULL, 'קובי בודק378', '054232323378', 'סתם פתק', '', '', NULL),
(49, '2023-03-06 14:08:56', 0, 52, '127.0.0.1', 47, 52, NULL, NULL, NULL, 9, NULL, 0, 0, NULL, 3, NULL, 'קובי בודק850', '054232323850', 'סתם פתק', '', '', NULL),
(50, '2023-03-06 14:08:56', 0, 53, '127.0.0.1', 47, 51, 53, NULL, NULL, 9, NULL, 0, 0, NULL, 3, NULL, 'קובי בודק107', '054232323107', 'סתם פתק', '', '', NULL),
(51, '2023-03-06 14:08:56', 0, 57, '127.0.0.1', 47, 51, 57, NULL, NULL, 9, NULL, 0, 0, NULL, 3, NULL, 'קובי בודק198', '054232323198', 'סתם פתק', '', '', NULL),
(52, '2023-03-06 14:08:57', 0, 58, '127.0.0.1', 47, 51, 58, NULL, NULL, 9, NULL, 0, 0, NULL, 3, NULL, 'קובי בודק130', '054232323130', 'סתם פתק', '', '', NULL),
(53, '2023-03-06 14:08:57', 0, 54, '127.0.0.1', 48, 54, NULL, NULL, NULL, 9, NULL, 0, 0, NULL, 3, NULL, 'קובי בודק385', '054232323385', 'סתם פתק', '', '', NULL),
(54, '2023-03-06 14:08:58', 0, 52, '127.0.0.1', 47, 52, NULL, NULL, NULL, 9, NULL, 0, 0, NULL, 3, NULL, 'קובי בודק491', '054232323491', 'סתם פתק', '', '', NULL),
(55, '2023-03-06 14:08:58', 0, 54, '127.0.0.1', 48, 54, NULL, NULL, NULL, 9, NULL, 0, 0, NULL, 3, NULL, 'קובי בודק311', '054232323311', 'סתם פתק', '', '', NULL),
(56, '2023-03-06 14:08:59', 0, 53, '127.0.0.1', 47, 51, 53, NULL, NULL, 9, NULL, 0, 0, NULL, 3, NULL, 'קובי בודק108', '054232323108', 'סתם פתק', '', '', NULL),
(57, '2023-03-06 14:08:59', 0, 54, '127.0.0.1', 48, 54, NULL, NULL, NULL, 9, NULL, 0, 0, NULL, 3, NULL, 'קובי בודק139', '054232323139', 'סתם פתק', '', '', NULL),
(58, '2023-03-06 14:08:59', 0, 56, '127.0.0.1', 50, 56, NULL, NULL, NULL, 9, NULL, 0, 0, NULL, 1, NULL, 'קובי בודק395', '054232323395', 'סתם פתק', '', '', NULL),
(59, '2023-03-06 14:09:44', 0, 57, '127.0.0.1', 47, 51, 57, NULL, NULL, 9, NULL, 0, 0, NULL, 3, NULL, 'קובי בודק581', '054232323581', 'סתם פתק', '', '', NULL),
(60, '2023-03-06 14:09:45', 0, 57, '127.0.0.1', 47, 51, 57, NULL, NULL, 9, NULL, 0, 0, NULL, 3, NULL, 'קובי בודק202', '054232323202', 'סתם פתק', '', '', NULL),
(61, '2023-03-06 14:09:46', 0, 55, '127.0.0.1', 49, 55, NULL, NULL, NULL, 9, NULL, 0, 0, NULL, 1, NULL, 'קובי בודק162', '054232323162', 'סתם פתק', '', '', NULL),
(62, '2023-03-06 14:09:46', 0, 53, '127.0.0.1', 47, 51, 53, NULL, NULL, 9, NULL, 0, 0, NULL, 3, NULL, 'קובי בודק503', '054232323503', 'סתם פתק', '', '', NULL),
(63, '2023-03-06 14:09:46', 0, 54, '127.0.0.1', 48, 54, NULL, NULL, NULL, 9, NULL, 0, 0, NULL, 3, NULL, 'קובי בודק735', '054232323735', 'סתם פתק', '', '', NULL),
(64, '2023-03-06 14:09:47', 0, 58, '127.0.0.1', 47, 51, 58, NULL, NULL, 9, NULL, 0, 0, NULL, 3, NULL, 'קובי בודק387', '054232323387', 'סתם פתק', '', '', NULL),
(65, '2023-03-06 14:09:47', 0, 56, '127.0.0.1', 50, 56, NULL, NULL, NULL, 9, NULL, 0, 0, NULL, 1, NULL, 'קובי בודק636', '054232323636', 'סתם פתק', '', '', NULL),
(66, '2023-03-06 14:09:48', 0, 55, '127.0.0.1', 49, 55, NULL, NULL, NULL, 9, NULL, 0, 0, NULL, 1, NULL, 'קובי בודק452', '054232323452', 'סתם פתק', '', '', NULL),
(67, '2023-03-06 14:09:48', 0, 55, '127.0.0.1', 49, 55, NULL, NULL, NULL, 9, NULL, 0, 0, NULL, 1, NULL, 'קובי בודק659', '054232323659', 'סתם פתק', '', '', NULL),
(68, '2023-03-06 14:09:49', 0, 57, '127.0.0.1', 47, 51, 57, NULL, NULL, 9, NULL, 0, 0, NULL, 3, NULL, 'קובי בודק574', '054232323574', 'סתם פתק', '', '', NULL),
(69, '2023-03-06 14:09:49', 0, 56, '127.0.0.1', 50, 56, NULL, NULL, NULL, 9, NULL, 0, 0, NULL, 1, NULL, 'קובי בודק431', '054232323431', 'סתם פתק', '', '', NULL),
(70, '2023-03-06 14:09:49', 0, 58, '127.0.0.1', 47, 51, 58, NULL, NULL, 9, NULL, 0, 0, NULL, 3, NULL, 'קובי בודק519', '054232323519', 'סתם פתק', '', '', NULL),
(71, '2023-03-06 14:09:50', 0, 52, '127.0.0.1', 47, 52, NULL, NULL, NULL, 9, NULL, 0, 0, NULL, 3, NULL, 'קובי בודק140', '054232323140', 'סתם פתק', '', '', NULL),
(72, '2023-03-06 14:09:50', 0, 54, '127.0.0.1', 48, 54, NULL, NULL, NULL, 9, NULL, 0, 0, NULL, 3, NULL, 'קובי בודק274', '054232323274', 'סתם פתק', '', '', NULL),
(73, '2023-03-06 14:09:50', 0, 56, '127.0.0.1', 50, 56, NULL, NULL, NULL, 9, NULL, 0, 0, NULL, 1, NULL, 'קובי בודק842', '054232323842', 'סתם פתק', '', '', NULL),
(74, '2023-03-06 14:09:51', 0, 52, '127.0.0.1', 47, 52, NULL, NULL, NULL, 9, NULL, 0, 0, NULL, 3, NULL, 'קובי בודק890', '054232323890', 'סתם פתק', '', '', NULL),
(75, '2023-03-06 14:09:51', 0, 56, '127.0.0.1', 50, 56, NULL, NULL, NULL, 9, NULL, 0, 0, NULL, 1, NULL, 'קובי בודק327', '054232323327', 'סתם פתק', '', '', NULL),
(76, '2023-03-06 14:09:51', 0, 54, '127.0.0.1', 48, 54, NULL, NULL, NULL, 9, NULL, 0, 0, NULL, 3, NULL, 'קובי בודק380', '054232323380', 'סתם פתק', '', '', NULL),
(77, '2023-03-06 14:09:52', 0, 54, '127.0.0.1', 48, 54, NULL, NULL, NULL, 9, NULL, 0, 0, NULL, 3, NULL, 'קובי בודק606', '054232323606', 'סתם פתק', '', '', NULL),
(78, '2023-03-06 14:09:52', 0, 54, '127.0.0.1', 48, 54, NULL, NULL, NULL, 9, NULL, 0, 0, NULL, 3, NULL, 'קובי בודק251', '054232323251', 'סתם פתק', '', '', NULL),
(79, '2023-03-06 14:09:53', 0, 53, '127.0.0.1', 47, 51, 53, NULL, NULL, 9, NULL, 0, 0, NULL, 3, NULL, 'קובי בודק608', '054232323608', 'סתם פתק', '', '', NULL),
(80, '2023-03-06 14:09:54', 0, 52, '127.0.0.1', 47, 52, NULL, NULL, NULL, 9, NULL, 0, 0, NULL, 3, NULL, 'קובי בודק144', '054232323144', 'סתם פתק', '', '', NULL),
(81, '2023-03-06 14:09:55', 0, 53, '127.0.0.1', 47, 51, 53, NULL, NULL, 9, NULL, 0, 0, NULL, 3, NULL, 'קובי בודק262', '054232323262', 'סתם פתק', '', '', NULL),
(82, '2023-03-06 14:09:55', 0, 55, '127.0.0.1', 49, 55, NULL, NULL, NULL, 9, NULL, 0, 0, NULL, 1, NULL, 'קובי בודק436', '054232323436', 'סתם פתק', '', '', NULL),
(83, '2023-03-06 14:09:56', 0, 55, '127.0.0.1', 49, 55, NULL, NULL, NULL, 9, NULL, 0, 0, NULL, 1, NULL, 'קובי בודק670', '054232323670', 'סתם פתק', '', '', NULL),
(84, '2023-03-06 14:09:56', 0, 52, '127.0.0.1', 47, 52, NULL, NULL, NULL, 9, NULL, 0, 0, NULL, 3, NULL, 'קובי בודק532', '054232323532', 'סתם פתק', '', '', NULL),
(85, '2023-03-06 14:09:57', 0, 58, '127.0.0.1', 47, 51, 58, NULL, NULL, 9, NULL, 0, 0, NULL, 3, NULL, 'קובי בודק338', '054232323338', 'סתם פתק', '', '', NULL),
(86, '2023-03-06 14:09:58', 0, 56, '127.0.0.1', 50, 56, NULL, NULL, NULL, 9, NULL, 0, 0, NULL, 1, NULL, 'קובי בודק610', '054232323610', 'סתם פתק', '', '', NULL),
(87, '2023-03-06 14:09:58', 0, 53, '127.0.0.1', 47, 51, 53, NULL, NULL, 9, NULL, 0, 0, NULL, 3, NULL, 'קובי בודק458', '054232323458', 'סתם פתק', '', '', NULL),
(88, '2023-03-06 14:09:59', 0, 55, '127.0.0.1', 49, 55, NULL, NULL, NULL, 9, NULL, 0, 0, NULL, 1, NULL, 'קובי בודק546', '054232323546', 'סתם פתק', '', '', NULL),
(89, '2023-03-06 14:09:59', 0, 58, '127.0.0.1', 47, 51, 58, NULL, NULL, 9, NULL, 0, 0, NULL, 3, NULL, 'קובי בודק314', '054232323314', 'סתם פתק', '', '', NULL),
(90, '2023-03-06 14:10:00', 0, 53, '127.0.0.1', 47, 51, 53, NULL, NULL, 9, NULL, 0, 0, NULL, 3, NULL, 'קובי בודק739', '054232323739', 'סתם פתק', '', '', NULL),
(91, '2023-03-06 14:10:00', 0, 58, '127.0.0.1', 47, 51, 58, NULL, NULL, 9, NULL, 0, 0, NULL, 3, NULL, 'קובי בודק345', '054232323345', 'סתם פתק', '', '', NULL),
(92, '2023-03-06 14:10:01', 0, 54, '127.0.0.1', 48, 54, NULL, NULL, NULL, 9, NULL, 0, 0, NULL, 3, NULL, 'קובי בודק203', '054232323203', 'סתם פתק', '', '', NULL),
(93, '2023-03-06 14:10:01', 0, 56, '127.0.0.1', 50, 56, NULL, NULL, NULL, 9, NULL, 0, 0, NULL, 1, NULL, 'קובי בודק235', '054232323235', 'סתם פתק', '', '', NULL),
(94, '2023-03-06 14:10:02', 0, 58, '127.0.0.1', 47, 51, 58, NULL, NULL, 9, NULL, 0, 0, NULL, 3, NULL, 'קובי בודק318', '054232323318', 'סתם פתק', '', '', NULL),
(95, '2023-03-06 14:10:02', 0, 58, '127.0.0.1', 47, 51, 58, NULL, NULL, 9, NULL, 0, 0, NULL, 3, NULL, 'קובי בודק275', '054232323275', 'סתם פתק', '', '', NULL),
(96, '2023-03-06 14:10:03', 0, 54, '127.0.0.1', 48, 54, NULL, NULL, NULL, 9, NULL, 0, 0, NULL, 3, NULL, 'קובי בודק168', '054232323168', 'סתם פתק', '', '', NULL),
(97, '2023-03-06 14:10:03', 0, 57, '127.0.0.1', 47, 51, 57, NULL, NULL, 9, NULL, 0, 0, NULL, 3, NULL, 'קובי בודק303', '054232323303', 'סתם פתק', '', '', NULL),
(98, '2023-03-06 14:10:04', 0, 52, '127.0.0.1', 47, 52, NULL, NULL, NULL, 9, NULL, 0, 0, NULL, 3, NULL, 'קובי בודק729', '054232323729', 'סתם פתק', '', '', NULL),
(99, '2023-03-06 14:10:04', 0, 54, '127.0.0.1', 48, 54, NULL, NULL, NULL, 9, NULL, 0, 0, NULL, 3, NULL, 'קובי בודק145', '054232323145', 'סתם פתק', '', '', NULL),
(100, '2023-03-06 14:10:05', 0, 55, '127.0.0.1', 49, 55, NULL, NULL, NULL, 9, NULL, 0, 0, NULL, 1, NULL, 'קובי בודק511', '054232323511', 'סתם פתק', '', '', NULL),
(101, '2023-03-06 14:10:05', 0, 57, '127.0.0.1', 47, 51, 57, NULL, NULL, 9, NULL, 0, 0, NULL, 3, NULL, 'קובי בודק416', '054232323416', 'סתם פתק', '', '', NULL),
(102, '2023-03-06 14:10:05', 0, 53, '127.0.0.1', 47, 51, 53, NULL, NULL, 9, NULL, 0, 0, NULL, 3, NULL, 'קובי בודק884', '054232323884', 'סתם פתק', '', '', NULL),
(103, '2023-03-06 14:10:06', 0, 52, '127.0.0.1', 47, 52, NULL, NULL, NULL, 9, NULL, 0, 0, NULL, 3, NULL, 'קובי בודק239', '054232323239', 'סתם פתק', '', '', NULL),
(104, '2023-03-06 14:10:07', 0, 52, '127.0.0.1', 47, 52, NULL, NULL, NULL, 9, NULL, 0, 0, NULL, 3, NULL, 'קובי בודק119', '054232323119', 'סתם פתק', '', '', NULL),
(105, '2023-03-06 14:10:07', 0, 56, '127.0.0.1', 50, 56, NULL, NULL, NULL, 9, NULL, 0, 0, NULL, 1, NULL, 'קובי בודק485', '054232323485', 'סתם פתק', '', '', NULL),
(106, '2023-03-06 14:10:08', 0, 54, '127.0.0.1', 48, 54, NULL, NULL, NULL, 9, NULL, 0, 0, NULL, 3, NULL, 'קובי בודק942', '054232323942', 'סתם פתק', '', '', NULL),
(107, '2023-03-06 14:10:08', 0, 55, '127.0.0.1', 49, 55, NULL, NULL, NULL, 9, NULL, 0, 0, NULL, 1, NULL, 'קובי בודק342', '054232323342', 'סתם פתק', '', '', NULL),
(108, '2023-03-06 14:10:09', 0, 57, '127.0.0.1', 47, 51, 57, NULL, NULL, 9, NULL, 0, 0, NULL, 3, NULL, 'קובי בודק871', '054232323871', 'סתם פתק', '', '', NULL),
(109, '2023-03-06 14:10:09', 0, 52, '127.0.0.1', 47, 52, NULL, NULL, NULL, 9, NULL, 0, 0, NULL, 3, NULL, 'קובי בודק497', '054232323497', 'סתם פתק', '', '', NULL),
(110, '2023-03-06 14:10:09', 0, 57, '127.0.0.1', 47, 51, 57, NULL, NULL, 9, NULL, 0, 0, NULL, 3, NULL, 'קובי בודק736', '054232323736', 'סתם פתק', '', '', NULL),
(111, '2023-03-06 14:10:10', 0, 57, '127.0.0.1', 47, 51, 57, NULL, NULL, 9, NULL, 0, 0, NULL, 3, NULL, 'קובי בודק106', '054232323106', 'סתם פתק', '', '', NULL),
(112, '2023-03-06 14:10:10', 0, 52, '127.0.0.1', 47, 52, NULL, NULL, NULL, 9, NULL, 0, 0, NULL, 3, NULL, 'קובי בודק778', '054232323778', 'סתם פתק', '', '', NULL),
(113, '2023-03-06 14:10:11', 0, 56, '127.0.0.1', 50, 56, NULL, NULL, NULL, 9, NULL, 0, 0, NULL, 1, NULL, 'קובי בודק152', '054232323152', 'סתם פתק', '', '', NULL),
(114, '2023-03-06 14:10:11', 0, 58, '127.0.0.1', 47, 51, 58, NULL, NULL, 9, NULL, 0, 0, NULL, 3, NULL, 'קובי בודק136', '054232323136', 'סתם פתק', '', '', NULL),
(115, '2023-03-06 14:10:12', 0, 57, '127.0.0.1', 47, 51, 57, NULL, NULL, 9, NULL, 0, 0, NULL, 3, NULL, 'קובי בודק152', '054232323152', 'סתם פתק', '', '', NULL),
(116, '2023-03-06 14:10:12', 0, 53, '127.0.0.1', 47, 51, 53, NULL, NULL, 9, NULL, 0, 0, NULL, 3, NULL, 'קובי בודק611', '054232323611', 'סתם פתק', '', '', NULL),
(117, '2023-03-06 14:10:13', 0, 56, '127.0.0.1', 50, 56, NULL, NULL, NULL, 9, NULL, 0, 0, NULL, 1, NULL, 'קובי בודק572', '054232323572', 'סתם פתק', '', '', NULL),
(118, '2023-03-06 14:10:13', 0, 53, '127.0.0.1', 47, 51, 53, NULL, NULL, 9, NULL, 0, 0, NULL, 3, NULL, 'קובי בודק130', '054232323130', 'סתם פתק', '', '', NULL),
(119, '2023-03-06 14:10:14', 0, 53, '127.0.0.1', 47, 51, 53, NULL, NULL, 9, NULL, 0, 0, NULL, 3, NULL, 'קובי בודק764', '054232323764', 'סתם פתק', '', '', NULL),
(120, '2023-03-06 14:10:14', 0, 55, '127.0.0.1', 49, 55, NULL, NULL, NULL, 9, NULL, 0, 0, NULL, 1, NULL, 'קובי בודק669', '054232323669', 'סתם פתק', '', '', NULL),
(121, '2023-03-06 14:10:15', 0, 54, '127.0.0.1', 48, 54, NULL, NULL, NULL, 9, NULL, 0, 0, NULL, 3, NULL, 'קובי בודק631', '054232323631', 'סתם פתק', '', '', NULL),
(122, '2023-03-06 14:10:15', 0, 57, '127.0.0.1', 47, 51, 57, NULL, NULL, 9, NULL, 0, 0, NULL, 3, NULL, 'קובי בודק924', '054232323924', 'סתם פתק', '', '', NULL),
(123, '2023-03-06 14:10:16', 0, 53, '127.0.0.1', 47, 51, 53, NULL, NULL, 9, NULL, 0, 0, NULL, 3, NULL, 'קובי בודק762', '054232323762', 'סתם פתק', '', '', NULL),
(124, '2023-03-06 14:10:17', 0, 57, '127.0.0.1', 47, 51, 57, NULL, NULL, 9, NULL, 0, 0, NULL, 3, NULL, 'קובי בודק151', '054232323151', 'סתם פתק', '', '', NULL),
(125, '2023-03-06 14:10:18', 0, 58, '127.0.0.1', 47, 51, 58, NULL, NULL, 9, NULL, 0, 0, NULL, 3, NULL, 'קובי בודק652', '054232323652', 'סתם פתק', '', '', NULL),
(126, '2023-03-06 14:10:18', 0, 55, '127.0.0.1', 49, 55, NULL, NULL, NULL, 9, NULL, 0, 0, NULL, 1, NULL, 'קובי בודק204', '054232323204', 'סתם פתק', '', '', NULL),
(127, '2023-03-06 14:10:19', 0, 54, '127.0.0.1', 48, 54, NULL, NULL, NULL, 9, NULL, 0, 0, NULL, 3, NULL, 'קובי בודק370', '054232323370', 'סתם פתק', '', '', NULL),
(128, '2023-03-06 14:10:19', 0, 58, '127.0.0.1', 47, 51, 58, NULL, NULL, 9, NULL, 0, 0, NULL, 3, NULL, 'קובי בודק719', '054232323719', 'סתם פתק', '', '', NULL),
(129, '2023-03-06 14:10:20', 0, 58, '127.0.0.1', 47, 51, 58, NULL, NULL, 9, NULL, 0, 0, NULL, 3, NULL, 'קובי בודק423', '054232323423', 'סתם פתק', '', '', NULL),
(130, '2023-03-06 14:10:20', 0, 58, '127.0.0.1', 47, 51, 58, NULL, NULL, 9, NULL, 0, 0, NULL, 3, NULL, 'קובי בודק359', '054232323359', 'סתם פתק', '', '', NULL),
(131, '2023-03-06 14:10:20', 0, 55, '127.0.0.1', 49, 55, NULL, NULL, NULL, 9, NULL, 0, 0, NULL, 1, NULL, 'קובי בודק827', '054232323827', 'סתם פתק', '', '', NULL),
(132, '2023-03-06 14:10:21', 0, 52, '127.0.0.1', 47, 52, NULL, NULL, NULL, 9, NULL, 0, 0, NULL, 3, NULL, 'קובי בודק175', '054232323175', 'סתם פתק', '', '', NULL),
(133, '2023-03-06 14:10:21', 0, 52, '127.0.0.1', 47, 52, NULL, NULL, NULL, 9, NULL, 0, 0, NULL, 3, NULL, 'קובי בודק177', '054232323177', 'סתם פתק', '', '', NULL),
(134, '2023-03-06 14:10:22', 0, 54, '127.0.0.1', 48, 54, NULL, NULL, NULL, 9, NULL, 0, 0, NULL, 3, NULL, 'קובי בודק721', '054232323721', 'סתם פתק', '', '', NULL),
(135, '2023-03-06 14:10:22', 0, 55, '127.0.0.1', 49, 55, NULL, NULL, NULL, 9, NULL, 0, 0, NULL, 1, NULL, 'קובי בודק202', '054232323202', 'סתם פתק', '', '', NULL),
(136, '2023-03-06 14:10:23', 0, 54, '127.0.0.1', 48, 54, NULL, NULL, NULL, 9, NULL, 0, 0, NULL, 3, NULL, 'קובי בודק146', '054232323146', 'סתם פתק', '', '', NULL),
(137, '2023-03-06 14:10:23', 0, 54, '127.0.0.1', 48, 54, NULL, NULL, NULL, 9, NULL, 0, 0, NULL, 3, NULL, 'קובי בודק959', '054232323959', 'סתם פתק', '', '', NULL),
(138, '2023-03-06 14:10:24', 0, 56, '127.0.0.1', 50, 56, NULL, NULL, NULL, 9, NULL, 0, 0, NULL, 1, NULL, 'קובי בודק892', '054232323892', 'סתם פתק', '', '', NULL),
(139, '2023-03-06 14:10:24', 0, 55, '127.0.0.1', 49, 55, NULL, NULL, NULL, 9, NULL, 0, 0, NULL, 1, NULL, 'קובי בודק263', '054232323263', 'סתם פתק', '', '', NULL),
(140, '2023-03-06 14:10:24', 0, 53, '127.0.0.1', 47, 51, 53, NULL, NULL, 9, NULL, 0, 0, NULL, 3, NULL, 'קובי בודק371', '054232323371', 'סתם פתק', '', '', NULL),
(141, '2023-03-06 14:10:25', 0, 56, '127.0.0.1', 50, 56, NULL, NULL, NULL, 9, NULL, 0, 0, NULL, 1, NULL, 'קובי בודק143', '054232323143', 'סתם פתק', '', '', NULL),
(142, '2023-03-06 14:10:25', 0, 56, '127.0.0.1', 50, 56, NULL, NULL, NULL, 9, NULL, 0, 0, NULL, 1, NULL, 'קובי בודק464', '054232323464', 'סתם פתק', '', '', NULL),
(143, '2023-03-06 14:10:26', 0, 56, '127.0.0.1', 50, 56, NULL, NULL, NULL, 9, NULL, 0, 0, NULL, 1, NULL, 'קובי בודק271', '054232323271', 'סתם פתק', '', '', NULL),
(144, '2023-03-06 14:10:26', 0, 58, '127.0.0.1', 47, 51, 58, NULL, NULL, 9, NULL, 0, 0, NULL, 3, NULL, 'קובי בודק878', '054232323878', 'סתם פתק', '', '', NULL),
(145, '2023-03-06 14:10:27', 0, 54, '127.0.0.1', 48, 54, NULL, NULL, NULL, 9, NULL, 0, 0, NULL, 3, NULL, 'קובי בודק262', '054232323262', 'סתם פתק', '', '', NULL),
(146, '2023-03-06 14:10:27', 0, 52, '127.0.0.1', 47, 52, NULL, NULL, NULL, 9, NULL, 0, 0, NULL, 3, NULL, 'קובי בודק865', '054232323865', 'סתם פתק', '', '', NULL),
(147, '2023-03-06 14:10:28', 0, 54, '127.0.0.1', 48, 54, NULL, NULL, NULL, 9, NULL, 0, 0, NULL, 3, NULL, 'קובי בודק935', '054232323935', 'סתם פתק', '', '', NULL),
(148, '2023-03-06 14:10:29', 0, 54, '127.0.0.1', 48, 54, NULL, NULL, NULL, 9, NULL, 0, 0, NULL, 3, NULL, 'קובי בודק409', '054232323409', 'סתם פתק', '', '', NULL),
(149, '2023-03-06 14:10:29', 0, 58, '127.0.0.1', 47, 51, 58, NULL, NULL, 9, NULL, 0, 0, NULL, 3, NULL, 'קובי בודק357', '054232323357', 'סתם פתק', '', '', NULL),
(150, '2023-03-06 14:10:30', 0, 53, '127.0.0.1', 47, 51, 53, NULL, NULL, 9, NULL, 0, 0, NULL, 3, NULL, 'קובי בודק548', '054232323548', 'סתם פתק', '', '', NULL),
(151, '2023-03-06 14:10:30', 0, 54, '127.0.0.1', 48, 54, NULL, NULL, NULL, 9, NULL, 0, 0, NULL, 3, NULL, 'קובי בודק635', '054232323635', 'סתם פתק', '', '', NULL),
(152, '2023-03-06 14:10:30', 0, 55, '127.0.0.1', 49, 55, NULL, NULL, NULL, 9, NULL, 0, 0, NULL, 1, NULL, 'קובי בודק215', '054232323215', 'סתם פתק', '', '', NULL),
(153, '2023-03-06 14:10:31', 0, 52, '127.0.0.1', 47, 52, NULL, NULL, NULL, 9, NULL, 0, 0, NULL, 3, NULL, 'קובי בודק157', '054232323157', 'סתם פתק', '', '', NULL),
(154, '2023-03-06 14:10:31', 0, 53, '127.0.0.1', 47, 51, 53, NULL, NULL, 9, NULL, 0, 0, NULL, 3, NULL, 'קובי בודק391', '054232323391', 'סתם פתק', '', '', NULL),
(155, '2023-03-06 14:10:32', 0, 56, '127.0.0.1', 50, 56, NULL, NULL, NULL, 9, NULL, 0, 0, NULL, 1, NULL, 'קובי בודק158', '054232323158', 'סתם פתק', '', '', NULL),
(156, '2023-03-06 14:10:32', 0, 57, '127.0.0.1', 47, 51, 57, NULL, NULL, 9, NULL, 0, 0, NULL, 3, NULL, 'קובי בודק692', '054232323692', 'סתם פתק', '', '', NULL),
(157, '2023-03-06 14:10:33', 0, 55, '127.0.0.1', 49, 55, NULL, NULL, NULL, 9, NULL, 0, 0, NULL, 1, NULL, 'קובי בודק953', '054232323953', 'סתם פתק', '', '', NULL),
(158, '2023-03-06 14:10:33', 0, 55, '127.0.0.1', 49, 55, NULL, NULL, NULL, 9, NULL, 0, 0, NULL, 1, NULL, 'קובי בודק730', '054232323730', 'סתם פתק', '', '', NULL),
(159, '2023-03-06 14:10:34', 0, 54, '127.0.0.1', 48, 54, NULL, NULL, NULL, 9, NULL, 0, 0, NULL, 3, NULL, 'קובי בודק198', '054232323198', 'סתם פתק', '', '', NULL),
(160, '2023-03-06 14:10:34', 0, 54, '127.0.0.1', 48, 54, NULL, NULL, NULL, 9, NULL, 0, 0, NULL, 3, NULL, 'קובי בודק427', '054232323427', 'סתם פתק', '', '', NULL),
(161, '2023-03-06 14:10:35', 0, 57, '127.0.0.1', 47, 51, 57, NULL, NULL, 9, NULL, 0, 0, NULL, 3, NULL, 'קובי בודק913', '054232323913', 'סתם פתק', '', '', NULL),
(162, '2023-03-06 14:10:35', 0, 58, '127.0.0.1', 47, 51, 58, NULL, NULL, 9, NULL, 0, 0, NULL, 3, NULL, 'קובי בודק252', '054232323252', 'סתם פתק', '', '', NULL),
(163, '2023-03-06 14:10:36', 0, 57, '127.0.0.1', 47, 51, 57, NULL, NULL, 9, NULL, 0, 0, NULL, 3, NULL, 'קובי בודק445', '054232323445', 'סתם פתק', '', '', NULL),
(164, '2023-03-06 14:10:36', 0, 52, '127.0.0.1', 47, 52, NULL, NULL, NULL, 9, NULL, 0, 0, NULL, 3, NULL, 'קובי בודק671', '054232323671', 'סתם פתק', '', '', NULL),
(165, '2023-03-06 14:10:37', 0, 54, '127.0.0.1', 48, 54, NULL, NULL, NULL, 9, NULL, 0, 0, NULL, 3, NULL, 'קובי בודק666', '054232323666', 'סתם פתק', '', '', NULL),
(166, '2023-03-06 14:10:37', 0, 55, '127.0.0.1', 49, 55, NULL, NULL, NULL, 9, NULL, 0, 0, NULL, 1, NULL, 'קובי בודק276', '054232323276', 'סתם פתק', '', '', NULL),
(167, '2023-03-06 14:10:37', 0, 57, '127.0.0.1', 47, 51, 57, NULL, NULL, 9, NULL, 0, 0, NULL, 3, NULL, 'קובי בודק665', '054232323665', 'סתם פתק', '', '', NULL),
(168, '2023-03-06 14:10:38', 0, 54, '127.0.0.1', 48, 54, NULL, NULL, NULL, 9, NULL, 0, 0, NULL, 3, NULL, 'קובי בודק731', '054232323731', 'סתם פתק', '', '', NULL),
(169, '2023-03-06 14:10:38', 0, 52, '127.0.0.1', 47, 52, NULL, NULL, NULL, 9, NULL, 0, 0, NULL, 3, NULL, 'קובי בודק820', '054232323820', 'סתם פתק', '', '', NULL),
(170, '2023-03-07 11:55:43', 0, 53, '127.0.0.1', 47, 51, 53, NULL, 2, 29, 4, 0, 0, NULL, 3, NULL, 'זמבי זמביה', '098765432', 'בבקשה', '', 'http://love.com/%D7%94%D7%95%D7%91%D7%9C%D7%95%D7%AA/', NULL),
(171, '2023-03-07 12:01:32', 0, 54, '127.0.0.1', 48, 54, NULL, NULL, 2, 27, 14, 0, 0, NULL, 3, NULL, 'מותק מותק', '0542323233', 'akuo', '', 'http://love.com/', NULL),
(172, '2023-03-07 12:44:03', 0, 61, '127.0.0.1', 47, 61, NULL, NULL, 2, 29, 4, 0, 0, NULL, 3, NULL, 'חמוד שלי חרמן', '0542099433', 'חרמן מאוודדדדדד', '', 'http://love.com/%D7%94%D7%95%D7%91%D7%9C%D7%95%D7%AA/', NULL),
(173, '2023-03-07 12:44:50', 0, 61, '127.0.0.1', 47, 61, NULL, NULL, 2, 29, 4, 0, 0, NULL, 3, NULL, 'זמבי זמביה', '0542323233', 'ssss', '', 'http://love.com/%D7%94%D7%95%D7%91%D7%9C%D7%95%D7%AA/', NULL),
(174, '2023-03-07 12:51:59', 0, 61, '127.0.0.1', 47, 61, NULL, NULL, 2, 29, 4, 0, 0, NULL, 3, NULL, 'קובי בודק', '0542099433', 'מה קורה כאן??', '', 'http://love.com/%D7%94%D7%95%D7%91%D7%9C%D7%95%D7%AA/', NULL),
(175, '2023-03-07 12:52:04', 0, 61, '127.0.0.1', 47, 61, NULL, NULL, 2, 29, 4, 0, 0, NULL, 3, NULL, 'קובי בודק', '0542099433', 'מה קורה כאן??', '', 'http://love.com/%D7%94%D7%95%D7%91%D7%9C%D7%95%D7%AA/', NULL),
(176, '2023-03-07 13:05:57', 0, 63, '127.0.0.1', 62, 63, NULL, NULL, 2, 18, 7, 0, 0, NULL, 1, NULL, 'חמוד שלי חרמן', '0542099433', 'ישישישי', '', 'http://love.com/rrr/', NULL),
(177, '2023-03-07 13:06:23', 0, 63, '127.0.0.1', 62, 63, NULL, NULL, 2, 18, 7, 0, 0, NULL, 1, NULL, 'זמבי זמביה', '0542099433', 'גגג', '', 'http://love.com/rrr/', NULL);

-- --------------------------------------------------------

--
-- Table structure for table `cat_city`
--

CREATE TABLE `cat_city` (
  `id` int(11) NOT NULL,
  `cat_id` int(11) NOT NULL,
  `city_id` int(11) NOT NULL
) ENGINE=InnoDB DEFAULT CHARSET=utf8mb4;

--
-- Dumping data for table `cat_city`
--

INSERT INTO `cat_city` (`id`, `cat_id`, `city_id`) VALUES
(50, 14, 2),
(51, 14, 5),
(57, 49, 2),
(58, 49, 3);

-- --------------------------------------------------------

--
-- Table structure for table `cat_phone_display_hours`
--

CREATE TABLE `cat_phone_display_hours` (
  `id` int(11) NOT NULL,
  `cat_id` int(11) NOT NULL,
  `display` tinyint(4) NOT NULL DEFAULT 0,
  `time_groups` mediumtext DEFAULT NULL
) ENGINE=InnoDB DEFAULT CHARSET=utf8mb4;

--
-- Dumping data for table `cat_phone_display_hours`
--

INSERT INTO `cat_phone_display_hours` (`id`, `cat_id`, `display`, `time_groups`) VALUES
(5, 49, 1, '{\"1\":{\"hf\":\"00\",\"mf\":\"00\",\"ht\":\"00\",\"mt\":\"00\",\"d\":{\"1\":\"on\",\"2\":\"on\",\"3\":\"on\",\"4\":\"on\",\"5\":\"on\"}}}'),
(6, 56, 0, '[{\"hf\":\"00\",\"mf\":\"00\",\"ht\":\"00\",\"mt\":\"00\",\"d\":{\"1\":\"on\",\"2\":\"on\",\"5\":\"on\"}},{\"hf\":\"00\",\"mf\":\"00\",\"ht\":\"00\",\"mt\":\"00\"}]'),
(7, 47, 1, '[{\"hf\":\"00\",\"mf\":\"00\",\"ht\":\"23\",\"mt\":\"59\",\"d\":{\"1\":\"on\"}}]'),
(8, 52, 1, '[{\"hf\":\"00\",\"mf\":\"00\",\"ht\":\"24\",\"mt\":\"59\",\"d\":{\"1\":\"on\",\"2\":\"on\",\"3\":\"on\",\"4\":\"on\",\"5\":\"on\"}}]');

-- --------------------------------------------------------

--
-- Table structure for table `cities`
--

CREATE TABLE `cities` (
  `id` int(11) NOT NULL,
  `parent` int(11) NOT NULL,
  `label` varchar(80) NOT NULL,
  `type` varchar(32) NOT NULL,
  `priority` smallint(6) NOT NULL,
  `active` tinyint(4) NOT NULL DEFAULT 1
) ENGINE=InnoDB DEFAULT CHARSET=utf8mb4;

--
-- Dumping data for table `cities`
--

INSERT INTO `cities` (`id`, `parent`, `label`, `type`, `priority`, `active`) VALUES
(1, 0, 'כל הארץ', 'area', 0, 1),
(2, 1, 'השרון', 'area', 0, 1),
(3, 2, 'תל אביב', 'city', 0, 1),
(5, 1, 'גליל', 'area', 10, 1),
(6, 5, 'קיבוץ הגושרים', 'city', 10, 1),
(7, 2, 'קיבוץ השומר', 'city', 10, 1),
(8, 1, 'הדרום', 'city', 10, 1),
(9, 8, 'באר שבע', 'city', 10, 1),
(10, 8, 'אופקים', 'city', 10, 1),
(32, 9, 'קובקוביקו', 'area', 10, 0),
(46, 5, 'אבירים', 'city', 10, 1),
(47, 5, 'קריית שמונה', 'city', 10, 1),
(48, 8, 'נתיבות', 'city', 10, 1),
(49, 2, 'נתניה', 'city', 10, 1);

-- --------------------------------------------------------

--
-- Table structure for table `content_blocks`
--

CREATE TABLE `content_blocks` (
  `id` int(11) NOT NULL,
  `site_id` int(11) NOT NULL,
  `page_id` int(11) NOT NULL,
  `label` varchar(80) NOT NULL,
  `content` text DEFAULT NULL,
  `css_class` varchar(32) DEFAULT NULL,
  `priority` int(11) NOT NULL DEFAULT 0
) ENGINE=InnoDB DEFAULT CHARSET=utf8mb4;

--
-- Dumping data for table `content_blocks`
--

INSERT INTO `content_blocks` (`id`, `site_id`, `page_id`, `label`, `content`, `css_class`, `priority`) VALUES
(2, 2, 10, 'הבלוק הראשון שלי 400', '<h3>הבלוק הראשון שלי 400 הבלוק הראשון שלי 400 הבלוק</h3>\r\n<p>&nbsp;הראשון שלי 400 הבלוק הראשון שלי 400 הבלוק הראשון שלי 400 הבלוק הראשון שלי 400 הבלוק הראשון שלי 400הבלוק הראשון שלי 400 הבלוק הראשון שלי 400 הבלוק הראשון שלי 400 הבלוק הראשון שלי 400 הבלוק הראשון שלי 400 הבלוק הראשון שלי 400 הבלוק הראשון שלי</p>\r\n<p>400 הבלוק הראשון שלי 400 הבלוק הראשון שלי 400 הבלוק הראשון שלי 400 הבלוק הראשון שלי 400 הבלוק הראשון שלי 400 הבלוק הראשון שלי 400 הבלוק הראשון שלי 400 הבלוק הראשון שלי 400 הבלוק הראשון שלי 400 הבלוק הראשון שלי 400 הבלוק הראשון שלי 400 הבלוק הראשון ש</p>\r\n<p>לי 400 הבלוק הראשון שלי 400 הבלוק הראשון שלי 400 הבלוק הראשון שלי 400 הבלוק הראשון שלי 400 הבלוק הראשון שלי 400הבלוק הראשון שלי 400 הבלוק הראשון שלי 400 הבלוק הראשון שלי 400הבלוק הראשון שלי 400הבלוק הראשון שלי 400 הבלוק הראשון שלי 400הבלוק הראשון שלי 400הבלוק הראשון שלי 400 הבלוק הראשון שלי 400 הבלוק הראשון שלי 400 הבלוק הראשון שלי 400 הבלוק הראשון שלי 400 הבלוק הראשון שלי 400 הבלוק הראשון שלי 400 הבלוק הראשון שלי 400</p>', NULL, 2),
(3, 2, 10, 'הבלוק הראשון שלי 22', 'הבלוק הראשון שלי 400 הבלוק הראשון שלי 400 \r\nהבלוק הראשון שלי 400 הבלוק הראשו\r\n\r\nן שלי 400 הבלוק הראשון שלי 400\r\n\r\n הבלוק הראשון שלי 400 הבלוק הראשון שלי 400הבלוק הראשון שלי 400 הבלוק הראשון שלי 400 הבלוק הראשון שלי 400 הבלוק הראשון שלי 400 הבלוק הראשון ', NULL, 3),
(4, 2, 10, 'הבלוק הראשון שלי', '<h4>הבלוק הראשון שלי 400 הבלוק הראשון שלי 400 הבלוק הראשון שלי 400 הבלוק הראשון שלי</h4>\r\n<p>&nbsp;400 הבלוק הראשון שלי 400 הבלוק הראשון שלי 400 הבלוק הראשון שלי 400הבלוק הראשון שלי 400 הבלוק הראשון שלי 400 הבלוק הראשון שלי 400 הבלוק הראשון שלי 400 הבלוק הראשון שלי 400 הבלוק הראשון שלי 400 הבלוק הראשון שלי 400 הבלוק הראשון שלי 400 הבלוק הראשון ש</p>\r\n<p>לי 400 הבלוק הראשון שלי 400 הבלוק הראשון שלי 400 הבלוק הראשון שלי 400 הבלוק הראשון שלי 400 הבלוק הראשון שלי 400 הבלוק הראשון שלי 400 ה</p>\r\n<p>&nbsp;</p>\r\n<p>בלוק הראשון שלי 400 הבלוק הראשון שלי 400 הבלוק הראשון שלי 400 הבלוק הראשון שלי 400 הבלוק הראשון שלי 400 הבלוק הראשון שלי 400 הבלוק הראשון שלי 400 הבלוק הראשון שלי 400 הבלוק הראשון שלי 400הבלוק הראשון שלי 400 הבלוק הראשון שלי 400 הבלוק הראשון שלי 400הבלוק הראשון שלי 400הבלוק הרו ן שלי 400 הבלוק הראשון שלי 400הבלוק הראשון שלי 400הבלוק הראשון שלי 400 הבלוק הראשון שלי 400 הבלוק הראשון שלי 400 הבלוק הראשון שלי 400 הבלוק הראשון שלי 400 הבלוק הראשון שלי 400 הבלוק הראשון שלי 400 הבלוק הראשון שלי 400הבלוק הראשון שלי 400 הבלוק הראשון שלי 400 הבלוק הראשון שלי 400 הבלוק הראשון שלי 400 הבלוק הראשון שלי 400 הבלוק הראשון שלי 400 הבלוק הראשון שלי 400הבלוק הראשון שלי 400 הבלוק הראשון שלי 400 הבלוק הראשון שלי 400 הבלוק הראשון שלי 400 הבלוק הראשון שלי 400 הבלוק הראשון שלי 400 הבלוק הראשון שלי 400 הבלוק הראשון שלי 400 הבלוק הראשון שלי 400 הבלוק הראשון שלי 400 הבלוק הראשון שלי 400 הבלוק הראשון שלי 400 ה</p>\r\n<p>&nbsp;</p>\r\n<p>בלוק הראשון שלי 400 הבלוק הראשון שלי 400 הבלוק הראשון שלי 400 הבלוק הראשון שלי 400 הבלוק הראשון שלי 400 הבלוק הראשון שלי 400 הבלוק הראשון שלי 400 הבלוק הראשון שלי</p>\r\n<p>&nbsp;</p>\r\n<p>&nbsp;הבלוק הראשון שלי 400 הבלוק הראשון שלי 400 הבלוק הראשון שלי 400 הבלוק הראשון שלי 400הבלוק הראשון שלי 400 הבלוק הראשון שלי 400 הבלוק הראשון שלי 400הבלוק הראשון שלי 400הבלוק הראשון שלי 400 הבלוק הראשון שלי 400הבלוק הראשון שלי 400הבלוק הראשון שלי 400 הבלוק הראשון שלי 400 הבלוק הראשון שלי 400 הבלוק הראשון שלי 400 הבלוק הראשון שלי 400 הבלוק הראשון שלי 400 הבלוק הראשון שלי 400 הבלוק הראשון שלי 400הבלוק הראשון שלי 400 הבלוק הראשון שלי 400 הבלוק הראשון שלי 400 הבלוק הראשון שלי 400 הבלוק הראשון שלי 400 הבלוק הראשון שלי 400 הבלוק הראשון שלי 400הבלוק הראשון שלי 400 הבלוק הראשון שלי 400 הבלוק הראשון שלי 400 הבלוק הראשון שלי 400 הבלוק הראשון שלי 400 הבלוק הראשון שלי 400 הבלוק הראשון שלי 400 הבלוק הראשון שלי 400 הבלוק הראשון שלי 400 הבלוק הראשון שלי 400 הבלוק הראשון שלי 400 הבלוק הראשון שלי 400 הבלוק הראשון שלי 400 הבלוק הראשון שלי 400 הבלוק הראשון שלי 400 הבלוק הראשון שלי 400 הבלוק הראשון שלי 400 הבלוק הראשון שלי 400 הבלוק הראשון שלי 400 הבלוק הראשון שלי 400 הבלוק הראשון שלי 400 הבלוק הראשון שלי 400 הבלוק הראשון שלי 400 הבלוק הראשון שלי 400הבל</p>\r\n<p>&nbsp;</p>\r\n<p>וק הראשון שלי 400 הבלוק הראשון שלי 400 הבלוק הראשון שלי 400הבלוק הראשון שלי 400הבלוק הראשון שלי 400 הבלוק הראשון שלי 400הבלוק הראשון שלי 400הבלוק הראשון שלי 400 הבלוק הראשון שלי 400 הבלוק הראשון שלי 400 הבלוק הראשון שלי 400 הבלוק הראשון שלי 400 הבלוק הראשון שלי 400 הבלוק הראשון שלי 400 הבלוק הראשון שלי 400הבלוק הראשון שלי 400 הבלוק הראשון שלי 400 הבלוק הראשון שלי 400 הבלוק הראשון שלי 400 הבלוק הראשון שלי 400 הבלוק הראשון שלי 400 הבלוק הראשון שלי 400הבלוק הראשון שלי 400 הבלוק הראשון שלי 400 הבלוק הראשון שלי 400 הבלוק הראשון שלי 400 הבלוק הראשון שלי 400 הבלוק הראשון שלי 400 הבלוק הראשון שלי 400 הבלוק הראשון שלי 400 הבלוק הראשון שלי 400 הבלוק הראשון שלי 400 הבלוק הראשון שלי 400 הבלוק הראשון שלי 400 הבלוק הראשון שלי 400 הבלוק הראשון שלי 400 הבלוק</p>\r\n<p>&nbsp;</p>\r\n<p>&nbsp;</p>\r\n<p>הראשון שלי 400 הבלוק הראשון שלי 400 הבלוק הראשון שלי 400 הבלוק הראשון שלי 400 הבלוק הראשון שלי 400 הבלוק הראשון שלי 400 הבלוק הראשון שלי 400 הבלוק הראשון שלי 400 הבלוק הראשון שלי 400 הבלוק הראשון שלי 400הבלוק הראשון שלי 400 הבלוק הראשון שלי 400 הבלוק הראשון שלי 400הבלוק הראשון שלי 400הבלוק הראשון שלי 400 הבלוק הראשון שלי 400הבלוק הראשון שלי 400הבלוק הראשון שלי 400 הבלוק הראשון שלי 400 הבלוק הראשון שלי 400 הבלוק הראשון שלי 400 הבלוק הראשון שלי 400 הבלוק הראשון שלי 400 הבלוק הראשון שלי 400 הבלוק הראשון שלי 400הבלוק הראשון שלי 400 הבלוק הראשון שלי</p>\r\n<p>&nbsp;</p>\r\n<p>&nbsp;400 הבלוק הראשון שלי 400 הבלוק הראשון שלי 400 הבלוק הראשון שלי 400 הבלוק הראשון שלי 400 הבלוק הראשון שלי 400הבלוק הראשון שלי 400 הבלוק הראשון שלי 400 הבלוק הראשון שלי 400 הבלוק הראשון שלי 400 הבלוק הראשון שלי 400 הבלוק הראשון שלי 400 הבלוק הראשון שלי 400 הבלוק הראשון שלי 400 הבלוק הראשון שלי 400</p>\r\n<p>הבלוק הראשון שלי 400 הבלוק הראשון שלי 400 הבלוק הראשון שלי 400 הבלוק הראשון שלי 400 הבלוק הראשון שלי 400 הבלוק הראשון שלי 400 הבלוק הראשון שלי 400 הבלוק הראשון שלי 400 הבלוק הראשון שלי 400 הבלוק הראשון שלי 400 הבלוק הראשון שלי 400 הבלוק הראשון שלי 400 הבלוק הראשון שלי 400 הבלוק הראשון שלי 400 הבלוק הראשון שלי 400הבלוק הראשון שלי 400 הבלוק הראשון שלי 400 הבלוק הראשון שלי 400הבלוק הראשון שלי 400הבלוק הראשון שלי 400 הבלוק הראשון שלי 400הבלוק הר</p>\r\n<p>&nbsp;</p>\r\n<p>אשון שלי 400הבלוק הראשון שלי 400 הבלוק הראשון שלי 400 הבלוק הראשון שלי 400 הבלוק הראשון שלי 400 הבלוק הראשון שלי 400 הבלוק הראשון שלי 400 הבלוק הראשון שלי 400 הבלוק הראשון שלי 400</p>', NULL, 1),
(8, 1, 12, 'dsfsdf s sd f', '<p>zxccas af afsd f</p>', NULL, 0),
(10, 1, 9, 'ccc', '<p><img src=\"http://mynewmvc.com/usites/domains/mynewmvc.com/public_html/assets/media/uploads/MaskGroup24_4.png\" alt=\"\" width=\"100%\" height=\"100%\"></p>\r\n<p>&nbsp;</p>', NULL, 7),
(11, 1, 9, 'בלה בלה בלה', '<p>hi</p>', NULL, 14),
(12, 1, 9, 'בלה בלה בלה', '<p dir=\"rtl\">שאלון אישי למשתתף בתכנית אישית/WORKING MEDITATION</p>\r\n<p><strong>&nbsp;</strong></p>\r\n<p dir=\"rtl\">נא להדפיס ו/או למלא בכתב יד קריא ובעט שחור. &nbsp;</p>\r\n<p dir=\"rtl\">השאלות מיועדות להיכרות עם כל מועמד המעוניין להגיע לאחת התכניות במרכז \"כאן ועכשיו\" ולבדיקת ההתאמה להשתתפות התוכנית .&nbsp;</p>\r\n<p dir=\"rtl\">קרא את השאלות בעיון, וענה עליהם בפירוט ובבהירות. אנא מסור מידע רב ככל האפשר. תשובותיך חסויות.&nbsp;</p>\r\n<p><strong>&nbsp;</strong></p>\r\n<p dir=\"rtl\">א. פרטים אישיים&nbsp;</p>\r\n<p><strong>&nbsp;</strong></p>\r\n<ol>\r\n<li dir=\"rtl\" aria-level=\"1\">\r\n<p dir=\"rtl\" role=\"presentation\">&nbsp;שם פרטי: &nbsp; &nbsp; ______יעקב________.</p>\r\n</li>\r\n<li dir=\"rtl\" aria-level=\"1\">\r\n<p dir=\"rtl\" role=\"presentation\">שם משפחה (נוכחי וקודם): ______אברהם__________.</p>\r\n</li>\r\n<li dir=\"rtl\" aria-level=\"1\">\r\n<p dir=\"rtl\" role=\"presentation\">גיל: ______42_____</p>\r\n</li>\r\n<li dir=\"rtl\" aria-level=\"1\">\r\n<p dir=\"rtl\" role=\"presentation\">כתובת מגורים נוכחית:&nbsp; ________פרץ י.ל 29 באר שבע__________.</p>\r\n</li>\r\n<li dir=\"rtl\" aria-level=\"1\">\r\n<p dir=\"rtl\" role=\"presentation\">האם אתה נשוי ?&nbsp; _לא_; אם כן, כמה פעמים, כמה זמן? &nbsp; ______________________________.</p>\r\n</li>\r\n<li dir=\"rtl\" aria-level=\"1\">\r\n<p dir=\"rtl\" role=\"presentation\">האם יש לך ילדים? _לא_; אם כן, כמה בנים וכמה בנות, ומה גילם?&nbsp; ______________________________.</p>\r\n</li>\r\n<li dir=\"rtl\" aria-level=\"1\">\r\n<p dir=\"rtl\" role=\"presentation\">מקצועך/עיסוקך כעת: _______מתכנת אנטרנט__________.</p>\r\n</li>\r\n</ol>\r\n<p dir=\"rtl\">מקצועות/עיסוקים קודמים/נוספים: _____סאונדמן, מוסיקאי_________.</p>\r\n<ol start=\"8\">\r\n<li dir=\"rtl\" aria-level=\"1\">\r\n<p dir=\"rtl\" role=\"presentation\">השכלה/רקע לימודי:&nbsp; _______הנדסאי קול_____________________.</p>\r\n</li>\r\n<li dir=\"rtl\" aria-level=\"1\">\r\n<p dir=\"rtl\" role=\"presentation\">דת: ____יהודי_____</p>\r\n</li>\r\n<li dir=\"rtl\" aria-level=\"1\">\r\n<p dir=\"rtl\" role=\"presentation\">האם שרתת בצבא? _כן_;&nbsp;</p>\r\n</li>\r\n</ol>\r\n<p dir=\"rtl\">אם כן - כמה זמן, ובאיזה תפקיד? ___3 שנים, לוחם נח\"ל_____.</p>\r\n<p dir=\"rtl\">אם לא - מאיזו סיבה? &nbsp; __________________________.</p>\r\n<p dir=\"rtl\">&nbsp;</p>\r\n<p dir=\"rtl\">ב. רקע בעבודת מודעות</p>\r\n<p dir=\"rtl\">&nbsp;</p>\r\n<ol>\r\n<li dir=\"rtl\" aria-level=\"1\">\r\n<p dir=\"rtl\" role=\"presentation\">האם יש לך ניסיון בעבודת מודעות, מדיטציה וכד? ___כן_____</p>\r\n</li>\r\n</ol>\r\n<p dir=\"rtl\">אם כן, נא פרט (סדנאות, תהליכים אישיים, סוג מדיטציות) ___תרגול מדיטציית ויפאסנה על בסיס יומיומי, יוגה(לפעמים), ריברסינג ועוד..____</p>\r\n<ol start=\"2\">\r\n<li dir=\"rtl\" aria-level=\"1\">\r\n<p dir=\"rtl\" role=\"presentation\">האם השתתפת בעבר בתכניות מסוג זה בארץ? בעולם? נא פרט- איפה, במשך כמה זמן ואיך הייתה החוויה עבורך. _______הייתי ב10 ימים ויפאסנה בדגניה ב\'. ______________________</p>\r\n</li>\r\n</ol>\r\n<p dir=\"rtl\">&nbsp;</p>\r\n<p dir=\"rtl\">&nbsp;</p>\r\n<p dir=\"rtl\">ג. רקע בריאותי</p>\r\n<p dir=\"rtl\">&nbsp;</p>\r\n<ol>\r\n<li dir=\"rtl\" aria-level=\"1\">\r\n<p dir=\"rtl\" role=\"presentation\">האם מצבך הבריאותי תקין? _כן_ אם לא, נא פרט: _____________________________________________________________</p>\r\n</li>\r\n<li dir=\"rtl\" aria-level=\"1\">\r\n<p dir=\"rtl\" role=\"presentation\">האם קיימות הגבלות פיזיות ואו נפשיות כלשהן?&nbsp; &nbsp; _לא__&nbsp; &nbsp; &nbsp; &nbsp; &nbsp; &nbsp; אם כן, נא פרט. __________________________________________________________________________________________________________________________</p>\r\n</li>\r\n<li dir=\"rtl\" aria-level=\"1\">\r\n<p dir=\"rtl\" role=\"presentation\">האם אתה נוטל תרופות כל שהן על בסיס קבוע?&nbsp; &nbsp; _לא_ &nbsp; &nbsp; &nbsp; אם כן, נא פרט (איזה תרופות, במשך כמה זמן) __________________________________________________________________________________________________________________________</p>\r\n</li>\r\n</ol>\r\n<p dir=\"ltr\">&nbsp;</p>\r\n<p dir=\"rtl\">&nbsp;</p>\r\n<ol start=\"4\">\r\n<li dir=\"rtl\" aria-level=\"1\">\r\n<p dir=\"rtl\" role=\"presentation\">האם יש לך היסטוריה של בעיות/מחלות פיזיות ואו נפשיות? _לא_&nbsp; &nbsp; &nbsp; &nbsp; אם כן, תאר בקצרה: _______________________________________________________________________________________________________________________________________________________________________________________</p>\r\n</li>\r\n<li dir=\"rtl\" aria-level=\"1\">\r\n<p dir=\"rtl\" role=\"presentation\">האם אתה חולה או סובל ממחלות רציניות לעיתים קרובות?&nbsp; לא__________________________________________________________________________________________________________________________</p>\r\n</li>\r\n<li dir=\"rtl\" aria-level=\"1\">\r\n<p dir=\"rtl\" role=\"presentation\">האם אתה אלרגי לאוכל או חומר מסוים? ___ נא פרט: לא שידוע לי_____________________________________________________________</p>\r\n</li>\r\n<li dir=\"rtl\" aria-level=\"1\">\r\n<p dir=\"rtl\" role=\"presentation\">האם אתה מעשן סיגריות? ___לא_&nbsp; &nbsp; &nbsp; &nbsp; אם כן, באיזו תדירות? _____________________________________________________________</p>\r\n</li>\r\n<li dir=\"rtl\" aria-level=\"1\">\r\n<p dir=\"rtl\" role=\"presentation\">האם אתה מעשן סמים? _לא___ &nbsp; &nbsp; &nbsp; אם כן, באיזו תדירות? _____________________________________________________________</p>\r\n</li>\r\n<li dir=\"rtl\" aria-level=\"1\">\r\n<p dir=\"rtl\" role=\"presentation\">האם אתה נוטל סמים אחרים? _לא___&nbsp; &nbsp; &nbsp; &nbsp; אם כן, איזה סוג ובאיזו תדירות? _____________________________________________________________</p>\r\n</li>\r\n<li dir=\"rtl\" aria-level=\"1\">\r\n<p dir=\"rtl\" role=\"presentation\">האם אתה שותה אלכוהול על בסיס קבוע? _לא__&nbsp; &nbsp; &nbsp; &nbsp; אם כן, באיזו תדירות? _____________________________________________________________</p>\r\n</li>\r\n<li dir=\"rtl\" aria-level=\"1\">\r\n<p dir=\"rtl\" role=\"presentation\">האם אתה נוטל סמים או אלכוהול עד למצב של אובדן הכרה?&nbsp; לא&nbsp; &nbsp; _________________________________________________________</p>\r\n</li>\r\n<li dir=\"rtl\" aria-level=\"1\">\r\n<p dir=\"rtl\" role=\"presentation\">האם יש לך היסטוריה של התמכרויות לסמים, אלכוהול, תרופות, הימורים, אוכל?___ אם כן, תאר בקצרה: ________סיגריות - עישנתי בעבר_______________________________________________________________________________________________________________________________________________________________________________</p>\r\n</li>\r\n</ol>\r\n<p dir=\"ltr\">&nbsp;</p>\r\n<p dir=\"rtl\">ד. רקע נפשי</p>\r\n<p dir=\"rtl\">&nbsp;</p>\r\n<ol>\r\n<li dir=\"rtl\" aria-level=\"1\">\r\n<p dir=\"rtl\" role=\"presentation\">האם אתה בטיפול פסיכיאטרי? __לא__ &nbsp; &nbsp; אם כן, במשך כמה זמן? איזה סוג של טיפול? מי הרופא המלווה? האם הטיפול כולל מפגשים עם הפסיכיאטר ואו פסיכולוג ?&nbsp; באיזו תדירות? איזה קשיים/תופעות מלוות את הטיפול?</p>\r\n</li>\r\n</ol>\r\n<p dir=\"rtl\">_________________________________________________________________________________________________________________________________________________________________________________________________________________________________________________________________________________________________________________</p>\r\n<ol start=\"2\">\r\n<li dir=\"rtl\" aria-level=\"1\">\r\n<p dir=\"rtl\" role=\"presentation\">אם ענית \"כן\" על סעיף 1:</p>\r\n</li>\r\n</ol>\r\n<ul>\r\n<li dir=\"rtl\" aria-level=\"1\">\r\n<p dir=\"rtl\" role=\"presentation\">נא בבקשה לצרף אישור השתתפות בתכנית כזאת מהרופא המלווה.&nbsp;</p>\r\n</li>\r\n<li dir=\"rtl\" aria-level=\"1\">\r\n<p dir=\"rtl\" role=\"presentation\">מספר טלפון משני קרובי משפחה איתם אפשר ליצור קשר במקרה הצורך ו/או לבירורים: &nbsp; &nbsp; &nbsp; &nbsp; &nbsp;&nbsp;&nbsp;&nbsp;&nbsp;&nbsp;&nbsp;</p>\r\n</li>\r\n<li dir=\"rtl\" aria-level=\"1\">\r\n<p dir=\"rtl\" role=\"presentation\">&nbsp;שם: ________________ קרבה משפחתית: _________טל:___________&nbsp;</p>\r\n</li>\r\n<li dir=\"rtl\" aria-level=\"1\">\r\n<p dir=\"rtl\" role=\"presentation\">שם: ________________ קרבה משפחתית: _________ טל: ___________</p>\r\n</li>\r\n</ul>\r\n<ol start=\"3\">\r\n<li dir=\"rtl\" aria-level=\"1\">\r\n<p dir=\"rtl\" role=\"presentation\">האם יש לך היסטוריה של בעיות פסיכיאטריות/פסיכולוגיות/רגשיות? _לא__&nbsp; &nbsp; אם כן, במשך&nbsp; כמה זמן? נא לפרט: _______________________________________________________________________________________________________________________________________________________________________________________</p>\r\n</li>\r\n</ol>\r\n<p dir=\"rtl\">&nbsp;</p>\r\n<p dir=\"rtl\">ה. על התכנית:</p>\r\n<ol>\r\n<li dir=\"rtl\" aria-level=\"1\">\r\n<p dir=\"rtl\" role=\"presentation\">לכמה זמן אתה מתכנן להגיע למרכז \"כאן ועכשיו\"? (מינימום זמן השתתפות הוא שבועיים) ______לשבועיים, עם אפשרות להאריך לחודש_________________________________&nbsp;</p>\r\n</li>\r\n</ol>\r\n<p><strong>&nbsp;</strong></p>\r\n<ol start=\"2\">\r\n<li dir=\"rtl\" aria-level=\"1\">\r\n<p dir=\"rtl\" role=\"presentation\">מה היית רוצה לקבל מתהליך זה? &nbsp;</p>\r\n</li>\r\n</ol>\r\n<p dir=\"rtl\">____איזון, פוקוס, חזון לעתיד, נוכחות..___________________________________________________________________________________________________________________________________________________________________________________</p>\r\n<ol start=\"3\">\r\n<li dir=\"rtl\" aria-level=\"1\">\r\n<p dir=\"rtl\" role=\"presentation\">מה היית רוצה לשנות בחייך?&nbsp;</p>\r\n</li>\r\n</ol>\r\n<p dir=\"rtl\">_____הייתי רוצה להפתח יותר לסביבה, להאמין בעצמי ולנצל הזדמנויות שבאות בביטחון..__________________________________________________________________________________________________________________________________________________________________________________</p>\r\n<ol start=\"4\">\r\n<li dir=\"rtl\" aria-level=\"1\">\r\n<p dir=\"rtl\" role=\"presentation\">האם יש משהו שיכול לעצור ו/או להגביל את השתתפותך בתכנית?&nbsp;</p>\r\n</li>\r\n</ol>\r\n<p dir=\"rtl\">__לא__________________________________________________________________________________________________________________________________________________________________________________________________________________________________________________</p>\r\n<ol start=\"5\">\r\n<li dir=\"rtl\" aria-level=\"1\">\r\n<p dir=\"rtl\" role=\"presentation\">האם יש משהו נוסף שהיית רוצה שצוות כאן ועכשיו ידע? ___________________________________________________________________________________________________________________________________________________________________________________________________________________________________________________</p>\r\n</li>\r\n</ol>\r\n<p><strong>&nbsp;</strong></p>\r\n<p dir=\"rtl\">הצהרה ופטור מאחריות</p>\r\n<p dir=\"rtl\">אנא קרא בעיון, וחתום.</p>\r\n<p dir=\"rtl\">אני מודע ויודע כי התהליך הינו אינטנסיבי בכל הרמות (כולל פיזית ורגשית) ויכול להעמיד אותי במצבים רגשיים ופיזיים קיצוניים.&nbsp;</p>\r\n<p dir=\"rtl\">אני מצהיר שיש לי את היכולת (הפיזית והרגשית), הנכונות, המחויבות, וההסכמה להשתתף בתהליך, מתוך הבנה שיש לי את הבחירה בכל עת להפסיק את השתתפותי בתכנית, בתהליך, וזו תהייה החלטה ואחריות מלאה שלי.&nbsp;</p>\r\n<p dir=\"rtl\">אני פוטר מכל אחריות את צוות כאן ועכשיו לגבי כל נזק ו/או פגיעה שעלולים להיגרם לי (כולל ברמה הפיזית והרגשית ) במהלך התכנית ו/או לאחריה.</p>\r\n<p dir=\"rtl\">אני לוקח אחריות מלאה על התהליך שלי בתכנית כולל כל נזק ואו פגיעה שעלולים להיגרם לי במהלך התכנית ו/או בתקופה שלאחר התכנית.&nbsp;</p>\r\n<p><strong>&nbsp;</strong></p>\r\n<p dir=\"rtl\">שם מלא _________יעקב אברהם______________&nbsp; &nbsp; תאריך _______17.08.2020__________&nbsp; &nbsp; &nbsp; חתימה _______________________.</p>\r\n<p>&nbsp;</p>', 'nice-cube', 1),
(13, 1, 9, 'בלה בלה בלה', '<p>hi dsdf במקום שתהיה טוב אתה מצצצויייןןןן!!!!</p>\r\n<p>&nbsp;</p>\r\n<p>&nbsp;</p>', 'c-block', 6),
(14, 1, 9, 'בלה בלה בלה', '<p>hi dsdf במקום שתהיה טוב</p>\r\n<p>אתה מצצצויייןןןן!!!!</p>\r\n<h2>אני מרגיש יותר טוב</h2>\r\n<p>&nbsp;</p>', 'c-block', 8),
(15, 1, 9, 'בלה בלה בלה', '<p style=\"text-align: center;\">hi dsdf במקום שתהיה טוב</p>\r\n<p style=\"text-align: center;\">אתה מצצצויייןןןן!!!!</p>\r\n<h2 style=\"text-align: center;\">אני מרגיש יותר טוב</h2>\r\n<p>&nbsp;</p>', 'c-block', 9),
(16, 1, 9, 'בלה בלה בלה', '<p style=\"text-align: center;\">hi dsdf במקום שתהיה טוב</p>\r\n<p style=\"text-align: center;\">אתה מצצצויייןןןן!!!!</p>\r\n<h2 style=\"text-align: center;\">אני מרגיש יותר טוב</h2>\r\n<p style=\"text-align: center;\">&nbsp;</p>', 'c-block', 10),
(17, 1, 9, 'בלה בלה בלה', '<p style=\"text-align: left;\">hi dsdf במקום שתהיה טוב</p>\r\n<p>אתה מצצצויייןןןן!!!!</p>\r\n<h2>אני מרגיש יותר טוב</h2>\r\n<p>&nbsp;</p>', 'c-block', 11),
(18, 1, 9, 'בלה בלה בלה', '<p style=\"text-align: left;\">hi dsdf במקום שתהיה טוב</p>\r\n<p>אתה מצצצויייןןןן!!!!</p>\r\n<h2>אני מרגיש יותר טוב</h2>\r\n<p>&nbsp;</p>\r\n<p>מה לגביי זהה???</p>\r\n<p>&nbsp;</p>', 'c-block', 12),
(19, 1, 9, 'בלה בלה בלה', '<p>hi dsdf במקום שתהיה טוב</p>\r\n<p>&nbsp;גדגכד&nbsp; דג אתה מצצצויייןןןן!!!!</p>\r\n<h2>אני מרגיש יותר טוב</h2>\r\n<p>&nbsp;</p>', 'c-block', 13),
(20, 1, 9, 'הבלוק הרטשון שלי', '<p><img src=\"http://mynewmvc.com/usites/domains/mynewmvc.com/public_html/assets/media/uploads/MaskGroup24_4.png\" alt=\"\" width=\"1600\" height=\"597\"></p>\r\n<p>&nbsp;</p>\r\n<p>HI HOW ARE YOU!!!</p>', 'c-block', 5),
(21, 1, 9, 'בלה בלה בלה', '<p>2023-01-12</p>\r\n<p>&nbsp;</p>\r\n<p>&nbsp;</p>\r\n<p>🏃&zwj;♀️👩&zwj;🚒</p>\r\n<p><img src=\"http://mynewmvc.com/usites/domains/mynewmvc.com/public_html/assets/media/uploads/MaskGroup24_3.png\" alt=\"\" width=\"1017\" height=\"379\"></p>\r\n<p>&nbsp;</p>', 'c-block', 2),
(22, 1, 9, 'תמונה', '<p><img src=\"http://mynewmvc.com/usites/domains/mynewmvc.com/public_html/assets/media/uploads/MaskGroup24_3.png\" alt=\"\" width=\"1600\" height=\"597\"></p>\r\n<p>&nbsp;</p>', 'c-block', 3),
(23, 1, 12, 'ררר', '<p>טטט יייי , ייכ \' טו וטוטאוטאו\'&nbsp; וטוטא וא<img src=\"http://mynewmvc.com/usites/domains/mynewmvc.com/public_html/assets/media/uploads/mceclip0_1.png\"></p>', 'c-block', 0),
(24, 2, 15, 'שמש טובה', '<p>שמש טובהשמש טובה שמש טובה שמש טובה שמש טובה שמש טובה שמש טובה</p>', 'c-block', 0),
(25, 2, 16, 'ירח מלא', '<p>ירח מלאירח מלאירח מלא ירח מלא ירח מלא ירח מלא ירח מלא ירח מלא</p>', 'c-block', 0),
(26, 2, 17, 'עונות השנה', '<p>עונות השנה עונות השנה עונות השנה עונות השנה עונות השנה&nbsp;</p>', 'c-block', 0),
(27, 2, 18, 'קיץ', '', 'c-block', 0),
(28, 2, 19, 'חורף', '<p>חורף חורף חורף חורף חורף</p>', 'c-block', 0),
(29, 2, 20, 'סתיו', '<p>סתיוסתיו סתיו סתיו סתיו סתיו</p>', 'c-block', 0),
(30, 2, 21, 'אביב', '<p>אביב אביב אביב</p>', 'c-block', 0),
(31, 2, 27, '4', '<h1>היי כאן זה דף הבית</h1>', 'c-block', 0),
(32, 2, 22, 'מזהה ראשון', '<h3 style=\"text-align: center;\">כמה עולה חבילות תקשורת?</h3>\r\n<p>&nbsp;</p>\r\n<p><img style=\"display: block; margin-left: auto; margin-right: auto;\" src=\"https://xn--8dbacwhj3a.co.il/upload_pics/Image/%D7%9B%D7%9E%D7%94%D7%A2%D7%95%D7%9C%D7%94/price4u/%D7%9B%D7%9E%D7%94-%D7%A2%D7%95%D7%9C%D7%94.png\" alt=\"כמה עולה\"></p>\r\n<p>&nbsp;</p>\r\n<p>כמה עולה להצטרף להוט? כמה עולה להצטרף ליס? כמה עולה להצטרף לבזק? למי יש את תוכניות הטלוויזיה הכי טובות? יס, הוט או סטינג טיוי? איזה מסלולים הכי אטרקטיביים? תשתית של בזק בינלאומי או תשתית של הוט?</p>\r\n<p>&nbsp;</p>\r\n<p>ברוכים הבאים לאתר כמה עולה, ריכזנו עבורכם בתחתית הדף מחירון מלא ומעודכן עבור חבילות תקשורת, אינטרנט, טלוויזיה ומדריכי צרכנות נבונה שיעזרו לכם לקבל החלטות שמתאימות לכם, ניתן גם להתייעץ איתנו טלפונית או להשאיר פרטים בטופס קבל הצעת מחיר בקליק.</p>', 'c-block', 0),
(33, 2, 22, '', '<h3>מבצעי מסלולים חברות אינטרנט וטלוויזיה לשנת 2023, מחירון מתעדכן כל חודש.</h3>\r\n<p>&nbsp;</p>\r\n<p><strong>כל חבילות הטלוויזיה והאינטרנט, כל המסלולים וכל המחירים של כל החברות! בדוק, השווה והצטרף בקליק!</strong></p>\r\n<p>&nbsp;</p>', 'c-block', 0),
(34, 2, 22, '', '<p><img style=\"display: block; margin-left: auto; margin-right: auto;\" src=\"http://love.com/usites/domains/love.com/public_html/assets/media/uploads/rbanner.png\" alt=\"\" width=\"480\" height=\"480\"></p>', 'c-block', 0),
(35, 2, 22, '', '<p><img style=\"float: left;\" src=\"http://love.com/usites/domains/love.com/public_html/assets/media/uploads/kama.png\" alt=\"\" width=\"280\" height=\"250\"></p>', 'c-block', 0),
(36, 2, 22, '', '<h2>כמה כמה כמה כמה כמה כמה כמה</h2>', 'c-block', 0),
(40, 2, 9, '', '<p>היי היי</p>', 'c-block', 2),
(42, 2, 25, 'dddd', '<p>&nbsp;dssdfs</p>', 'c-block', 0),
(43, 2, 29, '', '<p>בלה בלה בלה</p>', 'c-block', 0),
(44, 2, 31, '', '<div class=\"home-items\">\r\n<div class=\"row-fluid  home-row\">\r\n<div class=\"home-item span6\">\r\n<div class=\"home-item-name\">\r\n<h4>מומחים לתיקון ג\'קוזי</h4>\r\n</div>\r\n<div class=\"home-item-img\"><a href=\"http://danijacuzzi.co.il/index.php?m=pr\" target=\"_self\"><img src=\"http://danijacuzzi.co.il/upload_pics/Image/2s.jpg\" alt=\"\"></a></div>\r\n<div class=\"home-item-bottom\">\r\n<div class=\"home-item-bottom-1\"><strong><a href=\"#\">חברת דני ג\'קוזי מציעה לכם שירות מסור ומקצועי בפריסה ארצית רחבה.</a></strong></div>\r\n</div>\r\n</div>\r\n<div class=\"home-item span6\">\r\n<div class=\"home-item-name\">\r\n<h4>תיקון תקלות נפוצות</h4>\r\n</div>\r\n<div class=\"home-item-img\"><a href=\"http://danijacuzzi.co.il/index.php?m=ga\" target=\"_self\"><img src=\"http://danijacuzzi.co.il/upload_pics/Image/3s.jpg\" alt=\"\"></a></div>\r\n<div class=\"home-item-bottom\">\r\n<div class=\"home-item-bottom-1\"><strong><a href=\"#\">דני ג\'קוזי מציע פתרונות ומענה טכני לכל הבעיות השכיחות בג\'קוזי ולפתרון מקצועי ומתקדם.</a></strong></div>\r\n</div>\r\n</div>\r\n</div>\r\n<div class=\"row-fluid  home-row\">\r\n<div class=\"home-item span6\">\r\n<div class=\"home-item-name\">\r\n<h4>שיפוץ ושדרוג הג\'קוזי</h4>\r\n</div>\r\n<div class=\"home-item-img\"><a href=\"http://danijacuzzi.co.il/index.php?m=vi\" target=\"_self\"><img src=\"http://danijacuzzi.co.il/upload_pics/Image/4s.jpg\" alt=\"\"></a></div>\r\n<div class=\"home-item-bottom\">\r\n<div class=\"home-item-bottom-1\"><strong><a href=\"#\">כדאי להזמין את דני אליכם וליהנות מייעוץ מקצועי ומאפשרות לשדרג את הג\'קוזי שלכם</a>.</strong></div>\r\n</div>\r\n</div>\r\n<div class=\"home-item home-item-red span6\">\r\n<div class=\"home-item-name\">\r\n<h4>בלאי ושחיקה בג\'קוזי</h4>\r\n</div>\r\n<div class=\"home-item-img\"><a href=\"http://danijacuzzi.co.il/index.php?m=co\" target=\"_self\"><img src=\"http://danijacuzzi.co.il/upload_pics/Image/1s.jpg\" alt=\"\"></a></div>\r\n<div class=\"home-item-bottom\">\r\n<div class=\"home-item-bottom-1\"><strong><a href=\"#\">חידוש שכבת הציפוי על ידי דני ג\'קוזי תחסוך לכם כסף רב ועלויות גבוהות העלולות להסתכם באלפי שקלים</a>.</strong></div>\r\n</div>\r\n</div>\r\n</div>\r\n</div>\r\n<h3>מומחים לתיקוני ג\'קוזי</h3>\r\n<p><strong>זמינות ושירות בכל הארץ</strong></p>\r\n<p>חברת דני ג\'קוזי מציעה לכם שירות מסור ומקצועי בפריסה ארצית רחבה. החברה מעניקה על בסיס קבוע שירותי תיקונים, מכירה ותחזוקה למגוון הולך וגדל של לקוחות, בכל הארץ, ביניהם צימרים ומרכזי ספא יוקרתיים. לכן, אם אתם מחפשים טכנאי ג\'קוזי בצפון, במרכז או בכל אזור אחר הנכם מוזמנים לפנות לדני ג\'קוזי וליהנות משירות מקצועי, מזמינות גבוהה וממחירם הוגנים ואטרקטיביים. דני ג\'קוזי מציע ידע וניסיון רב וישמח לייעץ לכם בבחירת הג\'קוזי המתאים ביותר עבורכם לבית, לצימר, לחצר, לגינה או ג\'קוזי נייד. בנוסף, החברה מציעה שירות מתקדם ואיכותי לפתרון כל התקלות תוך התחייבות לעבודה מקצועית ומהירה עם אחריות.</p>\r\n<p>&nbsp;</p>\r\n<h3>תיקון תקלות נפוצות</h3>\r\n<p>דני ג\'קוזי מציע פתרונות ומענה טכני לכל הבעיות השכיחות בג\'קוזי ולפתרון מקצועי ומתקדם בבעיות מורכבות. בין הבעיות הנפוצות בג\'קוזי ניתן למצוא תקלות כמו לחץ במי ברז הג\'טים חלש, ג\'קוזי לא מתחמם, קצף בג\'קוזי מעלה חול למעלה, כתמי עובש, תקלות במשאבת המים, מים מלוכלכים יוצאים מהג\'טים של הג\'קוזי, נזילות, סדקים באמבטיה, פיצוצי צבע או חומר, ריח רע ועוד. בכל תקלה ובעיה חשוב לפנות רק לטכנאי מקצועי והנכם מוזמנים לפנות לדני ג\'קוזי המציע פתרון מהיר ושירות מקצועי ברמה הגבוהה ביותר. אגב, תיקון כל סוגי הג\'קוזי בזמן ושמירה על הוראות התפעול יבטיחו לכם שימוש לאורך שנים.</p>\r\n<p>&nbsp;</p>\r\n<h3>שיפוץ ושדרוג הג\'קוזי</h3>\r\n<p>דני ג\'קוזי מציע שירות ייחודי וניתן לאחר אבחון מקצועי של הג\'קוזי שלכם לשדרג אותו ולשפץ אותו כך שבמקום להחליף את הג\'קוזי הישן ניתן לחסוך כסף רב וליהנות מג\'קוזי משודרג בעלויות נמוכות. בדרך זו ניתן לחסוך עלויות גבוהות וליהנות מג\'קוזי מחודש ומשודרג לעוד שנים רבות. על מנת לבדוק את הג\'קוזי הישן שלכם ,לקבל הערכת מחיר לשיפוץ ולשדרוג המערכת, ולהחליט האם כדאי להחליפו או לשפץ אותו. לכן,&nbsp; כדאי להזמין את דני אליכם וליהנות מייעוץ מקצועי ומאפשרות לשדרג בעלות יחסית נמוכה את הג\'קוזי וליהנות ממנו שנים רבות.</p>\r\n<p>&nbsp;</p>\r\n<h3>בלאי ושחיקה בג\'קוזי</h3>\r\n<p>אמבטיות ג\'קוזי סובלות משריטות ופגמים בשכבת המגן ויש לתקן זאת בזמן. בשונה מאמבטיות רגילות המיוצרות ממתכת וסובלות מחלודה, אמבטיות הג\'קוזי מיוצרות לרוב מפיברגלס והן מכוסות בשתי שכבות של ציפוי פולימרי ושכבת אקריל. שכבות הציפוי עלולות לסבול מפיצוצים או סדקים בגלל שימוש תכוף, מפגעי מזג האוויר בג\'קוזי המוצב בחוץ ומחוסר זהירות. דני ג\'קוזי מספר מענה מהיר ותיקון שכבות הציפוי במהירות וביעילות על מנת למנוע נזילות, שריטות וליקויי בטיחות. במידה ויש לכם ג\'קוזי לגינה או כל ג\'קוזי חיצוני אחר חשוב לבדוק מדי פעם את תקינות שכבת הציפוי על מנת לשמור על הג\'קוזי תקין. אגב, לעיתים בגלל ניקוי בחומרים לא נכונים עלולים להסב נזק לשכבת הציפוי ולגרום לכתמים או לסדקים. חידוש שכבת הציפוי על ידי דני ג\'קוזי תחסוך לכם כסף רב ועלויות גבוהות העלולות להסתכם באלפי שקלים, בייחוד אם יש לכם ג\'קוזי יוקרתי.</p>\r\n<p>&nbsp;</p>\r\n<h3>החלפה ותיקון גופי חימום</h3>\r\n<p>גופי החימום בג\'קוזי עלולים להתקלקל אך חשוב לדעת כי לעיתים ניתן לתקן את הגוף ואין צורך להחליף אותו. עלות גוף החימום משתנה בהתאם לג\'קוזי ויכולה להגיע לסכום גבוה ולכן מומלץ להזמין טכנאי אמין ומקצועי כמו דני ג\'קוזי לבדיקת גוף החימום ולאחר הבדיקה ניתן להעריך האם ניתן והאם כדאי לתקן את גוף החימום או שיש להחליפו. אגב, כאשר מזמינים טכנאי ג\'קוזי חשוב לוודא כי הוא בקי בכל סוגי המערכות ויש לו ידע וניסיון בעבודה מכאניות ובעבודות חשמל. בג\'קוזי יש מערכת המורכבת מצינורות, מנוע וחשמל ובנוסף יש את האמבט. רק טכנאי מקצועי ומנוסה יכול לתת מענה מקיף ופתרון לכל הבעיות וכך ניתן לחסוך עלויות והוצאות מיותרות, ולהימנע מעבודות תחזוקה או תיקונים לא איכותיים.</p>\r\n<p>&nbsp;</p>\r\n<h3>הג\'קוזי משמיע רעש</h3>\r\n<p>אם יש לכם ג\'קוזי לחצר או ג\'קוזי לבית חשוב שתמיד יהיה לכם טלפון זמין של טכנאי מקצועי כמו גני ג\'קוזי בהישג יד. במידה ואתם שומעים רעש לא מוכר מהג\'קוזי חשוב להתקשר בהקדם על מנת לבדוק את המערכת ולטפל בבעיה לפני שהיא תחריף. כאמור, דני ג\'קוזי מציע&nbsp; תיקון ג\'קוזי בצימרים, בבתים פרטיים, בדירות, ובכל מקום אחר. השירות זמין ומהיר והלקוח זוכה לבדיקה ראשונית על מנת לבדוק את מקור הרעש ורק אחרי הבדיקה הקפדנית דני ג\'קוזי ייעץ וימליץ על אפשרויות התיקון. במידה ויש לבצע תיקון תקלה במשאבת מים לג\'קוזי או כל תיקון ג\'קוזי חשוב לדעת כי יש תיקונים שניתן לבצע במקום אך לעתים יש להזמין חלפים ולחכות לחלק מקורי. במקרים רבים תצליח החברה לתקן את הג\'קוזי במקום לשביעות רצונם המלאה של הלקוחות.</p>\r\n<p>&nbsp;</p>\r\n<h3>כמה עולה ג\'קוזי?</h3>\r\n<p>כדאי לדעת כי דני ג\'קוזי מציע מגוון מערכות ג\'קוזי למכירה מתוצרת הארץ ומתוצרת חוץ ומומלץ להתייעץ לפני בחירת ג\'קוזי לספא או ג\'קוזי גינה על מנת לבחור בג\'קוזי איכותי ועמיד לאורך זמן וליהנות ממוצר אמין עם מינימום תקלות. בנוסף, קניית ג\'קוזי למרפסת או ג\'קוזי לצימרים (או כל ג\'קוזי אחר) מדני ג\'קוזי מאפשרת לכם ליהנות מאחריות מלאה על ידי החברה ושמירות תיקונים מהיר, מקצועי ואיכותי ללא תחרות. לכן, לפני שאת ממהרים לקנות ג\'קוזי מחברה זו או אחרת חשוב לבצע סקר השוואת מחירים וללמוד את הנושא לעומק על מנת להבין האם הג\'קוזי בו אתם מעוניינים אכן מתאים למרפסת, לגינה, לצימר או לעסק שלכם. יש הרבה פרמטרים בהם יש להתחשב לפני בחירת הג\'קוזי ולכן מומלץ לקבל ייעוץ מדני ג\'קוזי המומחה מספר אחת בתחום.</p>\r\n<p>&nbsp;</p>\r\n<h3>לסיכום</h3>\r\n<p>אם אתם מחפשים טכנאי ג\'קוזי בצפון או בכל אזור אחר במדינה כדאי להתקשר לדני ג\'קוזי המציע מענה מהיר ומקצועי ופתרון יעיל לכל בעיות הג\'קוזי, במחירים המשתלמים ביותר. דרך דני ג\'קוזי ניתן לקנות ג\'קוזי חדש או יד שנייה וליהנות ממחיר אטרקטיבי ומשירות מעולה ומהיר.</p>\r\n<p>&nbsp;</p>', 'no-block', 6),
(45, 2, 31, '', '<h3>מומחים לתיקון ג\'קוזי</h3>\r\n<p><img src=\"http://danijacuzzi.co.il/upload_pics/Image/2s.jpg\" alt=\"\" width=\"307\" height=\"131\"></p>\r\n<p><strong>חברת דני ג\'קוזי מציגה.. בלה בךה בלה בלה בלה&nbsp;</strong></p>', 'half-c-block home-item last-item', 5),
(46, 2, 31, '', '<h3>מומחים לתיקון ג\'קוזי</h3>\r\n<p><img src=\"http://danijacuzzi.co.il/upload_pics/Image/2s.jpg\" alt=\"\" width=\"307\" height=\"131\"></p>\r\n<p><strong>חברת דני ג\'קוזי מציגה.. בלהת דני ג\'קוזי מציגה.. בלהת דני ג\'קוזי מציגה.. בלהת דני ג\'קוזי מציגה.. בלה בךה בלה בלה בלה&nbsp;</strong></p>', 'half-c-block home-item last-item', 3),
(47, 2, 31, '', '<h3>מומחים לתיקון ג\'קוזי</h3>\r\n<p><img src=\"http://danijacuzzi.co.il/upload_pics/Image/2s.jpg\" alt=\"\" width=\"307\" height=\"131\"></p>\r\n<p><strong>חברת דני ג\'קוזי מציגה.. בלהת דני ג\'קוזי מציגה.. בלהת דני ג\'קוזי מציגה.. בלהת דני ג\'קוזי מציגה.. בלה בךה בלה בלה בלה&nbsp;</strong></p>', 'home-item', 2),
(48, 2, 31, '', '<h3>מומחים לתיקון ג\'קוזי</h3>\r\n<p><img src=\"http://danijacuzzi.co.il/upload_pics/Image/2s.jpg\" alt=\"\" width=\"307\" height=\"131\"></p>\r\n<p><strong>חברת דני ג\'קוזי מציגה.. בלהת דני ג\'קוזי מציגה.. בלהת דני ג\'קוזי מציגה.. בלהת דני ג\'קוזי מציגה.. בלה בךה בלה בלה בלה&nbsp;</strong></p>', 'home-item', 4);

-- --------------------------------------------------------

--
-- Table structure for table `content_pages`
--

CREATE TABLE `content_pages` (
  `id` int(11) NOT NULL,
  `site_id` int(11) NOT NULL,
  `title` varchar(80) NOT NULL,
  `link` varchar(80) NOT NULL,
  `description` text DEFAULT NULL,
  `content` text NOT NULL,
  `meta_title` varchar(80) NOT NULL,
  `right_banner` varchar(32) DEFAULT NULL
) ENGINE=InnoDB DEFAULT CHARSET=utf8mb4;

--
-- Dumping data for table `content_pages`
--

INSERT INTO `content_pages` (`id`, `site_id`, `title`, `link`, `description`, `content`, `meta_title`, `right_banner`) VALUES
(9, 2, 'סתם סתם', 'סתם סתם', '', '', 'שוקו שוקו שוקו שוקו ', 'r_banner_9.png'),
(10, 2, 'בוא תראה איזה מגניב זה', 'דף-ראשון', '', '', 'שוקו שוקו שוקו שוקו ', 'r_banner_10.png'),
(11, 2, 'שוקו שוקו ', 'שוקו', 'שוקו שוקו שוקו שוקו שוקו שוקו שוקו שוקו שוקו שוקו שוקו שוקו ', 'שוקו שוקו שוקו שוקו שוקו שוקו ', 'שוקו שוקו שוקו שוקו ', ''),
(12, 1, 'בוא תראה איזה מגניב זה', 'שוקו שוקו', 'sdfsdf', '', 'שוקו שוקו שוקו שוקו ', ''),
(14, 1, 'sss', '', '', '', 'xxx', ''),
(15, 2, 'שמש טובה', 'שמש טובה', 'שמש טובה שמש טובה שמש טובה שמש טובה', '', 'שמש טובה', ''),
(16, 2, 'ירח מלא', 'ירח מלא', 'ירח מלא', '', 'ירח מלא', 'r_banner_16.png'),
(17, 2, 'עונות השנה', 'עונות השנה', 'עונות השנהעונות השנה', '', 'עונות השנה', ''),
(18, 2, 'קיץ', 'rrr', 'יש לי ציאור גדול על \' מה שקורה\r\nאם זה קורה אז יופי ', '', 'קיץ \"קיץ\" כן הוא', ''),
(19, 2, 'חורף', 'חורף חורף', '', '', 'חורף', ''),
(20, 2, 'סתיו', 'סתיו סתיו סתיו', '', '', 'סתיו', ''),
(21, 2, 'אביב', 'אביב אביב', 'אביב', '', 'אביב', ''),
(22, 2, 'חגי תשרי', 'חגי תשרי', 'חגי תשרי', '', 'חגי תשרי', 'r_banner_22.png'),
(23, 2, 'ראש השנה', 'ראש השנה', 'ראש השנה', '', 'ראש השנה', 'r_banner_23.png'),
(24, 2, 'סוכות', 'סוכות', 'סוכות', '', 'סוכות', 'r_banner_24.jpg'),
(25, 2, 'יום כיפור', 'יום כיפור', '', '', 'יום כיפור', ''),
(26, 2, 'בדיקה', 'בדיקהבדיקה בדיקה', '', '', 'בדיקה', ''),
(27, 2, 'דף הבית', '---', '', '', 'דף הבית', 'r_banner_27.jpg'),
(28, 2, 'עורכי דין', 'עורכי דין', '', '', 'עורכי דין', ''),
(29, 2, 'הובלות', 'הובלות', '', '', 'הובלות', 'r_banner_29.jpg'),
(30, 2, 'הובלות גדולות', 'הובלות גדולות', '', '', 'הובלות גדולות', ''),
(31, 2, 'הובלת רכבים', 'הובלת רכבים', '', '', 'הובלת רכבים', ''),
(36, 2, 'שוקו שוקו \"אני הולך\" צ\'יקמוקים', 'שוקו שוקו \"אני הולך\" צ\'יקמוקים', '', '', 'שוקו שוקו \"אני הולך\" צ\'יקמוקים', '');

-- --------------------------------------------------------

--
-- Table structure for table `global_settings`
--

CREATE TABLE `global_settings` (
  `id` int(11) NOT NULL,
  `param_name` varchar(32) NOT NULL,
  `label` varchar(120) NOT NULL,
  `val_type` varchar(32) NOT NULL,
  `text_val` text DEFAULT NULL,
  `varchar_val` varchar(32) DEFAULT NULL,
  `tinyint_val` tinyint(4) DEFAULT NULL,
  `int_val` int(11) DEFAULT NULL,
  `longvarchar_val` varchar(80) DEFAULT NULL
) ENGINE=InnoDB DEFAULT CHARSET=utf8mb4;

--
-- Dumping data for table `global_settings`
--

INSERT INTO `global_settings` (`id`, `param_name`, `label`, `val_type`, `text_val`, `varchar_val`, `tinyint_val`, `int_val`, `longvarchar_val`) VALUES
(1, 'login_with_sms', 'כניסה למערכת באמצעות SMS', 'tinyint', NULL, NULL, 0, NULL, NULL),
(2, 'c_tracking_on', 'הפעל מוניטור שיחות', 'tinyint', NULL, NULL, 1, NULL, NULL),
(3, 'chek', 'בדיקת פרמטר חדש', 'varchar', NULL, '44', NULL, NULL, NULL);

-- --------------------------------------------------------

--
-- Table structure for table `info_stam`
--

CREATE TABLE `info_stam` (
  `id` int(11) NOT NULL,
  `info_name` varchar(32) DEFAULT NULL,
  `info_data` varchar(32) DEFAULT NULL,
  `more_info` text DEFAULT NULL
) ENGINE=InnoDB DEFAULT CHARSET=utf8mb4;

--
-- Dumping data for table `info_stam`
--

INSERT INTO `info_stam` (`id`, `info_name`, `info_data`, `more_info`) VALUES
(1, ':2222', 'H*x5WAq6Z7@$', 'ilbiz4.spd.co.il...'),
(3, 'ilan123_ilbiz', 'AV5AygKtUM', NULL);

-- --------------------------------------------------------

--
-- Table structure for table `lead_refund_requests`
--

CREATE TABLE `lead_refund_requests` (
  `id` int(11) NOT NULL,
  `user_id` int(11) NOT NULL,
  `row_id` int(11) NOT NULL,
  `reason` int(11) NOT NULL,
  `comment` text DEFAULT NULL,
  `request_time` datetime NOT NULL DEFAULT current_timestamp(),
  `denied` tinyint(4) NOT NULL DEFAULT 0,
  `admin_comment` text DEFAULT NULL
) ENGINE=InnoDB DEFAULT CHARSET=utf8mb4;

--
-- Dumping data for table `lead_refund_requests`
--

INSERT INTO `lead_refund_requests` (`id`, `user_id`, `row_id`, `reason`, `comment`, `request_time`, `denied`, `admin_comment`) VALUES
(1, 1, 374, 31, 'ביקשתי זיכוי, מעניין אם אקבל', '2023-03-13 14:34:22', 0, NULL),
(2, 1, 374, 23, 'מה וזה', '2023-03-13 14:34:22', 1, 'לא מזכה ודיי'),
(3, 1, 374, 31, 'please refund me now!!!', '2023-03-13 14:34:22', 1, 'לא מזכה ודיי'),
(4, 1, 350, 23, 'ddd', '2023-03-13 14:34:22', 0, NULL),
(5, 1, 340, 23, 'dsfsdf', '2023-03-13 14:34:22', 0, NULL),
(6, 1, 337, 23, 'vxxcv', '2023-03-13 14:34:22', 0, NULL),
(7, 1, 334, 23, 'bbbbb', '2023-03-13 14:34:22', 1, 'בוטל'),
(8, 1, 331, 23, 'bbbb', '2023-03-13 14:34:22', 1, NULL),
(9, 1, 328, 23, 'ccxzc', '2023-03-13 14:34:22', 0, NULL),
(10, 1, 326, 31, 'eeee', '2023-03-13 14:34:22', 0, NULL),
(11, 1, 323, 23, 'poiuyu', '2023-03-13 14:34:22', 0, NULL),
(12, 1, 322, 23, 'yutyu', '2023-03-13 14:34:22', 0, NULL),
(13, 1, 319, 23, ',,mnmv', '2023-03-13 14:34:22', 0, NULL),
(14, 1, 316, 23, 'wvxcvx\'cxvzv', '2023-03-13 14:34:22', 1, 'xcvxcxcvx'),
(15, 1, 312, 23, 'eee', '2023-03-13 14:34:22', 0, NULL),
(16, 1, 309, 23, 'gdg', '2023-03-13 14:34:22', 0, NULL),
(17, 1, 306, 23, 'vfnfn', '2023-03-13 14:34:22', 0, NULL),
(18, 1, 303, 31, 'vbnvbn', '2023-03-13 14:34:22', 0, NULL),
(19, 1, 300, 23, 'vbnxcvzc', '2023-03-13 14:34:22', 0, NULL),
(20, 1, 297, 23, 'cccvzczxczc', '2023-03-13 14:34:22', 0, NULL),
(21, 1, 294, 23, 'xcvxvbnhkgjf h  fhf hf', '2023-03-13 14:34:22', 1, 'לא נו'),
(22, 1, 316, 23, 'cssccscs', '2023-03-13 14:34:22', 0, NULL),
(23, 1, 316, 23, 'גגגגגגג גג גגג', '2023-03-13 14:34:22', 1, 'אני מחליט שלא !!!'),
(24, 1, 315, 23, 'זיכוי חדש', '2023-03-13 14:34:22', 0, NULL),
(25, 1, 257, 23, 'בדיקת ריבוי בקשות זיכוי 1', '2023-03-13 14:34:22', 0, NULL),
(26, 1, 257, 31, 'בדיקת ריבוי בקשות 2', '2023-03-13 14:34:22', 0, NULL),
(27, 1, 257, 23, 'בדיקת ריבוי בקשות 3', '2023-03-13 14:34:22', 0, NULL),
(28, 1, 257, 23, 'בדיקת ריבוי בקשות 4', '2023-03-13 14:34:22', 1, 'dcsdc');

-- --------------------------------------------------------

--
-- Table structure for table `login_trace`
--

CREATE TABLE `login_trace` (
  `id` int(11) NOT NULL,
  `user_id` int(11) NOT NULL,
  `session_id` varchar(32) NOT NULL,
  `ip` varchar(32) NOT NULL,
  `sms_code` varchar(32) DEFAULT NULL,
  `login_time` datetime NOT NULL,
  `session_exp` datetime DEFAULT NULL,
  `reset_pass_token` varchar(32) DEFAULT NULL
) ENGINE=InnoDB DEFAULT CHARSET=utf8mb4;

--
-- Dumping data for table `login_trace`
--

INSERT INTO `login_trace` (`id`, `user_id`, `session_id`, `ip`, `sms_code`, `login_time`, `session_exp`, `reset_pass_token`) VALUES
(1, 1, '127303031', '127.0.0.1', NULL, '2022-12-14 10:57:23', NULL, NULL),
(2, 1, '127303031', '127.0.0.1', NULL, '2022-12-14 11:42:40', NULL, NULL),
(3, 1, '127303031', '127.0.0.1', '123456', '2022-12-14 11:45:17', NULL, NULL),
(4, 1, '127303031', '127.0.0.1', '123456', '2022-12-14 11:47:45', NULL, NULL),
(5, 1, '1273030311671011486', '127.0.0.1', '123456', '2022-12-14 11:51:26', NULL, NULL),
(6, 1, '1273030311671013156', '127.0.0.1', '123456', '2022-12-14 12:19:16', NULL, NULL),
(7, 1, '1273030311671020301', '127.0.0.1', '59096', '2022-12-14 14:18:21', NULL, NULL),
(8, 1, '1273030311671021153', '127.0.0.1', '79382', '2022-12-14 14:32:33', NULL, NULL),
(9, 1, '1273030311671021170', '127.0.0.1', '72144', '2022-12-14 14:32:50', NULL, NULL),
(10, 1, '1273030311671025147', '127.0.0.1', '61838', '2022-12-14 15:39:07', NULL, NULL),
(11, 1, '1273030311671025367', '127.0.0.1', '58413', '2022-12-14 15:42:47', NULL, NULL),
(12, 1, '1273030311671025554', '127.0.0.1', '32375', '2022-12-14 15:45:54', NULL, NULL),
(13, 1, '1273030311671025643', '127.0.0.1', '57001', '2022-12-14 15:47:23', NULL, NULL),
(14, 1, '1273030311671025662', '127.0.0.1', '27452', '2022-12-14 15:47:42', NULL, NULL),
(15, 1, '1273030311671025818', '127.0.0.1', '47542', '2022-12-14 15:50:18', NULL, NULL),
(16, 1, '1273030311671025872', '127.0.0.1', '41132', '2022-12-14 15:51:12', NULL, NULL),
(17, 1, '1273030311671035480', '127.0.0.1', '56812', '2022-12-14 18:31:20', NULL, NULL),
(18, 1, '1273030311671035748', '127.0.0.1', '94939', '2022-12-14 18:35:48', NULL, NULL),
(19, 1, '1273030311671035770', '127.0.0.1', '53625', '2022-12-14 18:36:10', NULL, NULL),
(20, 1, '1273030311671035775', '127.0.0.1', '24647', '2022-12-14 18:36:15', NULL, NULL),
(21, 1, '1273030311671035798', '127.0.0.1', '72624', '2022-12-14 18:36:38', NULL, NULL),
(22, 1, '1273030311671035803', '127.0.0.1', '40031', '2022-12-14 18:36:43', NULL, NULL),
(23, 1, '1273030311671035831', '127.0.0.1', '61555', '2022-12-14 18:37:11', NULL, NULL),
(24, 1, '1273030311671035842', '127.0.0.1', '77256', '2022-12-14 18:37:22', NULL, NULL),
(25, 1, '1273030311671036204', '127.0.0.1', '', '2022-12-14 18:43:24', NULL, NULL),
(26, 1, '1273030311671037227', '127.0.0.1', '', '2022-12-14 19:00:27', NULL, NULL),
(27, 1, '1273030311671037289', '127.0.0.1', '67000', '2022-12-14 19:01:29', NULL, NULL),
(28, 1, '1273030311671088354', '127.0.0.1', '82224', '2022-12-15 09:12:34', NULL, NULL),
(29, 1, '1273030311671091148', '127.0.0.1', '', '2022-12-15 09:59:08', NULL, NULL),
(30, 1, '1273030311671094423', '127.0.0.1', '', '2022-12-15 10:53:43', NULL, NULL),
(31, 1, '1273030311671100761', '127.0.0.1', '', '2022-12-15 12:39:21', NULL, NULL),
(32, 1, '1273030311671127509', '127.0.0.1', '', '2022-12-15 20:05:09', NULL, NULL),
(33, 1, '1273030311671344860', '127.0.0.1', '', '2022-12-18 08:27:40', NULL, NULL),
(34, 1, '1273030311671344940', '127.0.0.1', '', '2022-12-18 08:29:00', NULL, NULL),
(35, 1, '1273030311671346861', '127.0.0.1', '', '2022-12-18 09:01:01', NULL, NULL),
(36, 1, '1273030311671356256', '127.0.0.1', '', '2022-12-18 11:37:36', NULL, NULL),
(37, 1, '1273030311671357837', '127.0.0.1', '', '2022-12-18 12:03:57', NULL, NULL),
(38, 1, '1273030311671358279', '127.0.0.1', '', '2022-12-18 12:11:19', NULL, NULL),
(39, 1, '1273030311671371347', '127.0.0.1', '59616', '2022-12-18 15:49:07', NULL, NULL),
(40, 1, '1273030311671371463', '127.0.0.1', '', '2022-12-18 15:51:03', NULL, NULL),
(41, 1, '1273030311671964475', '127.0.0.1', '', '2022-12-25 12:34:35', NULL, NULL),
(42, 1, '1273030311672310193', '127.0.0.1', '', '2022-12-29 12:36:33', NULL, NULL),
(43, 1, '1273030311672313118', '127.0.0.1', '', '2022-12-29 13:25:18', NULL, NULL),
(44, 1, '1273030311672335588', '127.0.0.1', '', '2022-12-29 19:39:48', NULL, NULL),
(45, 1, '1273030311672338459', '127.0.0.1', '', '2022-12-29 20:27:39', NULL, NULL),
(46, 1, '1273030311672342140', '127.0.0.1', '', '2022-12-29 21:29:00', NULL, NULL),
(47, 1, '1273030311672385267', '127.0.0.1', '', '2022-12-30 09:27:47', NULL, NULL),
(48, 1, '1273030311672391732', '127.0.0.1', '', '2022-12-30 11:15:32', NULL, NULL),
(49, 1, '1273030311672393026', '127.0.0.1', '', '2022-12-30 11:37:06', NULL, NULL),
(50, 1, '1273030311672394623', '127.0.0.1', '', '2022-12-30 12:03:43', NULL, NULL),
(51, 1, '1273030311672394867', '127.0.0.1', '', '2022-12-30 12:07:47', NULL, NULL),
(52, 1, '1273030311672394941', '127.0.0.1', '', '2022-12-30 12:09:01', NULL, NULL),
(53, 1, '1273030311672395481', '127.0.0.1', '', '2022-12-30 12:18:01', NULL, NULL),
(54, 1, '1273030311672395704', '127.0.0.1', '', '2022-12-30 12:21:44', NULL, NULL),
(55, 1, '1273030311672399956', '127.0.0.1', '', '2022-12-30 13:32:36', NULL, NULL),
(56, 1, '1273030311672403147', '127.0.0.1', '', '2022-12-30 14:25:47', NULL, NULL),
(57, 1, '1273030311672409041', '127.0.0.1', '', '2022-12-30 16:04:01', NULL, NULL),
(58, 1, '1273030311672409076', '127.0.0.1', '', '2022-12-30 16:04:36', NULL, NULL),
(59, 1, '1273030311672410137', '127.0.0.1', '', '2022-12-30 16:22:17', NULL, NULL),
(60, 1, '1273030311672415263', '127.0.0.1', '', '2022-12-30 17:47:43', NULL, NULL),
(61, 1, '1273030311672426707', '127.0.0.1', '', '2022-12-30 20:58:27', NULL, NULL),
(62, 1, '1273030311672426863', '127.0.0.1', '', '2022-12-30 21:01:03', NULL, NULL),
(63, 1, '1273030311672486035', '127.0.0.1', '', '2022-12-31 13:27:15', NULL, NULL),
(64, 1, '1273030311672492633', '127.0.0.1', '', '2022-12-31 15:17:13', NULL, NULL),
(65, 1, '1273030311672498094', '127.0.0.1', '', '2022-12-31 16:48:14', NULL, NULL),
(66, 1, '1273030311672509910', '127.0.0.1', '', '2022-12-31 20:05:10', NULL, NULL),
(67, 1, '1273030311672567146', '127.0.0.1', '', '2023-01-01 11:59:06', NULL, NULL),
(68, 1, '1273030311672570602', '127.0.0.1', '', '2023-01-01 12:56:42', NULL, NULL),
(69, 1, '1273030311672571738', '127.0.0.1', '', '2023-01-01 13:15:38', NULL, NULL),
(70, 1, '1273030311672573870', '127.0.0.1', '', '2023-01-01 13:51:10', NULL, NULL),
(71, 1, '1273030311672575380', '127.0.0.1', '', '2023-01-01 14:16:20', NULL, NULL),
(72, 1, '1273030311672577154', '127.0.0.1', '', '2023-01-01 14:45:54', NULL, NULL),
(73, 1, '1273030311672577846', '127.0.0.1', '', '2023-01-01 14:57:26', NULL, NULL),
(74, 1, '1273030311672643892', '127.0.0.1', '', '2023-01-02 09:18:12', NULL, NULL),
(75, 1, '1273030311672643926', '127.0.0.1', '', '2023-01-02 09:18:46', NULL, NULL),
(76, 1, '1273030311672652158', '127.0.0.1', '', '2023-01-02 11:35:58', NULL, NULL),
(77, 1, '1273030311672658058', '127.0.0.1', '', '2023-01-02 13:14:18', NULL, NULL),
(78, 1, '1273030311672667217', '127.0.0.1', '', '2023-01-02 15:46:57', NULL, NULL),
(79, 1, '1273030311672673794', '127.0.0.1', '', '2023-01-02 17:36:34', NULL, NULL),
(80, 1, '1273030311672682086', '127.0.0.1', '', '2023-01-02 19:54:46', NULL, NULL),
(81, 1, '1273030311672682797', '127.0.0.1', '', '2023-01-02 20:06:37', NULL, NULL),
(82, 1, '1273030311672729189', '127.0.0.1', '', '2023-01-03 08:59:49', NULL, NULL),
(83, 1, '1273030311672741365', '127.0.0.1', '', '2023-01-03 12:22:45', NULL, NULL),
(84, 1, '1273030311672744301', '127.0.0.1', '', '2023-01-03 13:11:41', NULL, NULL),
(85, 1, '1273030311672747998', '127.0.0.1', '', '2023-01-03 14:13:18', NULL, NULL),
(86, 1, '1273030311672763839', '127.0.0.1', '', '2023-01-03 18:37:19', NULL, NULL),
(87, 1, '1273030311672766180', '127.0.0.1', '', '2023-01-03 19:16:20', NULL, NULL),
(88, 1, '1273030311672766691', '127.0.0.1', '', '2023-01-03 19:24:51', NULL, NULL),
(89, 1, '1273030311672821710', '127.0.0.1', '', '2023-01-04 10:41:50', NULL, NULL),
(90, 1, '1273030311672846952', '127.0.0.1', '', '2023-01-04 17:42:32', NULL, NULL),
(91, 1, '1273030311672863305', '127.0.0.1', '', '2023-01-04 22:15:05', NULL, NULL),
(92, 1, '1273030311672867635', '127.0.0.1', '', '2023-01-04 23:27:15', NULL, NULL),
(93, 1, '1273030311672901777', '127.0.0.1', '', '2023-01-05 08:56:17', NULL, NULL),
(94, 1, '1273030311672916430', '127.0.0.1', '', '2023-01-05 13:00:30', NULL, NULL),
(95, 1, '1273030311672917637', '127.0.0.1', '', '2023-01-05 13:20:37', NULL, NULL),
(96, 1, '1273030311672937872', '127.0.0.1', '', '2023-01-05 18:57:52', NULL, NULL),
(97, 1, '1273030311672996689', '127.0.0.1', '', '2023-01-06 11:18:09', NULL, NULL),
(98, 1, '1273030311673001495', '127.0.0.1', '', '2023-01-06 12:38:15', NULL, NULL),
(99, 1, '1273030311673159627', '127.0.0.1', '', '2023-01-08 08:33:47', NULL, NULL),
(100, 1, '1273030311673161952', '127.0.0.1', '', '2023-01-08 09:12:32', NULL, NULL),
(101, 1, '1273030311673171150', '127.0.0.1', '', '2023-01-08 11:45:50', NULL, NULL),
(102, 1, '1273030311673177377', '127.0.0.1', '', '2023-01-08 13:29:37', NULL, NULL),
(103, 1, '1273030311673180096', '127.0.0.1', '', '2023-01-08 14:14:56', NULL, NULL),
(104, 1, '1273030311673182425', '127.0.0.1', '', '2023-01-08 14:53:45', NULL, NULL),
(105, 1, '1273030311673194860', '127.0.0.1', '', '2023-01-08 18:21:00', NULL, NULL),
(106, 1, '1273030311673207722', '127.0.0.1', '', '2023-01-08 21:55:22', NULL, NULL),
(107, 1, '1273030311673249184', '127.0.0.1', '', '2023-01-09 09:26:24', NULL, NULL),
(108, 1, '1273030311673253144', '127.0.0.1', '', '2023-01-09 10:32:24', NULL, NULL),
(109, 1, '1273030311673262416', '127.0.0.1', '', '2023-01-09 13:06:56', NULL, NULL),
(110, 1, '1273030311673267525', '127.0.0.1', '', '2023-01-09 14:32:05', NULL, NULL),
(111, 1, '1273030311673272263', '127.0.0.1', '', '2023-01-09 15:51:03', NULL, NULL),
(112, 1, '1273030311673280620', '127.0.0.1', '', '2023-01-09 18:10:20', NULL, NULL),
(113, 1, '1273030311673286775', '127.0.0.1', '', '2023-01-09 19:52:55', NULL, NULL),
(114, 1, '1273030311673327482', '127.0.0.1', '', '2023-01-10 07:11:22', NULL, NULL),
(115, 1, '1273030311673414491', '127.0.0.1', '', '2023-01-11 07:21:31', NULL, NULL),
(116, 1, '1273030311673434976', '127.0.0.1', '', '2023-01-11 13:02:56', NULL, NULL),
(117, 1, '1273030311673454947', '127.0.0.1', '', '2023-01-11 18:35:47', NULL, NULL),
(118, 1, '1273030311673510916', '127.0.0.1', '', '2023-01-12 10:08:36', NULL, NULL),
(119, 1, '1273030311673529381', '127.0.0.1', '', '2023-01-12 15:16:21', NULL, NULL),
(120, 1, '1273030311673535418', '127.0.0.1', '', '2023-01-12 16:56:58', NULL, NULL),
(121, 1, '1273030311673538396', '127.0.0.1', '', '2023-01-12 17:46:36', NULL, NULL),
(122, 1, '1273030311673760748', '127.0.0.1', '', '2023-01-15 07:32:28', NULL, NULL),
(123, 1, '1273030311673856171', '127.0.0.1', '', '2023-01-16 10:02:51', NULL, NULL),
(124, 1, '1273030311673858908', '127.0.0.1', '', '2023-01-16 10:48:28', NULL, NULL),
(125, 1, '1273030311673868329', '127.0.0.1', '', '2023-01-16 13:25:29', NULL, NULL),
(126, 1, '1273030311673884147', '127.0.0.1', '', '2023-01-16 17:49:07', NULL, NULL),
(127, 1, '1273030311673943410', '127.0.0.1', '', '2023-01-17 10:16:50', NULL, NULL),
(128, 1, '1273030311673952362', '127.0.0.1', '', '2023-01-17 12:46:02', NULL, NULL),
(129, 1, '1273030311673961278', '127.0.0.1', '', '2023-01-17 15:14:38', NULL, NULL),
(130, 1, '1273030311674111645', '127.0.0.1', '', '2023-01-19 09:00:45', NULL, NULL),
(131, 1, '1273030311674115995', '127.0.0.1', '', '2023-01-19 10:13:15', NULL, NULL),
(132, 1, '1273030311674119767', '127.0.0.1', '', '2023-01-19 11:16:07', NULL, NULL),
(133, 1, '1273030311674463940', '127.0.0.1', '', '2023-01-23 10:52:20', NULL, NULL),
(134, 1, '1273030311674465833', '127.0.0.1', '', '2023-01-23 11:23:53', NULL, NULL),
(135, 1, '1273030311674467238', '127.0.0.1', '', '2023-01-23 11:47:18', NULL, NULL),
(136, 1, '1273030311674468212', '127.0.0.1', '', '2023-01-23 12:03:32', NULL, NULL),
(137, 1, '1273030311674481521', '127.0.0.1', '', '2023-01-23 15:45:21', NULL, NULL),
(138, 1, '1273030311674481562', '127.0.0.1', '', '2023-01-23 15:46:02', NULL, NULL),
(139, 1, '1273030311674544522', '127.0.0.1', '', '2023-01-24 09:15:22', NULL, NULL),
(140, 1, '1273030311674544870', '127.0.0.1', '', '2023-01-24 09:21:10', NULL, NULL),
(141, 1, '1273030311674544942', '127.0.0.1', '', '2023-01-24 09:22:22', NULL, NULL),
(142, 1, '1273030311674544966', '127.0.0.1', '', '2023-01-24 09:22:46', NULL, NULL),
(143, 1, '1273030311674545018', '127.0.0.1', '', '2023-01-24 09:23:38', NULL, NULL),
(144, 1, '1273030311674545073', '127.0.0.1', '', '2023-01-24 09:24:33', NULL, NULL),
(145, 1, '1273030311674547194', '127.0.0.1', '', '2023-01-24 09:59:54', NULL, NULL),
(146, 1, '1273030311674555602', '127.0.0.1', '', '2023-01-24 12:20:02', NULL, NULL),
(147, 1, '1273030311674557091', '127.0.0.1', '', '2023-01-24 12:44:51', NULL, NULL),
(148, 1, '1273030311674573655', '127.0.0.1', '', '2023-01-24 17:20:55', NULL, NULL),
(149, 1, '1273030311674575750', '127.0.0.1', '', '2023-01-24 17:55:50', NULL, NULL),
(150, 1, '1273030311674589449', '127.0.0.1', '', '2023-01-24 21:44:09', NULL, NULL),
(151, 1, '1273030311674592118', '127.0.0.1', '', '2023-01-24 22:28:38', NULL, NULL),
(152, 1, '1273030311674635534', '127.0.0.1', '', '2023-01-25 10:32:14', NULL, NULL),
(153, 1, '1273030311674638518', '127.0.0.1', '', '2023-01-25 11:21:58', NULL, NULL),
(154, 1, '1273030311674642150', '127.0.0.1', '', '2023-01-25 12:22:30', NULL, NULL),
(155, 1, '1273030311674645050', '127.0.0.1', '', '2023-01-25 13:10:50', NULL, NULL),
(156, 1, '1273030311674645124', '127.0.0.1', '', '2023-01-25 13:12:04', NULL, NULL),
(157, 1, '1273030311674652560', '127.0.0.1', '', '2023-01-25 15:16:00', NULL, NULL),
(158, 1, '1273030311674653458', '127.0.0.1', '', '2023-01-25 15:30:58', NULL, NULL),
(159, 1, '1273030311674666354', '127.0.0.1', '', '2023-01-25 19:05:54', NULL, NULL),
(160, 1, '1273030311674676817', '127.0.0.1', '', '2023-01-25 22:00:17', NULL, NULL),
(161, 1, '1273030311674682211', '127.0.0.1', '', '2023-01-25 23:30:11', NULL, NULL),
(162, 1, '1273030311674716639', '127.0.0.1', '', '2023-01-26 09:03:59', NULL, NULL),
(163, 1, '1273030311674718971', '127.0.0.1', '', '2023-01-26 09:42:51', NULL, NULL),
(164, 1, '1273030311674723667', '127.0.0.1', '', '2023-01-26 11:01:07', NULL, NULL),
(165, 1, '1273030311674751823', '127.0.0.1', '', '2023-01-26 18:50:23', NULL, NULL),
(166, 1, '1273030311674834683', '127.0.0.1', '', '2023-01-27 17:51:23', NULL, NULL),
(167, 1, '1273030311674835014', '127.0.0.1', '', '2023-01-27 17:56:54', NULL, NULL),
(168, 1, '1273030311674835199', '127.0.0.1', '', '2023-01-27 17:59:59', NULL, NULL),
(169, 1, '1273030311674978419', '127.0.0.1', '', '2023-01-29 09:46:59', NULL, NULL),
(170, 1, '1273030311674982921', '127.0.0.1', '', '2023-01-29 11:02:01', NULL, NULL),
(171, 1, '1273030311674988621', '127.0.0.1', '', '2023-01-29 12:37:01', NULL, NULL),
(172, 1, '1273030311675062741', '127.0.0.1', '', '2023-01-30 09:12:21', NULL, NULL),
(173, 1, '1273030311675067396', '127.0.0.1', '', '2023-01-30 10:29:56', NULL, NULL),
(174, 1, '1273030311675081753', '127.0.0.1', '', '2023-01-30 14:29:13', NULL, NULL),
(175, 1, '1273030311675087172', '127.0.0.1', '', '2023-01-30 15:59:32', NULL, NULL),
(176, 1, '1273030311675087851', '127.0.0.1', '', '2023-01-30 16:10:51', NULL, NULL),
(177, 1, '1273030311675104231', '127.0.0.1', '', '2023-01-30 20:43:51', NULL, NULL),
(178, 1, '1273030311675151343', '127.0.0.1', '', '2023-01-31 09:49:03', NULL, NULL),
(179, 1, '1273030311675151496', '127.0.0.1', '', '2023-01-31 09:51:36', NULL, NULL),
(180, 1, '1273030311675160470', '127.0.0.1', '', '2023-01-31 12:21:10', NULL, NULL),
(181, 1, '1273030311675160873', '127.0.0.1', '', '2023-01-31 12:27:53', NULL, NULL),
(182, 1, '1273030311675160981', '127.0.0.1', '', '2023-01-31 12:29:41', NULL, NULL),
(183, 5, '1273030311675169975', '127.0.0.1', '', '2023-01-31 14:59:35', NULL, NULL),
(184, 5, '1273030311675170089', '127.0.0.1', '', '2023-01-31 15:01:29', NULL, NULL),
(185, 1, '1273030311675170110', '127.0.0.1', '', '2023-01-31 15:01:50', NULL, NULL),
(186, 1, '1273030311675173994', '127.0.0.1', '', '2023-01-31 16:06:34', NULL, NULL),
(187, 1, '1273030311675181109', '127.0.0.1', '', '2023-01-31 18:05:09', NULL, NULL),
(188, 1, '1273030311675190230', '127.0.0.1', '', '2023-01-31 20:37:10', NULL, NULL),
(189, 1, '1273030311675194607', '127.0.0.1', '', '2023-01-31 21:50:07', NULL, NULL),
(190, 1, '1273030311675195974', '127.0.0.1', '', '2023-01-31 22:12:54', NULL, NULL),
(191, 1, '1273030311675235411', '127.0.0.1', '', '2023-02-01 09:10:11', NULL, NULL),
(192, 1, '1273030311675238019', '127.0.0.1', '', '2023-02-01 09:53:39', NULL, NULL),
(193, 1, '1273030311675241974', '127.0.0.1', '', '2023-02-01 10:59:34', NULL, NULL),
(194, 1, '1273030311675259307', '127.0.0.1', '', '2023-02-01 15:48:27', NULL, NULL),
(195, 1, '1273030311675268323', '127.0.0.1', '', '2023-02-01 18:18:43', NULL, NULL),
(196, 1, '1273030311675289092', '127.0.0.1', '', '2023-02-02 00:04:52', NULL, NULL),
(197, 1, '1273030311675331003', '127.0.0.1', '', '2023-02-02 11:43:23', NULL, NULL),
(198, 1, '1273030311675331015', '127.0.0.1', '', '2023-02-02 11:43:35', NULL, NULL),
(199, 1, '1273030311675586442', '127.0.0.1', '', '2023-02-05 10:40:42', NULL, NULL),
(200, 1, '1273030311675586475', '127.0.0.1', '', '2023-02-05 10:41:15', NULL, NULL),
(201, 1, '1273030311675594718', '127.0.0.1', '', '2023-02-05 12:58:38', NULL, NULL),
(202, 1, '1273030311675604183', '127.0.0.1', '', '2023-02-05 15:36:23', NULL, NULL),
(203, 1, '1273030311675605348', '127.0.0.1', '', '2023-02-05 15:55:48', NULL, NULL),
(204, 1, '1273030311675782762', '127.0.0.1', '', '2023-02-07 17:12:42', NULL, NULL),
(205, 1, '1273030311675788804', '127.0.0.1', '', '2023-02-07 18:53:24', NULL, NULL),
(206, 1, '1273030311676198790', '127.0.0.1', '', '2023-02-12 12:46:30', NULL, NULL),
(207, 1, '1273030311676217558', '127.0.0.1', '', '2023-02-12 17:59:18', NULL, NULL),
(208, 1, '1273030311676233703', '127.0.0.1', '', '2023-02-12 22:28:23', NULL, NULL),
(209, 1, '1273030311676366791', '127.0.0.1', '', '2023-02-14 11:26:31', NULL, NULL),
(210, 1, '1273030311676371198', '127.0.0.1', '', '2023-02-14 12:39:58', NULL, NULL),
(211, 1, '1273030311676783833', '127.0.0.1', '', '2023-02-19 07:17:13', NULL, NULL),
(212, 1, '1273030311676875805', '127.0.0.1', '', '2023-02-20 08:50:05', NULL, NULL),
(213, 1, '1273030311677157412', '127.0.0.1', '', '2023-02-23 15:03:32', NULL, NULL),
(214, 1, '1273030311677399572', '127.0.0.1', '', '2023-02-26 10:19:32', NULL, NULL),
(215, 1, '1273030311677402429', '127.0.0.1', '', '2023-02-26 11:07:09', NULL, NULL),
(216, 1, '1273030311677746483', '127.0.0.1', '', '2023-03-02 10:41:23', NULL, NULL),
(217, 1, '1273030311677746560', '127.0.0.1', '', '2023-03-02 10:42:40', NULL, NULL),
(218, 1, '1273030311677749837', '127.0.0.1', '', '2023-03-02 11:37:17', NULL, NULL),
(219, 1, '1273030311677997536', '127.0.0.1', '', '2023-03-05 08:25:36', NULL, NULL),
(220, 1, '1273030311678012636', '127.0.0.1', '', '2023-03-05 12:37:16', NULL, NULL),
(221, 1, '1273030311678036882', '127.0.0.1', '', '2023-03-05 19:21:22', NULL, NULL),
(222, 1, '1273030311678125335', '127.0.0.1', '', '2023-03-06 19:55:35', NULL, NULL),
(223, 1, '1273030311678183207', '127.0.0.1', '', '2023-03-07 12:00:07', NULL, NULL),
(224, 1, '1273030311678599954', '127.0.0.1', '', '2023-03-12 07:45:54', NULL, NULL),
(225, 1, '1273030311678623846', '127.0.0.1', '', '2023-03-12 14:24:06', NULL, NULL),
(226, 1, '1273030311678623858', '127.0.0.1', '', '2023-03-12 14:24:18', NULL, NULL),
(227, 1, '1273030311678699915', '127.0.0.1', '', '2023-03-13 11:31:55', NULL, NULL),
(228, 1, '1273030311678701212', '127.0.0.1', '', '2023-03-13 11:53:32', NULL, NULL),
(229, 1, '1273030311678958396', '127.0.0.1', '52524', '2023-03-16 11:19:56', NULL, NULL),
(230, 1, '1273030311678958427', '127.0.0.1', '', '2023-03-16 11:20:27', NULL, NULL),
(231, 1, '1273030311679215650', '127.0.0.1', '', '2023-03-19 10:47:30', NULL, NULL),
(232, 1, '1273030311679229131', '127.0.0.1', '', '2023-03-19 14:32:11', NULL, NULL);

-- --------------------------------------------------------

--
-- Table structure for table `menu_items`
--

CREATE TABLE `menu_items` (
  `id` int(11) NOT NULL,
  `site_id` int(11) NOT NULL,
  `menu_id` smallint(6) NOT NULL,
  `parent` int(11) NOT NULL,
  `page_id` int(11) DEFAULT NULL,
  `url` varchar(80) DEFAULT NULL,
  `label` varchar(80) NOT NULL,
  `priority` int(11) NOT NULL DEFAULT 0,
  `target` tinyint(4) NOT NULL DEFAULT 0,
  `link_type` smallint(6) NOT NULL DEFAULT 0,
  `css_class` varchar(32) NOT NULL,
  `active` tinyint(4) NOT NULL DEFAULT 1
) ENGINE=InnoDB DEFAULT CHARSET=utf8mb4;

--
-- Dumping data for table `menu_items`
--

INSERT INTO `menu_items` (`id`, `site_id`, `menu_id`, `parent`, `page_id`, `url`, `label`, `priority`, `target`, `link_type`, `css_class`, `active`) VALUES
(87, 2, 2, 122, -1, 'http://google.com', 'גוגל', 100, 1, 0, '', 1),
(88, 2, 2, 122, -1, '#', 'פייסוש', 100, 0, 0, '', 1),
(89, 2, 2, 0, 17, '', 'עונות השנה 2', 100, 0, 1, '', 1),
(90, 2, 2, 89, 18, '', 'קיץ', 100, 0, 1, '', 1),
(91, 2, 2, 93, 19, '', 'חורף', 100, 0, 1, '', 1),
(92, 2, 2, 89, 20, '', 'סתיו', 100, 0, 1, '', 1),
(93, 2, 2, 89, 21, '', 'אביב', 100, 0, 1, '', 1),
(94, 2, 2, 92, 22, '', 'חגיי תשרי', 100, 0, 1, '', 1),
(95, 2, 2, 94, 23, '', 'ראש השנה', 100, 0, 1, '', 1),
(96, 2, 2, 94, 24, '', 'סוכות', 100, 0, 1, '', 1),
(97, 2, 2, 94, 25, '', 'יום כיפור', 100, 0, 1, '', 1),
(98, 2, 1, 0, 16, '#', 'מדריכים', 100, 0, 1, '', 1),
(99, 2, 1, 0, 25, '#', 'יועצים', 100, 0, 1, '', 1),
(100, 2, 1, 0, -1, '', 'מחירון מומלץ', 100, 0, 2, '', 1),
(101, 2, 1, 0, -1, '#', 'הצעת מחיר בקליק', 100, 0, 0, '', 1),
(102, 2, 1, 0, 35, 'contact/form/', 'צור קשר', 5, 0, 0, '', 1),
(103, 2, 2, 0, -1, 'contact/form/', 'צור קשר', 100, 0, 0, '', 1),
(104, 2, 1, 100, -1, '#', 'טלויזיה ואינטרנט', 100, 0, 0, '', 1),
(105, 2, 1, 100, -1, '#', 'מילוי קמטים בפנים', 100, 0, 0, '', 1),
(106, 2, 1, 100, -1, '', 'טיפולי אסתטיקה ', 100, 0, 0, '', 1),
(107, 2, 1, 100, -1, '', 'ניתוחים פלסטיים', 100, 0, 0, '', 1),
(108, 2, 1, 100, -1, '', 'עיצוב שיער', 100, 0, 0, '', 1),
(109, 2, 1, 100, -1, '', 'עורכי דין', 100, 0, 0, '', 1),
(110, 2, 1, 100, -1, '', 'עיצוב פנים', 100, 0, 0, '', 1),
(111, 2, 1, 100, -1, '', 'החזרי מס', 100, 0, 0, '', 1),
(112, 2, 1, 101, -1, '#', 'עורכי דין', 100, 0, 0, '', 1),
(113, 2, 2, 0, 29, '', 'הובלות', 100, 0, 1, '', 1),
(114, 2, 2, 113, 30, '', 'הובלות גדולות', 100, 0, 1, '', 1),
(122, 2, 2, 0, 35, '', 'רשתות גדולות 2', 100, 0, 1, '', 1),
(123, 0, 2, 89, 34, '', '', 100, 0, 0, '', 1),
(124, 0, 2, 89, 35, '', '', 100, 0, 0, '', 1),
(125, 0, 2, 89, 35, '', '', 100, 0, 0, '', 1),
(142, 2, 2, 103, 35, '', 'אבירים 2', 100, 0, 0, '', 1),
(146, 2, 2, 147, 35, '', 'eee', 100, 0, 0, '', 1),
(147, 2, 2, 114, 35, 'vvvvv', 'dfgdfgdfg', 100, 0, 0, '', 1),
(148, 2, 2, 0, 35, '', 'קובקובוני \"אפרוח', 100, 0, 0, '', 1),
(149, 2, 2, 0, 35, '', 'אבירים 2', 100, 0, 0, '', 1),
(150, 2, 2, 0, 35, '', 'gdfdfg', 100, 0, 0, '', 1),
(151, 2, 2, 0, 35, '', 'קובקוב', 100, 0, 0, '', 1),
(152, 2, 2, 89, 35, '', 'אבירים 2', 100, 0, 0, '', 1),
(155, 2, 2, 148, 35, '', 'קובקובוני \"אפרוח\" קטנצ\'יק וחמיד', 100, 0, 0, '', 1),
(156, 2, 3, 0, 21, '', 'ס', 100, 0, 0, '', 1),
(157, 2, 1, 102, 21, '', 'כגגכ', 100, 0, 0, '', 1),
(166, 2, 4, 0, 21, '', 'קובקוב', 100, 0, 0, '', 1),
(167, 2, 4, 0, 21, '', 'אבירים 2', 100, 0, 0, '', 1),
(168, 2, 4, 0, 21, '', 'עונות השנה 2', 100, 0, 0, '', 1),
(169, 2, 4, 166, 21, '', 'קובקוב', 100, 0, 0, '', 1),
(170, 2, 4, 166, 21, '', 'קובקוב', 100, 0, 0, '', 1),
(171, 2, 4, 166, 21, '', 'קובקוב', 100, 0, 0, '', 1);

-- --------------------------------------------------------

--
-- Table structure for table `net_banners`
--

CREATE TABLE `net_banners` (
  `id` int(11) NOT NULL,
  `date_in` datetime NOT NULL DEFAULT current_timestamp(),
  `dir_id` int(11) NOT NULL DEFAULT 0,
  `label` varchar(50) NOT NULL DEFAULT '',
  `description` varchar(150) NOT NULL DEFAULT '',
  `image` varchar(100) NOT NULL DEFAULT '',
  `video` varchar(100) DEFAULT NULL,
  `goto_href` varchar(250) NOT NULL DEFAULT '',
  `free_html` text DEFAULT NULL,
  `priority` smallint(6) NOT NULL DEFAULT 0,
  `max_views` mediumint(9) NOT NULL DEFAULT 0,
  `views` mediumint(9) NOT NULL DEFAULT 0,
  `clicks` mediumint(9) NOT NULL DEFAULT 0,
  `convertions` mediumint(9) NOT NULL DEFAULT 0,
  `active` tinyint(4) NOT NULL DEFAULT 1,
  `deleted` tinyint(4) NOT NULL DEFAULT 0
) ENGINE=InnoDB DEFAULT CHARSET=utf8mb4;

--
-- Dumping data for table `net_banners`
--

INSERT INTO `net_banners` (`id`, `date_in`, `dir_id`, `label`, `description`, `image`, `video`, `goto_href`, `free_html`, `priority`, `max_views`, `views`, `clicks`, `convertions`, `active`, `deleted`) VALUES
(8, '2023-01-31 15:03:25', 2, 'בלה בלה בלה', '', '', '', '', NULL, 0, 0, 0, 0, 0, 1, 0),
(9, '2023-02-02 18:48:02', 2, 'קובי אינטלטור מספר 1 בארץ', '', 'banner_9.png', 'vid_9.mp4', 'http://love.com/%D7%94%D7%95%D7%91%D7%9C%D7%95%D7%AA/', '', 0, 0, 10, 2, 1, 1, 0),
(10, '2023-02-02 18:52:35', 2, 'יעקב עורך דין כריש', '', 'banner_10.jpg', 'vid_10.mp4', 'http://love.com/%D7%94%D7%95%D7%91%D7%9C%D7%95%D7%AA/', '', 0, 0, 0, 1, 0, 1, 0);

-- --------------------------------------------------------

--
-- Table structure for table `net_banner_cat`
--

CREATE TABLE `net_banner_cat` (
  `id` int(11) NOT NULL,
  `banner_id` int(11) NOT NULL,
  `cat_id` int(11) NOT NULL
) ENGINE=InnoDB DEFAULT CHARSET=utf8mb4;

--
-- Dumping data for table `net_banner_cat`
--

INSERT INTO `net_banner_cat` (`id`, `banner_id`, `cat_id`) VALUES
(98, 8, 11),
(99, 8, 16),
(100, 10, 47),
(101, 10, 51),
(102, 10, 53),
(103, 10, 57),
(104, 10, 58),
(105, 10, 60),
(106, 10, 52),
(107, 10, 48),
(108, 10, 54);

-- --------------------------------------------------------

--
-- Table structure for table `net_directories`
--

CREATE TABLE `net_directories` (
  `id` int(11) NOT NULL,
  `label` varchar(80) NOT NULL,
  `active` tinyint(4) NOT NULL DEFAULT 1
) ENGINE=InnoDB DEFAULT CHARSET=utf8mb4;

--
-- Dumping data for table `net_directories`
--

INSERT INTO `net_directories` (`id`, `label`, `active`) VALUES
(2, 'רשת - מחסן', 1);

-- --------------------------------------------------------

--
-- Table structure for table `page_style`
--

CREATE TABLE `page_style` (
  `id` int(11) NOT NULL,
  `site_id` int(11) NOT NULL,
  `page_id` int(11) NOT NULL,
  `page_layout` int(11) NOT NULL DEFAULT 0,
  `header_html` text DEFAULT NULL,
  `footer_html` text DEFAULT NULL,
  `styling_tags` text DEFAULT NULL,
  `html_helper` text DEFAULT NULL
) ENGINE=InnoDB DEFAULT CHARSET=utf8mb4;

--
-- Dumping data for table `page_style`
--

INSERT INTO `page_style` (`id`, `site_id`, `page_id`, `page_layout`, `header_html`, `footer_html`, `styling_tags`, `html_helper`) VALUES
(1, 2, 21, 2, '<div class=\"header page-fixed-top\">\r\n    <div id=\"logo_wrap\" class=\"fix-top-right\">\r\n        \r\n        {{% mod | site_header | logo_img %}}\r\n    </div>\r\n    <div id=\"top_menu_wrap\" class=\"fix-top-center\">\r\n        {{% mod | site_menus | top_menu %}}\r\n    </div>\r\n    <div id=\"accessebility_and_phone\" class=\"fix-top-left\">\r\n        <a class=\"accessibility-door\"  href=\"javascript://\" onclick=\"openDrawer(\'accessibility\')\"><i class=\"fa fa-wheelchair\"></i></a>\r\n        \r\n    \r\n    </div>\r\n    <div class=\"clear\"></div>	\r\n</div>', 'before \r\n<br/>\r\n{{%-desktop-%}}\r\ninside desktop only\r\n{{%-enddesktop-%}}\r\n<br/>\r\nafter desktop only\r\n\r\nbefore \r\n<br/>\r\n{{%-mobile-%}}\r\ninside mobile only\r\n{{%-endmobile-%}}\r\n<br/>\r\nafter mobile only\r\n', '', '<p>jhgjhgj<img src=\"http://love.com/domains/love.com/public_html/assets/media/uploads/137_ban_1.jpg\" alt=\"\" width=\"430\" height=\"225\"></p>'),
(2, 2, 20, 1, 'before \r\n<br/>\r\n{{% desktop %}}\r\ninside desktop only\r\n{{% enddesktop %}}\r\n<br/>\r\nafter desktop only\r\n<br/>\r\n<br/>\r\nphone: {{cat_phone}}    display: {{cat_phone_display}}\r\n\r\n<br/>\r\n<br/>\r\nbefore \r\n<br/>\r\n{{% mobile %}}\r\ninside mobile only\r\n{{% endmobile %}}\r\n<br/>\r\nafter mobile only', '', '', ''),
(3, 2, 24, 2, '<div class=\"header page-fixed-top top-fix\">\r\n\r\n    <div id=\"top_menu_wrap\" class=\"\">\r\n        {{% mod | site_menus | top_menu %}}\r\n    </div>\r\n    <div id=\"accessebility_and_phone\" class=\"fix-top-left\">\r\n        <a class=\"accessibility-door\"  href=\"javascript://\" onclick=\"openDrawer(\'accessibility\')\"><i class=\"fa fa-wheelchair\"></i></a>\r\n        \r\n    \r\n    </div>\r\n    <div class=\"clear\"></div>	\r\n</div>\r\n<div class=\"header-mid\">\r\n    <div id=\"logo_wrap\" class=\"fix-top-right\">\r\n        \r\n        {{% mod | site_header | logo_img %}}\r\n    </div>\r\n {{% mod | site_menus | top_menu %}}\r\n\r\n</div>', '', '', ''),
(4, 2, 31, 0, '', '', '<style type=\"text/css\">\r\n.home-item{border: 1px solid white; border-radius: 10px; margin-bottom:15px; background: white; float:right; width:50%; margin:10px;}\r\n		.home-item a{text-decoration:none !important;}\r\n		.home-item h3{background: #424b7f; color:white; margin: 0px;padding: 9px;border-top-left-radius: 9px;border-top-right-radius: 9px;}\r\n		.home-item-red h3{background: red;}\r\n		.home-item img{width: 100%;}\r\n		.home-item b{color:gray; padding-bottom:5px;}\r\n.last-item::after{content: \".\";display:block;clear:both;}\r\n		.home-row{margin-bottom:18px;}	</style>\r\n\r\n', '');

-- --------------------------------------------------------

--
-- Table structure for table `posts`
--

CREATE TABLE `posts` (
  `id` int(11) NOT NULL,
  `author` int(11) NOT NULL,
  `content` text DEFAULT NULL,
  `visible` tinyint(4) NOT NULL DEFAULT 1
) ENGINE=InnoDB DEFAULT CHARSET=utf8mb4;

--
-- Dumping data for table `posts`
--

INSERT INTO `posts` (`id`, `author`, `content`, `visible`) VALUES
(1, 1, 'Hi how are you post 1', 1),
(2, 1, 'Hi how are you post 1', 1);

-- --------------------------------------------------------

--
-- Table structure for table `quotes`
--

CREATE TABLE `quotes` (
  `id` int(11) NOT NULL,
  `cat_id` int(11) NOT NULL,
  `priority` smallint(6) NOT NULL DEFAULT 100,
  `label` varchar(80) NOT NULL,
  `description` mediumtext DEFAULT NULL,
  `price_text` mediumtext DEFAULT NULL,
  `price` float NOT NULL DEFAULT 0,
  `image` varchar(32) DEFAULT NULL,
  `link` varchar(80) DEFAULT NULL,
  `phone` varchar(32) DEFAULT NULL
) ENGINE=InnoDB DEFAULT CHARSET=utf8mb4;

--
-- Dumping data for table `quotes`
--

INSERT INTO `quotes` (`id`, `cat_id`, `priority`, `label`, `description`, `price_text`, `price`, `image`, `link`, `phone`) VALUES
(1, 6, 10, 'קובי אינטלטור מספר 1 בארץ', '1', '1', 0, '', '', ''),
(2, 6, 10, 'יעקב עורך , ד\'ין \"כריש\" !! --', 'יעקב עורך , ד\'ין \"כריש\" !! --\r\nיעקב עורך , ד\'ין \"כריש\" !! --\r\nיעקב עורך , ד\'ין \"כריש\" !! --', '1', 0, '', '', ''),
(5, 6, 10, 'יעקב עורך דין כריש', '1', '1', 0, '', '', ''),
(10, 7, 10, 'יעקב עורך דין כריש 2', '1', '1', 0, 'quote_10.png', '', ''),
(11, 8, 10, 'קובי אינטלטור מספר 1 בארץ', '1', '1', 0, '', '', '');

-- --------------------------------------------------------

--
-- Table structure for table `quote_cat`
--

CREATE TABLE `quote_cat` (
  `id` int(11) NOT NULL,
  `label` varchar(80) NOT NULL
) ENGINE=InnoDB DEFAULT CHARSET=utf8mb4;

--
-- Dumping data for table `quote_cat`
--

INSERT INTO `quote_cat` (`id`, `label`) VALUES
(5, 'סבבה ? סבבה!!!'),
(6, 'קובקוב'),
(7, 'אבירים 2'),
(8, 'קובקוב');

-- --------------------------------------------------------

--
-- Table structure for table `quote_cat_assign`
--

CREATE TABLE `quote_cat_assign` (
  `id` int(11) NOT NULL,
  `quote_id` int(11) NOT NULL,
  `cat_id` int(11) NOT NULL
) ENGINE=InnoDB DEFAULT CHARSET=utf8mb4;

--
-- Dumping data for table `quote_cat_assign`
--

INSERT INTO `quote_cat_assign` (`id`, `quote_id`, `cat_id`) VALUES
(10, 9, 5),
(11, 9, 6),
(12, 2, 6),
(13, 10, 6);

-- --------------------------------------------------------

--
-- Table structure for table `refund_reasons`
--

CREATE TABLE `refund_reasons` (
  `id` int(11) NOT NULL,
  `user_id` int(11) DEFAULT NULL,
  `cat_id` int(11) DEFAULT NULL,
  `lead_type` varchar(32) NOT NULL DEFAULT 'phone',
  `label` varchar(80) NOT NULL
) ENGINE=InnoDB DEFAULT CHARSET=utf8mb4;

--
-- Dumping data for table `refund_reasons`
--

INSERT INTO `refund_reasons` (`id`, `user_id`, `cat_id`, `lead_type`, `label`) VALUES
(23, NULL, NULL, 'phone', 'סיבת זיכוי לכולם'),
(25, 3, NULL, 'phone', 'סיבה לקובי הגבר 1'),
(26, 3, NULL, 'phone', 'סיבה לקובי הגבר 2'),
(27, 4, NULL, 'phone', 'סיבה לאילן בוס 1'),
(28, 4, NULL, 'phone', 'סיבה לאילן 2'),
(29, 6, NULL, 'phone', 'קובי אינטלטור מספר 1 בארץ'),
(30, 6, NULL, 'phone', 'יעקב עורך דין כריש'),
(31, NULL, NULL, 'phone', 'כולם 3');

-- --------------------------------------------------------

--
-- Table structure for table `request_status`
--

CREATE TABLE `request_status` (
  `id` int(11) NOT NULL,
  `status_id` int(11) NOT NULL,
  `label` varchar(32) NOT NULL
) ENGINE=InnoDB DEFAULT CHARSET=utf8mb4;

--
-- Dumping data for table `request_status`
--

INSERT INTO `request_status` (`id`, `status_id`, `label`) VALUES
(1, 0, 'new'),
(2, 1, 'care'),
(3, 2, 'pending'),
(4, 3, 'sent'),
(5, 4, 'erelevant'),
(6, 9, 'deleted');

-- --------------------------------------------------------

--
-- Table structure for table `sites`
--

CREATE TABLE `sites` (
  `id` int(11) NOT NULL,
  `domain` varchar(32) NOT NULL,
  `title` varchar(80) NOT NULL,
  `is_secure` tinyint(4) NOT NULL DEFAULT 0,
  `meta_title` varchar(80) DEFAULT NULL,
  `meta_description` varchar(80) DEFAULT NULL,
  `meta_keywords` varchar(80) DEFAULT NULL,
  `home_page` int(11) NOT NULL DEFAULT 0,
  `logo` varchar(32) DEFAULT NULL
) ENGINE=InnoDB DEFAULT CHARSET=utf8mb4;

--
-- Dumping data for table `sites`
--

INSERT INTO `sites` (`id`, `domain`, `title`, `is_secure`, `meta_title`, `meta_description`, `meta_keywords`, `home_page`, `logo`) VALUES
(1, 'mynewmvc.com', 'המערכת אתרים החדשה שלנו', 0, 'מערכת אתרים החדשה שלנו\r\n', NULL, NULL, 0, NULL),
(2, 'love.com', 'ספינת האהבה של איי אל ביז', 0, 'ספינת האהבה 2 3', '', '', 27, 'logo.png'),
(3, 'usites.com', 'המערכת אתרים החדשה שלנו', 0, 'מערכת אתרים החדשה שלנו\r\n', NULL, NULL, 0, NULL);

-- --------------------------------------------------------

--
-- Table structure for table `site_colors`
--

CREATE TABLE `site_colors` (
  `id` int(11) NOT NULL,
  `site_id` int(11) NOT NULL,
  `label` varchar(32) DEFAULT NULL,
  `color` varchar(32) DEFAULT NULL
) ENGINE=InnoDB DEFAULT CHARSET=utf8mb4;

--
-- Dumping data for table `site_colors`
--

INSERT INTO `site_colors` (`id`, `site_id`, `label`, `color`) VALUES
(362, 2, 'text-color', 'gray'),
(363, 2, 'a-color', 'orange'),
(364, 2, 'top-fix-bg', '#334433'),
(365, 2, 'top-fix-color', '#ffffdd'),
(366, 2, 'footer-bg', '#334488'),
(367, 2, 'footer-color', 'yellow'),
(368, 2, 'top-fix-link-hover', 'green'),
(369, 2, 'header-mid-bg', '#ffffdd'),
(370, 2, 'header-mid-color', 'gray'),
(371, 2, 'big-title-bg', '#334488'),
(372, 2, 'big-title-color', '#ffffdd'),
(373, 2, 'title-color', '#334488'),
(374, 2, 'b-color', '#334488'),
(375, 2, 'button-bg', '#334433'),
(376, 2, 'button-color', '#ffffdd'),
(377, 2, 'button-hover-bg', 'green'),
(378, 2, 'button-hover-color', 'blue');

-- --------------------------------------------------------

--
-- Table structure for table `site_css`
--

CREATE TABLE `site_css` (
  `id` int(11) NOT NULL,
  `site_id` int(11) NOT NULL,
  `css` text NOT NULL
) ENGINE=InnoDB DEFAULT CHARSET=utf8mb4;

--
-- Dumping data for table `site_css`
--

INSERT INTO `site_css` (`id`, `site_id`, `css`) VALUES
(8, 2, 'body{background: yellow;}');

-- --------------------------------------------------------

--
-- Table structure for table `site_styling`
--

CREATE TABLE `site_styling` (
  `id` int(11) NOT NULL,
  `site_id` int(11) NOT NULL,
  `header_html` text DEFAULT NULL,
  `footer_html` text DEFAULT NULL,
  `styling_tags` text DEFAULT NULL,
  `html_helper` text DEFAULT NULL
) ENGINE=InnoDB DEFAULT CHARSET=utf8mb4;

--
-- Dumping data for table `site_styling`
--

INSERT INTO `site_styling` (`id`, `site_id`, `header_html`, `footer_html`, `styling_tags`, `html_helper`) VALUES
(1, 2, '<div class=\"header page-fixed-top top-fix\">\r\n    <div id=\"logo_wrap\" class=\"fix-top-right\">\r\n        \r\n        {{% mod | site_header | logo_img %}}\r\n    </div>\r\n    <div id=\"top_menu_wrap\" class=\"fix-top-center\">\r\n        {{% mod | site_menus | top_menu %}}\r\n    </div>\r\n    <div id=\"accessebility_and_phone\" class=\"fix-top-left\">\r\n        <a class=\"accessibility-door\"  href=\"javascript://\" onclick=\"openDrawer(\'accessibility\')\"><i class=\"fa fa-wheelchair\"></i></a>\r\n        \r\n    \r\n    </div>\r\n    <div class=\"clear\"></div>	\r\n</div>', '<div class=\"footer\">\r\n\r\n    <div class=\"diclimer footer-item\">\r\n        <strong><span style=\"color: rgb(224, 62, 45);\">הבהרה חשובה</span></strong>\r\n        : אתר כמה עולה הינו פורטל השוואת מחירים בין בעלי מקצוע ומכיל תכנים בתחומי חוק ומשפט, בריאות, אסתטיקה, פיננסים, תחבורה, תקשורת, תיירות, לבית ולגינה, שיווק באינטרנט ועוד...\r\n\r\n    כל המידע, המאמרים, העזרים והכתבות המופיעות באתר נכתבו ע\"י צוות \"אתר כמה עולה\" בשיתוף יועצי שירות מתחומי הבריאות, עריכת הדין, הביטוח ואנשי מקצוע מתחומים נוספים, ולמרות זאת יש \"לקחת\" את כל המידע בערבון מוגבל, כל המידע באתר ניתן כאינפורמציה בלבד ואינו תחליף לייעוץ עם בעל מקצוע מוסמך ובפרט אם מדובר בעורך דין, רופא, יועץ פיננסי וכל נושא אשר משפיע על ענייני בריאות וכסף.\r\n\r\n    \"המטרה הראשית של \"אתר כמה עולה\" הינה לספק לגולש מחירונים לשירותי בעלי מקצוע ואפשרות לקבל ולהשוות מבין מספר הצעות מחיר לשירות המבוקש, בחלק מדפי האתר אין כרגע אפשרות לבקש הצעת מחיר וזאת מפני שאין לנו נותן שירות בתחום.\r\n    </div>\r\n    <div class=\"bottom-menu-wrap footer-item\">\r\n        {{% mod | site_menus | bottom_menu %}}\r\n    </div>\r\n\r\n    <div class=\"footer-bottom-wrap footer-item\">\r\n        <div class=\"copyright-main\">\r\n            © כל הזכויות שמורות 2006 ל כמה עולה ? מחירון מומלץ והצעות מחיר בקליק!\r\n        </div>\r\n        <div class=\"bottom-link\">\r\n            <a href=\"{{site_url}}/site_map/list/\">מפת אתר</a>\r\n        </div>\r\n        <div class=\"bottom-link\">\r\n            <a href=\"https://il-biz.co.il/%D7%9C%D7%99%D7%93%D7%99%D7%9D/\">לידים איכותיים</a>\r\n        </div>\r\n        <div class=\"bottom-link\">\r\n\r\n            <a href=\"https://il-biz.co.il\">\r\n                <img src = \"http://love.com/domains/love.com/public_html/assets/media/uploads/il-biz_logo.png\" alt=\"אתר לידים\" />\r\n            </a>\r\n        </div>        \r\n    </div>\r\n</div>', '', '<p>&nbsp; <strong><span style=\"color: rgb(224, 62, 45);\">הבהרה חשובה</span></strong> : אתר כמה עולה הינו פורטל השוואת מחירים בין בעלי מקצוע ומכיל תכנים בתחומי חוק ומשפט, בריאות, אסתטיקה, פיננסים, תחבורה, תקשורת, תיירות, לבית ולגינה, שיווק באינטרנט ועוד...</p>\r\n<p>&nbsp; &nbsp; כל המידע, המאמרים, העזרים והכתבות המופיעות באתר נכתבו ע\"י צוות \"אתר כמה עולה\" בשיתוף יועצי שירות מתחומי הבריאות, עריכת הדין, הביטוח ואנשי מקצוע מתחומים נוספים, ולמרות זאת יש \"לקחת\" את כל המידע בערבון מוגבל, כל המידע באתר ניתן כאינפורמציה בלבד ואינו תחליף לייעוץ עם בעל מקצוע מוסמך ובפרט אם מדובר בעורך דין, רופא, יועץ פיננסי וכל נושא אשר משפיע על ענייני בריאות וכסף.</p>\r\n<p>&nbsp; &nbsp; \"המטרה הראשית של \"אתר כמה עולה\" הינה לספק לגולש מחירונים לשירותי בעלי מקצוע ואפשרות לקבל ולהשוות מבין מספר הצעות מחיר לשירות המבוקש, בחלק מדפי האתר אין כרגע אפשרות לבקש הצעת מחיר וזאת מפני שאין לנו נותן שירות בתחום.</p>');

-- --------------------------------------------------------

--
-- Table structure for table `supplier_cubes`
--

CREATE TABLE `supplier_cubes` (
  `id` int(11) NOT NULL,
  `label` varchar(80) NOT NULL,
  `user_id` int(11) NOT NULL,
  `date_id` datetime NOT NULL DEFAULT current_timestamp(),
  `banner_id` int(11) DEFAULT NULL,
  `status` smallint(6) NOT NULL DEFAULT 0,
  `link` varchar(80) DEFAULT NULL,
  `city_id` int(11) DEFAULT NULL,
  `more_cities` tinytext DEFAULT NULL,
  `address` varchar(80) DEFAULT NULL,
  `email` varchar(80) DEFAULT NULL,
  `phone` varchar(32) DEFAULT NULL,
  `site_phone` varchar(32) DEFAULT NULL,
  `whatsapp_phone` varchar(32) DEFAULT NULL,
  `whatsapp_text` varchar(80) DEFAULT NULL,
  `activity_hours` mediumtext DEFAULT NULL,
  `cube_image` varchar(32) DEFAULT NULL
) ENGINE=InnoDB DEFAULT CHARSET=utf8mb4;

--
-- Dumping data for table `supplier_cubes`
--

INSERT INTO `supplier_cubes` (`id`, `label`, `user_id`, `date_id`, `banner_id`, `status`, `link`, `city_id`, `more_cities`, `address`, `email`, `phone`, `site_phone`, `whatsapp_phone`, `whatsapp_text`, `activity_hours`, `cube_image`) VALUES
(1, 'קובי אינטלטור מספר 1 בארץ', 5, '2023-02-02 19:01:32', 9, 1, '#', 9, '', '', '', '045223232', '', '09674343242342', 'קבל מי יזיז לך תשוונג', '', 'banner_1.png'),
(2, 'יעקב עורך דין כריש', 5, '2023-02-05 12:49:21', 0, 2, '#', 0, 'באר שבע, שדרות, ראשון לציון, חדרה ', 'הגושרים 195 על 7 פתח השועלים בגן', 's@g.com', '0542393333', '', '09674343242342', 'קבל מי יזיז לך תשוונג', '08:00 - 09:00', '');

-- --------------------------------------------------------

--
-- Table structure for table `tasks`
--

CREATE TABLE `tasks` (
  `id` int(11) NOT NULL,
  `user_id` int(11) NOT NULL,
  `title` varchar(80) NOT NULL,
  `description` text NOT NULL,
  `status` int(11) NOT NULL DEFAULT 1,
  `phone` varchar(32) DEFAULT NULL,
  `email` varchar(32) DEFAULT NULL,
  `banner` varchar(32) DEFAULT NULL,
  `visible` tinyint(4) NOT NULL DEFAULT 1,
  `form_img` varchar(32) DEFAULT NULL,
  `site_id` int(11) NOT NULL,
  `priority` int(11) NOT NULL DEFAULT 0
) ENGINE=InnoDB DEFAULT CHARSET=utf8mb4;

--
-- Dumping data for table `tasks`
--

INSERT INTO `tasks` (`id`, `user_id`, `title`, `description`, `status`, `phone`, `email`, `banner`, `visible`, `form_img`, `site_id`, `priority`) VALUES
(11, 3, 'סתם  2 44 d', 'זוהי הדמיית משימה זוהי הדמיית משימה זוהי הדמיית משימה זוהי הדמיית משימה זוהי הדמיית משימה זוהי הדמיית משימה זוהי הדמיית משימה זוהי הדמיית משימה זוהי הדמיית משימה זוהי הדמיית משימה זוהי הדמיית משימה זוהי הדמיית משימה ', 1, '0542323232', '444d77o@kobi.com', '', 1, NULL, 0, 0),
(13, 4, 'כל שהוא אחר 777', 'זוהי הדמיית משימה זוהי הדמיית משימה זוהי הדמיית משימה זוהי הדמיית משימה זוהי הדמיית משימה זוהי הדמיית משימה זוהי הדמיית משימה זוהי הדמיית משימה זוהי הדמיית משימה זוהי הדמיית משימה זוהי הדמיית משימה זוהי הדמיית משימה ', 1, '0542323232', 'demo@kobi.com', '', 1, NULL, 0, 0),
(14, 4, 'מי אאמ אני ולא', 'זוהי הדמיית משימה זוהי הדמיית משימה זוהי הדמיית משימה זוהי הדמיית משימה זוהי הדמיית משימה זוהי הדמיית משימה זוהי הדמיית משימה זוהי הדמיית משימה זוהי הדמיית משימה זוהי הדמיית משימה זוהי הדמיית משימה זוהי הדמיית משימה ', 1, '0542323232', 'demo@kobi.com', 'banner_14.jpg', 1, '', 0, 0),
(15, 3, 'שמיים מעל', 'זוהי הדמיית משימה זוהי הדמיית משימה זוהי הדמיית משימה זוהי הדמיית משימה זוהי הדמיית משימה זוהי הדמיית משימה זוהי הדמיית משימה זוהי הדמיית משימה זוהי הדמיית משימה זוהי הדמיית משימה זוהי הדמיית משימה זוהי הדמיית משימה ', 1, '0542393397', 'de3mo@kobi.com', 'banner_15.png', 1, '', 0, 0),
(16, 3, 'בבית בית בבית בחוץ', 'זוהי הדמיית משימה זוהי הדמיית משימה זוהי הדמיית משימה זוהי הדמיית משימה זוהי הדמיית משימה זוהי הדמיית משימה זוהי הדמיית משימה זוהי הדמיית משימה זוהי הדמיית משימה זוהי הדמיית משימה זוהי הדמיית משימה זוהי הדמיית משימה ', 1, '0542323232', 'de4mo@kobi.com', 'banner_16.png', 1, '', 0, 0),
(17, 4, 'שמש אש אויר כוכב אחר', 'זוהי הדמיית משימה זוהי הדמיית משימה זוהי הדמיית משימה זוהי הדמיית משימה זוהי הדמיית משימה זוהי הדמיית משימה זוהי הדמיית משימה זוהי הדמיית משימה זוהי הדמיית משימה זוהי הדמיית משימה זוהי הדמיית משימה זוהי הדמיית משימה ', 1, '0542323239', 'demo@kobi.com', 'banner_17.png', 1, 'form_img_17.png', 0, 0),
(18, 4, 'צפון דרום', 'זוהי הדמיית משימה זוהי הדמיית משימה זוהי הדמיית משימה זוהי הדמיית משימה זוהי הדמיית משימה זוהי הדמיית משימה זוהי הדמיית משימה זוהי הדמיית משימה זוהי הדמיית משימה זוהי הדמיית משימה זוהי הדמיית משימה זוהי הדמיית משימה ', 1, '0542323232', 'demo@kobi.com', 'banner_18.jpg', 1, '', 0, 0),
(19, 4, 'מזרח מערב', 'זוהי הדמיית משימה זוהי הדמיית משימה זוהי הדמיית משימה זוהי הדמיית משימה זוהי הדמיית משימה זוהי הדמיית משימה זוהי הדמיית משימה זוהי הדמיית משימה זוהי הדמיית משימה זוהי הדמיית משימה זוהי הדמיית משימה זוהי הדמיית משימה ', 1, '0542323232', 'demo@kobi.com', NULL, 1, NULL, 0, 0),
(20, 3, 'בוץ יחפים וכיף', 'זוהי הדמיית משימה זוהי הדמיית משימה זוהי הדמיית משימה זוהי הדמיית משימה זוהי הדמיית משימה זוהי הדמיית משימה זוהי הדמיית משימה זוהי הדמיית משימה זוהי הדמיית משימה זוהי הדמיית משימה זוהי הדמיית משימה זוהי הדמיית משימה ', 1, '0542323232', 'demo@kobi.com', NULL, 1, NULL, 0, 0),
(21, 1, 'גלים גבוהים היום', 'זוהי הדמיית משימה זוהי הדמיית משימה זוהי הדמיית משימה זוהי הדמיית משימה זוהי הדמיית משימה זוהי הדמיית משימה זוהי הדמיית משימה זוהי הדמיית משימה זוהי הדמיית משימה זוהי הדמיית משימה זוהי הדמיית משימה זוהי הדמיית משימה ', 1, '0542323232', 'demo@kobi.com', 'banner_21.jpg', 1, 'form_img_21.jpg', 0, 1),
(22, 4, 'משימת שמש', 'זוהי הדמיית משימה זוהי הדמיית משימה זוהי הדמיית משימה זוהי הדמיית משימה זוהי הדמיית משימה זוהי הדמיית משימה זוהי הדמיית משימה זוהי הדמיית משימה זוהי הדמיית משימה זוהי הדמיית משימה זוהי הדמיית משימה זוהי הדמיית משימה ', 1, '0542323232', 'demo@kobi.com', NULL, 1, NULL, 0, 0),
(23, 4, 'משימת כיף', 'זוהי הדמיית משימה זוהי הדמיית משימה זוהי הדמיית משימה זוהי הדמיית משימה זוהי הדמיית משימה זוהי הדמיית משימה זוהי הדמיית משימה זוהי הדמיית משימה זוהי הדמיית משימה זוהי הדמיית משימה זוהי הדמיית משימה זוהי הדמיית משימה ', 1, '0542323232', 'demo@kobi.com', NULL, 1, NULL, 0, 0),
(24, 1, 'חידת כוכבים', 'זוהי הדמיית משימה זוהי הדמיית משימה זוהי הדמיית משימה זוהי הדמיית משימה זוהי הדמיית משימה זוהי הדמיית משימה זוהי הדמיית משימה זוהי הדמיית משימה זוהי הדמיית משימה זוהי הדמיית משימה זוהי הדמיית משימה זוהי הדמיית משימה ', 1, '0542323232', 'demo@kobi.com', NULL, 1, NULL, 0, 2),
(25, 1, 'בוא נלך לבית הכנסת nn', 'זוהי הדמיית משימה זוהי הדמיית משימה זוהי הדמיית משימה זוהי הדמיית משימה זוהי הדמיית משימה זוהי הדמיית משימה זוהי הדמיית משימה זוהי הדמיית משימה זוהי הדמיית משימה זוהי הדמיית משימה זוהי הדמיית משימה זוהי הדמיית משימה ', 1, '0542323232', 'demo@kobi.com', 'banner_25.png', 1, '', 0, 6),
(26, 3, 'עבודנ טובה עבודה טובה', 'זוהי הדמיית משימה זוהי הדמיית משימה זוהי הדמיית משימה זוהי הדמיית משימה זוהי הדמיית משימה זוהי הדמיית משימה זוהי הדמיית משימה זוהי הדמיית משימה זוהי הדמיית משימה זוהי הדמיית משימה זוהי הדמיית משימה זוהי הדמיית משימה ', 1, '0542323232', 'demo@kobi.com', NULL, 1, NULL, 0, 0),
(28, 1, 'גוז אגוז נגוז פגוז', 'זוהי הדמיית משימה זוהי הדמיית משימה זוהי הדמיית משימה זוהי הדמיית משימה זוהי הדמיית משימה זוהי הדמיית משימה זוהי הדמיית משימה זוהי הדמיית משימה זוהי הדמיית משימה זוהי הדמיית משימה זוהי הדמיית משימה זוהי הדמיית משימה ', 1, '0542323232', 'demo@kobi.com', 'banner_28.jpg', 1, '', 0, 4),
(29, 1, 'הדמיית משימהגמדים וענקים חולשים על הממלכה', 'זוהי הדמיית משימה זוהי הדמיית משימה זוהי הדמיית משימה זוהי הדמיית משימה זוהי הדמיית משימה זוהי הדמיית משימה זוהי הדמיית משימה זוהי הדמיית משימה זוהי הדמיית משימה זוהי הדמיית משימה זוהי הדמיית משימה זוהי הדמיית משימה ', 1, '0542323232', 'demo@kobi.com', 'banner_29.jpg', 1, '', 0, 9),
(30, 1, 'כי מציון תצא תורה', 'זוהי הדמיית משימה זוהי הדמיית משימה זוהי הדמיית משימה זוהי הדמיית משימה זוהי הדמיית משימה זוהי הדמיית משימה זוהי הדמיית משימה זוהי הדמיית משימה זוהי הדמיית משימה זוהי הדמיית משימה זוהי הדמיית משימה זוהי הדמיית משימה ', 1, '0542323232', 'demo@kobi.com', NULL, 1, NULL, 0, 5),
(31, 1, 'אתרוג ולולב', 'זוהי הדמיית משימה זוהי הדמיית משימה זוהי הדמיית משימה זוהי הדמיית משימה זוהי הדמיית משימה זוהי הדמיית משימה זוהי הדמיית משימה זוהי הדמיית משימה זוהי הדמיית משימה זוהי הדמיית משימה זוהי הדמיית משימה זוהי הדמיית משימה ', 1, '0542323232', 'demo@kobi.com', 'banner_31.jpg', 1, '', 0, 7),
(34, 1, 'הדמיית משימה', 'זוהי הדמיית משימה זוהי הדמיית משימה זוהי הדמיית משימה זוהי הדמיית משימה זוהי הדמיית משימה זוהי הדמיית משימה זוהי הדמיית משימה זוהי הדמיית משימה זוהי הדמיית משימה זוהי הדמיית משימה זוהי הדמיית משימה זוהי הדמיית משימה ', 1, '0542323232', 'demo@kobi.com', NULL, 1, NULL, 0, 8),
(35, 3, 'בוא תראה איזה מגניב זה', 'בוא תראה איזה מגניב זה בוא תראה איזה מגניב זה בוא תראה איזה מגניב זה ', 1, '0542323239', 'rr@f.com', 'banner_35.png', 1, '', 2, 0);

-- --------------------------------------------------------

--
-- Table structure for table `test`
--

CREATE TABLE `test` (
  `id` int(11) NOT NULL,
  `user_id` int(11) NOT NULL,
  `token` varchar(32) NOT NULL,
  `label` varchar(32) NOT NULL,
  `date_in` datetime NOT NULL DEFAULT current_timestamp()
) ENGINE=InnoDB DEFAULT CHARSET=utf8mb4;

--
-- Dumping data for table `test`
--

INSERT INTO `test` (`id`, `user_id`, `token`, `label`, `date_in`) VALUES
(1, 1, '', 'hi this is token test login yes', '2023-01-29 09:26:18'),
(2, 0, '', 'shave', '2023-02-22 13:29:48'),
(3, 0, '', 'shave2', '2023-02-22 13:56:01'),
(4, 0, '', 'shave---3', '2023-02-22 13:56:02'),
(5, 0, '', 'shave2', '2023-02-22 13:57:02'),
(6, 0, '', 'shave---3', '2023-02-22 13:57:02'),
(7, 0, '', 'shave2', '2023-02-22 13:57:11'),
(8, 0, '', 'shave2', '2023-02-22 13:58:02'),
(9, 0, '', 'shave2', '2023-02-22 14:00:15'),
(10, 0, '', 'shave2', '2023-02-22 14:00:44'),
(11, 0, '', 'shave---3', '2023-02-22 14:00:44'),
(12, 0, '', 'kob kob bonii', '2023-02-22 14:02:13'),
(13, 0, '', 'shuggaaarr yes', '2023-02-22 14:02:13'),
(14, 0, '', 'shave---3', '2023-02-22 15:49:27'),
(15, 0, '', 'shave2', '2023-02-22 15:49:27'),
(16, 0, '', 'shave---3', '2023-02-22 16:02:23'),
(17, 0, '', 'shave2', '2023-02-22 16:02:23'),
(18, 0, '', 'shave2', '2023-02-22 16:04:43'),
(19, 0, '', 'shave---3', '2023-02-22 16:04:43'),
(20, 0, '', 'shave2', '2023-02-22 16:05:04'),
(21, 0, '', 'shave---3', '2023-02-22 16:05:04'),
(22, 0, '', 'shave---3', '2023-02-22 16:05:43'),
(23, 0, '', 'shave2', '2023-02-22 16:05:43'),
(24, 0, '', 'shave2', '2023-02-22 17:37:06'),
(25, 0, '', 'shave---3', '2023-02-22 17:37:06'),
(26, 0, '', 'shave---3', '2023-02-22 17:38:43'),
(27, 0, '', 'shave2', '2023-02-22 17:38:43'),
(28, 0, '', 'shave---3', '2023-02-23 15:49:47'),
(29, 0, '', 'shave2', '2023-02-23 15:49:47'),
(30, 0, '', 'shave2', '2023-03-05 16:07:50'),
(31, 0, '', 'shave---3', '2023-03-05 16:07:50'),
(32, 0, '', 'shave---3', '2023-03-05 16:14:07'),
(33, 0, '', 'shave2', '2023-03-05 16:14:07'),
(34, 0, '', 'shave---3', '2023-03-05 16:21:41'),
(35, 0, '', 'shave2', '2023-03-05 16:21:41'),
(36, 0, '', 'shave2', '2023-03-05 16:24:17'),
(37, 0, '', 'shave---3', '2023-03-05 16:24:17'),
(38, 0, '', 'shave2', '2023-03-05 16:25:53'),
(39, 0, '', 'shave---3', '2023-03-05 16:25:53'),
(40, 0, '', 'shave2', '2023-03-05 16:26:25'),
(41, 0, '', 'shave---3', '2023-03-05 16:26:26'),
(42, 0, '', 'shave---3', '2023-03-05 16:29:26'),
(43, 0, '', 'shave2', '2023-03-05 16:29:26'),
(44, 0, '', 'shave---3', '2023-03-05 16:30:17'),
(45, 0, '', 'shave2', '2023-03-05 16:30:17'),
(46, 0, '', 'shave2', '2023-03-05 16:31:17'),
(47, 0, '', 'shave---3', '2023-03-05 16:31:17'),
(48, 0, '', 'shave2', '2023-03-05 16:32:51'),
(49, 0, '', 'shave---3', '2023-03-05 16:32:51'),
(50, 0, '', 'shave2', '2023-03-05 16:33:04'),
(51, 0, '', 'shave---3', '2023-03-05 16:33:04'),
(52, 0, '', 'shave---3', '2023-03-05 16:33:29'),
(53, 0, '', 'shave2', '2023-03-05 16:33:29'),
(54, 0, '', 'shave2', '2023-03-05 16:34:45'),
(55, 0, '', 'shave---3', '2023-03-05 16:34:45'),
(56, 0, '', 'shave2', '2023-03-05 16:35:42'),
(57, 0, '', 'shave---3', '2023-03-05 16:35:42'),
(58, 0, '', 'shave---3', '2023-03-05 16:36:15'),
(59, 0, '', 'shave2', '2023-03-05 16:36:15'),
(60, 0, '', 'shave2', '2023-03-05 16:37:08'),
(61, 0, '', 'shave---3', '2023-03-05 16:37:08'),
(62, 0, '', 'shave2', '2023-03-05 16:37:12'),
(63, 0, '', 'shave---3', '2023-03-05 16:37:12'),
(64, 0, '', 'shave2', '2023-03-05 16:44:36'),
(65, 0, '', 'shave---3', '2023-03-05 16:44:36'),
(66, 0, '', 'shave2', '2023-03-05 16:45:48'),
(67, 0, '', 'shave---3', '2023-03-05 16:45:48'),
(68, 0, '', 'shave2', '2023-03-05 16:46:10'),
(69, 0, '', 'shave---3', '2023-03-05 16:46:10'),
(70, 0, '', 'shave---3', '2023-03-05 16:47:59'),
(71, 0, '', 'shave2', '2023-03-05 16:47:59'),
(72, 0, '', 'shave---3', '2023-03-05 16:48:38'),
(73, 0, '', 'shave2', '2023-03-05 16:48:38'),
(74, 0, '', 'shave2', '2023-03-05 16:49:09'),
(75, 0, '', 'shave---3', '2023-03-05 16:49:09'),
(76, 0, '', 'shave2', '2023-03-05 16:57:45'),
(77, 0, '', 'shave---3', '2023-03-05 16:57:45'),
(78, 0, '', 'shave---3', '2023-03-05 17:00:45'),
(79, 0, '', 'shave2', '2023-03-05 17:00:45'),
(80, 0, '', 'shave2', '2023-03-05 17:01:30'),
(81, 0, '', 'shave---3', '2023-03-05 17:01:30'),
(82, 0, '', 'shave2', '2023-03-07 11:55:43'),
(83, 0, '', 'shave---3', '2023-03-07 11:55:43'),
(84, 0, '', 'shave---3', '2023-03-07 12:44:03'),
(85, 0, '', 'shave2', '2023-03-07 12:44:03'),
(86, 0, '', 'shave2', '2023-03-07 12:44:50'),
(87, 0, '', 'shave---3', '2023-03-07 12:44:50'),
(88, 0, '', 'shave---3', '2023-03-07 12:51:59'),
(89, 0, '', 'shave2', '2023-03-07 12:51:59'),
(90, 0, '', 'shave2', '2023-03-07 12:52:04'),
(91, 0, '', 'shave---3', '2023-03-07 12:52:04'),
(92, 0, '', 'shave---3', '2023-03-07 12:57:27'),
(93, 0, '', 'shave2', '2023-03-07 12:57:27');

-- --------------------------------------------------------

--
-- Table structure for table `users`
--

CREATE TABLE `users` (
  `id` int(11) NOT NULL,
  `username` varchar(32) NOT NULL,
  `full_name` varchar(32) NOT NULL,
  `active` smallint(6) NOT NULL DEFAULT 1,
  `roll` int(11) NOT NULL DEFAULT 0,
  `email` varchar(32) NOT NULL,
  `password` varchar(32) NOT NULL,
  `phone` varchar(32) DEFAULT NULL,
  `city_id` int(11) DEFAULT NULL,
  `biz_name` varchar(32) DEFAULT NULL,
  `address` varchar(80) DEFAULT NULL,
  `sex` smallint(6) DEFAULT NULL,
  `birth_date` date DEFAULT NULL
) ENGINE=InnoDB DEFAULT CHARSET=utf8mb4;

--
-- Dumping data for table `users`
--

INSERT INTO `users` (`id`, `username`, `full_name`, `active`, `roll`, `email`, `password`, `phone`, `city_id`, `biz_name`, `address`, `sex`, `birth_date`) VALUES
(1, 'test', 'test test', 1, 5, 'test@new.com', '4297f44b13955235245b2497399d7a93', '0542393939', NULL, '', NULL, NULL, NULL),
(3, 'kobi2', 'kobi hagever', 1, 20, 'kobi2@g.com', '81dc9bdb52d04dc20036dbd8313ed055', '0542393333', NULL, '', NULL, NULL, NULL),
(4, 'ilan bossgadol', 'ilan bossgadol', 1, 5, 'ilan@g.com', '81dc9bdb52d04dc20036dbd8313ed055', '123123123', NULL, 'העסק של אילן', 'הגושרים 195 על 7 פתח השועלים בגן', 2, '1978-01-27'),
(5, 'קובי הגבר', 'קובי הגבר', 1, 5, 'rr@f.com', '96e79218965eb72c92a549dd5a330112', '123123123', NULL, '', NULL, NULL, NULL),
(7, 'אביעד קיסוס', 'אביעד קיסוס', 1, 15, 's@g.com', '4297f44b13955235245b2497399d7a93', '0542393333', NULL, '', NULL, NULL, NULL),
(8, 'rotemsela', 'רותם סלע', 1, 5, 's@g.com', '4297f44b13955235245b2497399d7a93', '0542393333', NULL, '', NULL, NULL, NULL),
(9, 'קבקבים', 'קבקבים', 1, 5, 'e@d.com', 'a663ca6a8547bb5383dd5b8d98850bd7', '0542393333', NULL, 'קבקבים', 'הגושרים 195 על 7 פתח השועלים בגן', 1, '0000-00-00');

-- --------------------------------------------------------

--
-- Table structure for table `user_cat`
--

CREATE TABLE `user_cat` (
  `id` int(11) NOT NULL,
  `user_id` int(11) NOT NULL,
  `cat_id` int(11) NOT NULL
) ENGINE=InnoDB DEFAULT CHARSET=utf8mb4;

--
-- Dumping data for table `user_cat`
--

INSERT INTO `user_cat` (`id`, `user_id`, `cat_id`) VALUES
(84, 3, 47),
(85, 3, 51),
(86, 3, 52),
(87, 3, 48),
(88, 3, 54),
(89, 4, 47),
(90, 4, 51),
(91, 4, 53),
(92, 4, 57),
(93, 4, 58),
(94, 4, 52),
(95, 5, 47),
(96, 5, 51),
(97, 5, 52),
(98, 5, 48),
(99, 5, 54),
(100, 7, 47),
(101, 7, 51),
(102, 7, 53),
(103, 7, 57),
(104, 7, 52),
(105, 8, 47),
(106, 8, 51),
(107, 8, 53),
(108, 8, 57),
(109, 8, 58),
(110, 8, 52),
(111, 9, 47),
(112, 9, 51),
(113, 9, 53),
(114, 9, 57),
(115, 9, 52),
(116, 1, 47),
(117, 1, 51),
(118, 1, 53),
(119, 1, 57),
(120, 1, 58),
(121, 1, 52),
(122, 1, 63),
(123, 1, 48),
(124, 1, 54),
(125, 1, 49),
(126, 1, 55),
(127, 1, 50),
(128, 1, 56);

-- --------------------------------------------------------

--
-- Table structure for table `user_cat_city`
--

CREATE TABLE `user_cat_city` (
  `id` int(11) NOT NULL,
  `user_id` int(11) NOT NULL,
  `cat_id` int(11) NOT NULL,
  `city_id` int(11) NOT NULL
) ENGINE=InnoDB DEFAULT CHARSET=utf8mb4;

--
-- Dumping data for table `user_cat_city`
--

INSERT INTO `user_cat_city` (`id`, `user_id`, `cat_id`, `city_id`) VALUES
(1, 3, 15, 3),
(2, 3, 15, 4),
(3, 3, 15, 5),
(4, 3, 12, 2),
(5, 3, 13, 2),
(6, 3, 13, 3),
(7, 3, 13, 4),
(8, 3, 13, 7),
(9, 4, 12, 2),
(10, 4, 12, 5),
(46, 4, 52, 1);

-- --------------------------------------------------------

--
-- Table structure for table `user_city`
--

CREATE TABLE `user_city` (
  `id` int(11) NOT NULL,
  `user_id` int(11) NOT NULL,
  `city_id` int(11) NOT NULL
) ENGINE=InnoDB DEFAULT CHARSET=utf8mb4;

--
-- Dumping data for table `user_city`
--

INSERT INTO `user_city` (`id`, `user_id`, `city_id`) VALUES
(28, 1, 1),
(29, 1, 2),
(30, 1, 3),
(31, 1, 7),
(32, 1, 49),
(33, 1, 5),
(34, 1, 6),
(35, 1, 46),
(36, 1, 47),
(37, 1, 8),
(38, 1, 9),
(39, 1, 10),
(40, 1, 48),
(41, 3, 1),
(42, 3, 2),
(43, 3, 3),
(44, 3, 7),
(45, 3, 49),
(46, 4, 1),
(47, 4, 2),
(48, 4, 3),
(49, 4, 7),
(50, 4, 49),
(56, 7, 1),
(57, 7, 2),
(58, 7, 3),
(59, 7, 7),
(60, 7, 49),
(61, 8, 1),
(62, 8, 2),
(63, 8, 3),
(64, 8, 7),
(65, 8, 49),
(66, 8, 5),
(67, 9, 1),
(68, 9, 2),
(69, 9, 3),
(70, 9, 7),
(71, 9, 49),
(76, 5, 1),
(77, 5, 2),
(78, 5, 3),
(79, 5, 7);

-- --------------------------------------------------------

--
-- Table structure for table `user_leads`
--

CREATE TABLE `user_leads` (
  `id` int(11) NOT NULL,
  `user_id` int(11) NOT NULL,
  `date_in` datetime NOT NULL DEFAULT current_timestamp(),
  `last_update` datetime NOT NULL DEFAULT current_timestamp(),
  `full_name` varchar(80) DEFAULT NULL,
  `email` varchar(80) DEFAULT NULL,
  `phone` varchar(32) NOT NULL,
  `note` mediumtext DEFAULT NULL,
  `extra` mediumtext DEFAULT NULL,
  `status` smallint(6) NOT NULL DEFAULT 0,
  `deleted` tinyint(4) NOT NULL DEFAULT 0,
  `open_state` tinyint(4) NOT NULL DEFAULT 0,
  `subjuct_id` int(11) NOT NULL DEFAULT 0,
  `tag` int(11) NOT NULL DEFAULT 0,
  `request_id` int(11) DEFAULT NULL,
  `phone_id` int(11) DEFAULT NULL,
  `token` varchar(80) DEFAULT NULL,
  `resource` varchar(32) DEFAULT NULL,
  `billed` tinyint(4) DEFAULT 0,
  `duplicate_id` int(11) NOT NULL,
  `send_state` smallint(6) NOT NULL DEFAULT 0,
  `campaign_type` smallint(6) DEFAULT NULL,
  `campaign_name` varchar(80) NOT NULL,
  `view_state` tinyint(4) NOT NULL DEFAULT 0,
  `view_time` datetime DEFAULT NULL,
  `offer_amount` int(11) NOT NULL DEFAULT 0
) ENGINE=InnoDB DEFAULT CHARSET=utf8mb4;

--
-- Dumping data for table `user_leads`
--

INSERT INTO `user_leads` (`id`, `user_id`, `date_in`, `last_update`, `full_name`, `email`, `phone`, `note`, `extra`, `status`, `deleted`, `open_state`, `subjuct_id`, `tag`, `request_id`, `phone_id`, `token`, `resource`, `billed`, `duplicate_id`, `send_state`, `campaign_type`, `campaign_name`, `view_state`, `view_time`, `offer_amount`) VALUES
(39, 1, '2023-03-11 17:01:30', '2023-03-17 17:01:30', 'קובי בודק', 'קובי בודק', '0542099433', 'כולנו ביחד למען כולם', '', 0, 0, 1, 0, 0, 40, NULL, '029c7241555e87c12c5c101f5344555d', 'form', 0, 0, 1, NULL, '', 0, NULL, 2500),
(40, 3, '2023-03-11 17:01:30', '2023-03-17 17:01:30', 'קובי בודק', 'קובי בודק', '0542099433', 'dd', '', 0, 0, 0, 0, 0, 40, NULL, '029c7241555e87c12c5c101f5344555d', 'form', 0, 0, 1, NULL, '', 0, NULL, 0),
(41, 4, '2023-03-11 17:01:30', '2023-03-17 17:01:30', 'קובי בודק', 'קובי בודק', '0542099433', 'dd', '', 0, 0, 1, 0, 0, 40, NULL, '029c7241555e87c12c5c101f5344555d', 'form', 1, 0, 1, NULL, '', 0, NULL, 0),
(42, 1, '2023-03-12 14:08:48', '2023-03-18 14:08:48', 'קובי בודק696', 'קובי בודק696', '054232323696', 'סתם פתק', '', 0, 0, 0, 0, 0, 41, NULL, '9912b62ffc617f94592fc70effb0ced4', 'form', 0, 0, 1, NULL, '', 0, NULL, 0),
(43, 3, '2023-03-12 14:08:48', '2023-03-18 14:08:48', 'קובי בודק696', 'קובי בודק696', '054232323696', 'סתם פתק', '', 0, 0, 0, 0, 0, 41, NULL, '9912b62ffc617f94592fc70effb0ced4', 'form', 0, 0, 1, NULL, '', 0, NULL, 0),
(44, 4, '2023-03-12 14:08:48', '2023-03-18 14:08:48', 'קובי בודק696', 'קובי בודק696', '054232323696', 'סתם פתק', '', 0, 0, 1, 0, 0, 41, NULL, '9912b62ffc617f94592fc70effb0ced4', 'form', 1, 0, 1, NULL, '', 0, NULL, 0),
(45, 1, '2023-03-12 14:08:53', '2023-03-18 14:08:53', 'קובי בודק998', 'קובי בודק998', '054232323998', 'סתם פתק', '', 0, 0, 0, 0, 0, 42, NULL, 'd178d34cce9088fc60d2247cfb757756', 'form', 0, 0, 1, NULL, '', 0, NULL, 0),
(46, 3, '2023-03-12 14:08:53', '2023-03-18 14:08:53', 'קובי בודק998', 'קובי בודק998', '054232323998', 'סתם פתק', '', 0, 0, 0, 0, 0, 42, NULL, 'd178d34cce9088fc60d2247cfb757756', 'form', 0, 0, 1, NULL, '', 0, NULL, 0),
(47, 5, '2023-03-12 14:08:53', '2023-03-18 14:08:53', 'קובי בודק998', 'קובי בודק998', '054232323998', 'סתם פתק', '', 0, 0, 0, 0, 0, 42, NULL, 'd178d34cce9088fc60d2247cfb757756', 'form', 0, 0, 1, NULL, '', 0, NULL, 0),
(48, 1, '2023-03-12 14:08:53', '2023-03-18 14:08:53', 'קובי בודק506', 'קובי בודק506', '054232323506', 'סתם פתק', '', 0, 0, 0, 0, 0, 43, NULL, '43a389fbae56bd392c244465d390491f', 'form', 0, 0, 1, NULL, '', 0, NULL, 0),
(49, 3, '2023-03-12 14:08:53', '2023-03-18 14:08:53', 'קובי בודק506', 'קובי בודק506', '054232323506', 'סתם פתק', '', 0, 0, 0, 0, 0, 43, NULL, '43a389fbae56bd392c244465d390491f', 'form', 0, 0, 1, NULL, '', 0, NULL, 0),
(50, 4, '2023-03-12 14:08:53', '2023-03-18 14:08:53', 'קובי בודק506', 'קובי בודק506', '054232323506', 'סתם פתק', '', 0, 0, 1, 0, 0, 43, NULL, '43a389fbae56bd392c244465d390491f', 'form', 1, 0, 1, NULL, '', 0, NULL, 0),
(51, 1, '2023-03-12 14:08:54', '2023-03-18 14:08:54', 'קובי בודק179', 'קובי בודק179', '054232323179', 'סתם פתק', '', 0, 0, 0, 0, 0, 44, NULL, '3b28f7a7bd432c044c1cdc4f11f681dc', 'form', 0, 0, 1, NULL, '', 0, NULL, 0),
(52, 1, '2023-03-12 14:08:54', '2023-03-18 14:08:54', 'קובי בודק832', 'קובי בודק832', '054232323832', 'סתם פתק', '', 0, 0, 0, 0, 0, 45, NULL, '0fbf25f7a2ed6ca15499645d17c0e945', 'form', 0, 0, 1, NULL, '', 0, NULL, 0),
(53, 1, '2023-03-12 14:08:54', '2023-03-18 14:08:54', 'קובי בודק730', 'קובי בודק730', '054232323730', 'סתם פתק', '', 0, 0, 0, 0, 0, 46, NULL, '7e0107fcc910e535c6cd3cea4064985f', 'form', 0, 0, 1, NULL, '', 0, NULL, 0),
(54, 3, '2023-03-12 14:08:54', '2023-03-18 14:08:54', 'קובי בודק730', 'קובי בודק730', '054232323730', 'סתם פתק', '', 0, 0, 0, 0, 0, 46, NULL, '7e0107fcc910e535c6cd3cea4064985f', 'form', 0, 0, 1, NULL, '', 0, NULL, 0),
(55, 5, '2023-03-12 14:08:54', '2023-03-18 14:08:54', 'קובי בודק730', 'קובי בודק730', '054232323730', 'סתם פתק', '', 0, 0, 0, 0, 0, 46, NULL, '7e0107fcc910e535c6cd3cea4064985f', 'form', 0, 0, 1, NULL, '', 0, NULL, 0),
(56, 1, '2023-03-12 14:08:55', '2023-03-18 14:08:55', 'קובי בודק181', 'קובי בודק181', '054232323181', 'סתם פתק', '', 0, 0, 0, 0, 0, 47, NULL, 'ae5e6b994f9548027229b342c8b78b4f', 'form', 0, 0, 1, NULL, '', 0, NULL, 0),
(57, 1, '2023-03-12 14:08:55', '2023-03-18 14:08:55', 'קובי בודק378', 'קובי בודק378', '054232323378', 'סתם פתק', '', 0, 0, 0, 0, 0, 48, NULL, '622d74f16a55a6cc651e0e354b86f951', 'form', 0, 0, 1, NULL, '', 0, NULL, 0),
(58, 3, '2023-03-12 14:08:55', '2023-03-18 14:08:55', 'קובי בודק378', 'קובי בודק378', '054232323378', 'סתם פתק', '', 0, 0, 0, 0, 0, 48, NULL, '622d74f16a55a6cc651e0e354b86f951', 'form', 0, 0, 1, NULL, '', 0, NULL, 0),
(59, 4, '2023-03-12 14:08:55', '2023-03-18 14:08:55', 'קובי בודק378', 'קובי בודק378', '054232323378', 'סתם פתק', '', 0, 0, 1, 0, 0, 48, NULL, '622d74f16a55a6cc651e0e354b86f951', 'form', 1, 0, 1, NULL, '', 0, NULL, 0),
(60, 1, '2023-03-12 14:08:56', '2023-03-18 14:08:56', 'קובי בודק850', 'קובי בודק850', '054232323850', 'סתם פתק', '', 0, 0, 0, 0, 0, 49, NULL, '757670362468bcd7c7862c893fcdab19', 'form', 0, 0, 1, NULL, '', 0, NULL, 0),
(61, 3, '2023-03-12 14:08:56', '2023-03-18 14:08:56', 'קובי בודק850', 'קובי בודק850', '054232323850', 'סתם פתק', '', 0, 0, 0, 0, 0, 49, NULL, '757670362468bcd7c7862c893fcdab19', 'form', 0, 0, 1, NULL, '', 0, NULL, 0),
(62, 4, '2023-03-12 14:08:56', '2023-03-18 14:08:56', 'קובי בודק850', 'קובי בודק850', '054232323850', 'סתם פתק', '', 0, 0, 1, 0, 0, 49, NULL, '757670362468bcd7c7862c893fcdab19', 'form', 1, 0, 1, NULL, '', 0, NULL, 0),
(63, 1, '2023-03-12 14:08:56', '2023-03-18 14:08:56', 'קובי בודק107', 'קובי בודק107', '054232323107', 'סתם פתק', '', 0, 0, 0, 0, 0, 50, NULL, 'fcc2491338a6b8e3d6ceb191ffdaf3a4', 'form', 0, 0, 1, NULL, '', 0, NULL, 0),
(64, 3, '2023-03-12 14:08:56', '2023-03-18 14:08:56', 'קובי בודק107', 'קובי בודק107', '054232323107', 'סתם פתק', '', 0, 0, 0, 0, 0, 50, NULL, 'fcc2491338a6b8e3d6ceb191ffdaf3a4', 'form', 0, 0, 1, NULL, '', 0, NULL, 0),
(65, 4, '2023-03-12 14:08:56', '2023-03-18 14:08:56', 'קובי בודק107', 'קובי בודק107', '054232323107', 'סתם פתק', '', 0, 0, 1, 0, 0, 50, NULL, 'fcc2491338a6b8e3d6ceb191ffdaf3a4', 'form', 1, 0, 1, NULL, '', 0, NULL, 0),
(66, 1, '2023-03-12 14:08:56', '2023-03-18 14:08:56', 'קובי בודק198', 'קובי בודק198', '054232323198', 'סתם פתק', '', 0, 0, 0, 0, 0, 51, NULL, '29e1e8cb52738ff7ec587969decf8a76', 'form', 0, 0, 1, NULL, '', 0, NULL, 0),
(67, 3, '2023-03-12 14:08:56', '2023-03-18 14:08:56', 'קובי בודק198', 'קובי בודק198', '054232323198', 'סתם פתק', '', 0, 0, 0, 0, 0, 51, NULL, '29e1e8cb52738ff7ec587969decf8a76', 'form', 0, 0, 1, NULL, '', 0, NULL, 0),
(68, 4, '2023-03-12 14:08:56', '2023-03-18 14:08:56', 'קובי בודק198', 'קובי בודק198', '054232323198', 'סתם פתק', '', 0, 0, 1, 0, 0, 51, NULL, '29e1e8cb52738ff7ec587969decf8a76', 'form', 1, 0, 1, NULL, '', 0, NULL, 0),
(69, 1, '2023-03-12 14:08:57', '2023-03-18 14:08:57', 'קובי בודק130', 'קובי בודק130', '054232323130', 'סתם פתק', '', 0, 0, 0, 0, 0, 52, NULL, 'ef6a83cdd586188a139e8809ae1450f6', 'form', 0, 0, 1, NULL, '', 0, NULL, 0),
(70, 3, '2023-03-12 14:08:57', '2023-03-18 14:08:57', 'קובי בודק130', 'קובי בודק130', '054232323130', 'סתם פתק', '', 0, 0, 0, 0, 0, 52, NULL, 'ef6a83cdd586188a139e8809ae1450f6', 'form', 0, 0, 1, NULL, '', 0, NULL, 0),
(71, 4, '2023-03-12 14:08:57', '2023-03-18 14:08:57', 'קובי בודק130', 'קובי בודק130', '054232323130', 'סתם פתק', '', 0, 0, 1, 0, 0, 52, NULL, 'ef6a83cdd586188a139e8809ae1450f6', 'form', 1, 0, 1, NULL, '', 0, NULL, 0),
(72, 1, '2023-03-12 14:08:57', '2023-03-18 14:08:57', 'קובי בודק385', 'קובי בודק385', '054232323385', 'סתם פתק', '', 0, 0, 0, 0, 0, 53, NULL, '3153051368cf7c7de533bc815bb1dc70', 'form', 0, 0, 1, NULL, '', 0, NULL, 0),
(73, 3, '2023-03-12 14:08:57', '2023-03-18 14:08:57', 'קובי בודק385', 'קובי בודק385', '054232323385', 'סתם פתק', '', 0, 0, 0, 0, 0, 53, NULL, '3153051368cf7c7de533bc815bb1dc70', 'form', 0, 0, 1, NULL, '', 0, NULL, 0),
(74, 5, '2023-03-12 14:08:57', '2023-03-18 14:08:57', 'קובי בודק385', 'קובי בודק385', '054232323385', 'סתם פתק', '', 0, 0, 0, 0, 0, 53, NULL, '3153051368cf7c7de533bc815bb1dc70', 'form', 0, 0, 1, NULL, '', 0, NULL, 0),
(75, 1, '2023-03-12 14:08:58', '2023-03-18 14:08:58', 'קובי בודק491', 'קובי בודק491', '054232323491', 'סתם פתק', '', 0, 0, 0, 0, 0, 54, NULL, 'b9279102f6f8484ec509f2bfdd94228f', 'form', 0, 0, 1, NULL, '', 0, NULL, 0),
(76, 3, '2023-03-12 14:08:58', '2023-03-18 14:08:58', 'קובי בודק491', 'קובי בודק491', '054232323491', 'סתם פתק', '', 0, 0, 0, 0, 0, 54, NULL, 'b9279102f6f8484ec509f2bfdd94228f', 'form', 0, 0, 1, NULL, '', 0, NULL, 0),
(77, 4, '2023-03-12 14:08:58', '2023-03-18 14:08:58', 'קובי בודק491', 'קובי בודק491', '054232323491', 'סתם פתק', '', 0, 0, 1, 0, 0, 54, NULL, 'b9279102f6f8484ec509f2bfdd94228f', 'form', 1, 0, 1, NULL, '', 0, NULL, 0),
(78, 1, '2023-03-12 14:08:58', '2023-03-18 14:08:58', 'קובי בודק311', 'קובי בודק311', '054232323311', 'סתם פתק', '', 0, 0, 0, 0, 0, 55, NULL, 'b5233254ca5c7b8022a6abab137d26b1', 'form', 0, 0, 1, NULL, '', 0, NULL, 0),
(79, 3, '2023-03-12 14:08:58', '2023-03-18 14:08:58', 'קובי בודק311', 'קובי בודק311', '054232323311', 'סתם פתק', '', 0, 0, 0, 0, 0, 55, NULL, 'b5233254ca5c7b8022a6abab137d26b1', 'form', 0, 0, 1, NULL, '', 0, NULL, 0),
(80, 5, '2023-03-12 14:08:58', '2023-03-18 14:08:58', 'קובי בודק311', 'קובי בודק311', '054232323311', 'סתם פתק', '', 0, 0, 0, 0, 0, 55, NULL, 'b5233254ca5c7b8022a6abab137d26b1', 'form', 0, 0, 1, NULL, '', 0, NULL, 0),
(81, 1, '2023-03-12 14:08:59', '2023-03-18 14:08:59', 'קובי בודק108', 'קובי בודק108', '054232323108', 'סתם פתק', '', 0, 0, 0, 0, 0, 56, NULL, 'b4f7575f7088183f90acf9be807a339e', 'form', 0, 0, 1, NULL, '', 0, NULL, 0),
(82, 3, '2023-03-12 14:08:59', '2023-03-18 14:08:59', 'קובי בודק108', 'קובי בודק108', '054232323108', 'סתם פתק', '', 0, 0, 0, 0, 0, 56, NULL, 'b4f7575f7088183f90acf9be807a339e', 'form', 0, 0, 1, NULL, '', 0, NULL, 0),
(83, 4, '2023-03-12 14:08:59', '2023-03-18 14:08:59', 'קובי בודק108', 'קובי בודק108', '054232323108', 'סתם פתק', '', 0, 0, 1, 0, 0, 56, NULL, 'b4f7575f7088183f90acf9be807a339e', 'form', 1, 0, 1, NULL, '', 0, NULL, 0),
(84, 1, '2023-03-12 14:08:59', '2023-03-18 14:08:59', 'קובי בודק139', 'קובי בודק139', '054232323139', 'סתם פתק', '', 0, 0, 0, 0, 0, 57, NULL, 'dea8a4e794d9965a07a0e5744005a596', 'form', 0, 0, 1, NULL, '', 0, NULL, 0),
(85, 3, '2023-03-12 14:08:59', '2023-03-18 14:08:59', 'קובי בודק139', 'קובי בודק139', '054232323139', 'סתם פתק', '', 0, 0, 0, 0, 0, 57, NULL, 'dea8a4e794d9965a07a0e5744005a596', 'form', 0, 0, 1, NULL, '', 0, NULL, 0),
(86, 5, '2023-03-12 14:08:59', '2023-03-18 14:08:59', 'קובי בודק139', 'קובי בודק139', '054232323139', 'סתם פתק', '', 0, 0, 0, 0, 0, 57, NULL, 'dea8a4e794d9965a07a0e5744005a596', 'form', 0, 0, 1, NULL, '', 0, NULL, 0),
(87, 1, '2023-03-12 14:08:59', '2023-03-18 14:08:59', 'קובי בודק395', 'קובי בודק395', '054232323395', 'סתם פתק', '', 0, 0, 0, 0, 0, 58, NULL, 'e46d0d12de5c246750371da63be732b6', 'form', 0, 0, 1, NULL, '', 0, NULL, 0),
(88, 1, '2023-03-12 14:09:44', '2023-03-18 14:09:44', 'קובי בודק581', 'קובי בודק581', '054232323581', 'סתם פתק', '', 0, 0, 0, 0, 0, 59, NULL, 'c93c9e1f0b4b57e7b392180ecd984b9e', 'form', 0, 0, 1, NULL, '', 0, NULL, 0),
(89, 3, '2023-03-12 14:09:44', '2023-03-18 14:09:44', 'קובי בודק581', 'קובי בודק581', '054232323581', 'סתם פתק', '', 0, 0, 0, 0, 0, 59, NULL, 'c93c9e1f0b4b57e7b392180ecd984b9e', 'form', 0, 0, 1, NULL, '', 0, NULL, 0),
(90, 4, '2023-03-12 14:09:44', '2023-03-18 14:09:44', 'קובי בודק581', 'קובי בודק581', '054232323581', 'סתם פתק', '', 0, 0, 1, 0, 0, 59, NULL, 'c93c9e1f0b4b57e7b392180ecd984b9e', 'form', 1, 0, 1, NULL, '', 0, NULL, 0),
(91, 1, '2023-03-12 14:09:45', '2023-03-18 14:09:45', 'קובי בודק202', 'קובי בודק202', '054232323202', 'סתם פתק', '', 0, 0, 0, 0, 0, 60, NULL, '60a8a65095f72fb490a40d7f82d74c05', 'form', 0, 0, 1, NULL, '', 0, NULL, 0),
(92, 3, '2023-03-12 14:09:45', '2023-03-18 14:09:45', 'קובי בודק202', 'קובי בודק202', '054232323202', 'סתם פתק', '', 0, 0, 0, 0, 0, 60, NULL, '60a8a65095f72fb490a40d7f82d74c05', 'form', 0, 0, 1, NULL, '', 0, NULL, 0),
(93, 4, '2023-03-12 14:09:45', '2023-03-18 14:09:45', 'קובי בודק202', 'קובי בודק202', '054232323202', 'סתם פתק', '', 0, 0, 1, 0, 0, 60, NULL, '60a8a65095f72fb490a40d7f82d74c05', 'form', 1, 0, 1, NULL, '', 0, NULL, 0),
(94, 1, '2023-03-12 14:09:46', '2023-03-18 14:09:46', 'קובי בודק162', 'קובי בודק162', '054232323162', 'סתם פתק', '', 0, 0, 0, 0, 0, 61, NULL, '692d1f901da20807797872895f4a3053', 'form', 0, 0, 1, NULL, '', 0, NULL, 0),
(95, 1, '2023-03-12 14:09:46', '2023-03-18 14:09:46', 'קובי בודק503', 'קובי בודק503', '054232323503', 'סתם פתק', '', 0, 0, 0, 0, 0, 62, NULL, '00323860d8ca2cd3144fccddfd7396d7', 'form', 0, 0, 1, NULL, '', 0, NULL, 0),
(96, 3, '2023-03-12 14:09:46', '2023-03-18 14:09:46', 'קובי בודק503', 'קובי בודק503', '054232323503', 'סתם פתק', '', 0, 0, 0, 0, 0, 62, NULL, '00323860d8ca2cd3144fccddfd7396d7', 'form', 0, 0, 1, NULL, '', 0, NULL, 0),
(97, 4, '2023-03-12 14:09:46', '2023-03-18 14:09:46', 'קובי בודק503', 'קובי בודק503', '054232323503', 'סתם פתק', '', 0, 0, 1, 0, 0, 62, NULL, '00323860d8ca2cd3144fccddfd7396d7', 'form', 1, 0, 1, NULL, '', 0, NULL, 0),
(98, 1, '2023-03-12 14:09:46', '2023-03-18 14:09:46', 'קובי בודק735', 'קובי בודק735', '054232323735', 'סתם פתק', '', 0, 0, 0, 0, 0, 63, NULL, '6f75b08a2f396df0b68907eddbcd84f2', 'form', 0, 0, 1, NULL, '', 0, NULL, 0),
(99, 3, '2023-03-12 14:09:46', '2023-03-18 14:09:46', 'קובי בודק735', 'קובי בודק735', '054232323735', 'סתם פתק', '', 0, 0, 0, 0, 0, 63, NULL, '6f75b08a2f396df0b68907eddbcd84f2', 'form', 0, 0, 1, NULL, '', 0, NULL, 0),
(100, 5, '2023-03-12 14:09:46', '2023-03-18 14:09:46', 'קובי בודק735', 'קובי בודק735', '054232323735', 'סתם פתק', '', 0, 0, 0, 0, 0, 63, NULL, '6f75b08a2f396df0b68907eddbcd84f2', 'form', 0, 0, 1, NULL, '', 0, NULL, 0),
(101, 1, '2023-03-12 14:09:47', '2023-03-18 14:09:47', 'קובי בודק387', 'קובי בודק387', '054232323387', 'סתם פתק', '', 0, 0, 0, 0, 0, 64, NULL, '4e372364b35e5a8017a32f3d03ab4653', 'form', 0, 0, 1, NULL, '', 0, NULL, 0),
(102, 3, '2023-03-12 14:09:47', '2023-03-18 14:09:47', 'קובי בודק387', 'קובי בודק387', '054232323387', 'סתם פתק', '', 0, 0, 0, 0, 0, 64, NULL, '4e372364b35e5a8017a32f3d03ab4653', 'form', 0, 0, 1, NULL, '', 0, NULL, 0),
(103, 4, '2023-03-12 14:09:47', '2023-03-18 14:09:47', 'קובי בודק387', 'קובי בודק387', '054232323387', 'סתם פתק', '', 0, 0, 1, 0, 0, 64, NULL, '4e372364b35e5a8017a32f3d03ab4653', 'form', 1, 0, 1, NULL, '', 0, NULL, 0),
(104, 1, '2023-03-12 14:09:47', '2023-03-18 14:09:47', 'קובי בודק636', 'קובי בודק636', '054232323636', 'סתם פתק', '', 0, 0, 0, 0, 0, 65, NULL, '58e0b0faaaf04c168e65d24ae8db9ec3', 'form', 0, 0, 1, NULL, '', 0, NULL, 0),
(105, 1, '2023-03-12 14:09:48', '2023-03-18 14:09:48', 'קובי בודק452', 'קובי בודק452', '054232323452', 'סתם פתק', '', 0, 0, 0, 0, 0, 66, NULL, '172a58d914badff4f0b3b2410162f877', 'form', 0, 0, 1, NULL, '', 0, NULL, 0),
(106, 1, '2023-03-12 14:09:48', '2023-03-18 14:09:48', 'קובי בודק659', 'קובי בודק659', '054232323659', 'סתם פתק', '', 0, 0, 0, 0, 0, 67, NULL, '56b8e509bfe25ad606f518910ec62ef9', 'form', 0, 0, 1, NULL, '', 0, NULL, 0),
(107, 1, '2023-03-12 14:09:49', '2023-03-18 14:09:49', 'קובי בודק574', 'קובי בודק574', '054232323574', 'סתם פתק', '', 0, 0, 0, 0, 0, 68, NULL, '0bd198ba8eb9aed684366998c161846c', 'form', 0, 0, 1, NULL, '', 0, NULL, 0),
(108, 3, '2023-03-12 14:09:49', '2023-03-18 14:09:49', 'קובי בודק574', 'קובי בודק574', '054232323574', 'סתם פתק', '', 0, 0, 0, 0, 0, 68, NULL, '0bd198ba8eb9aed684366998c161846c', 'form', 0, 0, 1, NULL, '', 0, NULL, 0),
(109, 4, '2023-03-12 14:09:49', '2023-03-18 14:09:49', 'קובי בודק574', 'קובי בודק574', '054232323574', 'סתם פתק', '', 0, 0, 1, 0, 0, 68, NULL, '0bd198ba8eb9aed684366998c161846c', 'form', 1, 0, 1, NULL, '', 0, NULL, 0),
(110, 1, '2023-03-12 14:09:49', '2023-03-18 14:09:49', 'קובי בודק431', 'קובי בודק431', '054232323431', 'סתם פתק', '', 0, 0, 0, 0, 0, 69, NULL, '6069b7c3526f4f9d86f416382fe88a17', 'form', 0, 0, 1, NULL, '', 0, NULL, 0),
(111, 1, '2023-03-12 14:09:49', '2023-03-18 14:09:49', 'קובי בודק519', 'קובי בודק519', '054232323519', 'סתם פתק', '', 0, 0, 0, 0, 0, 70, NULL, '91b19a189170262456feda2c7b9d618c', 'form', 0, 0, 1, NULL, '', 0, NULL, 0),
(112, 3, '2023-03-12 14:09:49', '2023-03-18 14:09:49', 'קובי בודק519', 'קובי בודק519', '054232323519', 'סתם פתק', '', 0, 0, 0, 0, 0, 70, NULL, '91b19a189170262456feda2c7b9d618c', 'form', 0, 0, 1, NULL, '', 0, NULL, 0),
(113, 4, '2023-03-12 14:09:49', '2023-03-18 14:09:49', 'קובי בודק519', 'קובי בודק519', '054232323519', 'סתם פתק', '', 0, 0, 1, 0, 0, 70, NULL, '91b19a189170262456feda2c7b9d618c', 'form', 1, 0, 1, NULL, '', 0, NULL, 0),
(114, 1, '2023-03-12 14:09:50', '2023-03-18 14:09:50', 'קובי בודק140', 'קובי בודק140', '054232323140', 'סתם פתק', '', 0, 0, 0, 0, 0, 71, NULL, '63d294bb1dfe6e499222f55f0fc6d52d', 'form', 0, 0, 1, NULL, '', 0, NULL, 0),
(115, 3, '2023-03-12 14:09:50', '2023-03-18 14:09:50', 'קובי בודק140', 'קובי בודק140', '054232323140', 'סתם פתק', '', 0, 0, 0, 0, 0, 71, NULL, '63d294bb1dfe6e499222f55f0fc6d52d', 'form', 0, 0, 1, NULL, '', 0, NULL, 0),
(116, 4, '2023-03-12 14:09:50', '2023-03-18 14:09:50', 'קובי בודק140', 'קובי בודק140', '054232323140', 'סתם פתק', '', 0, 0, 1, 0, 0, 71, NULL, '63d294bb1dfe6e499222f55f0fc6d52d', 'form', 1, 0, 1, NULL, '', 0, NULL, 0),
(117, 1, '2023-03-12 14:09:50', '2023-03-18 14:09:50', 'קובי בודק274', 'קובי בודק274', '054232323274', 'סתם פתק', '', 0, 0, 0, 0, 0, 72, NULL, '828278d4210065ded1be251b7f6c2aca', 'form', 0, 0, 1, NULL, '', 0, NULL, 0),
(118, 3, '2023-03-12 14:09:50', '2023-03-18 14:09:50', 'קובי בודק274', 'קובי בודק274', '054232323274', 'סתם פתק', '', 0, 0, 0, 0, 0, 72, NULL, '828278d4210065ded1be251b7f6c2aca', 'form', 0, 0, 1, NULL, '', 0, NULL, 0),
(119, 5, '2023-03-12 14:09:50', '2023-03-18 14:09:50', 'קובי בודק274', 'קובי בודק274', '054232323274', 'סתם פתק', '', 0, 0, 0, 0, 0, 72, NULL, '828278d4210065ded1be251b7f6c2aca', 'form', 0, 0, 1, NULL, '', 0, NULL, 0),
(120, 1, '2023-03-12 14:09:50', '2023-03-18 14:09:50', 'קובי בודק842', 'קובי בודק842', '054232323842', 'סתם פתק', '', 0, 0, 0, 0, 0, 73, NULL, '34c23c579b9d26a2ca716946cc46027a', 'form', 0, 0, 1, NULL, '', 0, NULL, 0),
(121, 1, '2023-03-12 14:09:51', '2023-03-18 14:09:51', 'קובי בודק890', 'קובי בודק890', '054232323890', 'סתם פתק', '', 0, 0, 0, 0, 0, 74, NULL, 'a5b5cfc50dcdc19ab36a02b74a9d6d64', 'form', 0, 0, 1, NULL, '', 0, NULL, 0),
(122, 3, '2023-03-12 14:09:51', '2023-03-18 14:09:51', 'קובי בודק890', 'קובי בודק890', '054232323890', 'סתם פתק', '', 0, 0, 0, 0, 0, 74, NULL, 'a5b5cfc50dcdc19ab36a02b74a9d6d64', 'form', 0, 0, 1, NULL, '', 0, NULL, 0),
(123, 4, '2023-03-12 14:09:51', '2023-03-18 14:09:51', 'קובי בודק890', 'קובי בודק890', '054232323890', 'סתם פתק', '', 0, 0, 1, 0, 0, 74, NULL, 'a5b5cfc50dcdc19ab36a02b74a9d6d64', 'form', 1, 0, 1, NULL, '', 0, NULL, 0),
(124, 1, '2023-03-12 14:09:51', '2023-03-18 14:09:51', 'קובי בודק327', 'קובי בודק327', '054232323327', 'סתם פתק', '', 0, 0, 0, 0, 0, 75, NULL, 'd58fe97728cd23095f2c9c3c1f9603ab', 'form', 0, 0, 1, NULL, '', 0, NULL, 0),
(125, 1, '2023-03-12 14:09:51', '2023-03-18 14:09:51', 'קובי בודק380', 'קובי בודק380', '054232323380', 'סתם פתק', '', 0, 0, 0, 0, 0, 76, NULL, '47f0e33fc2b550ee4650acab9d191dc0', 'form', 0, 0, 1, NULL, '', 0, NULL, 0),
(126, 3, '2023-03-12 14:09:51', '2023-03-18 14:09:51', 'קובי בודק380', 'קובי בודק380', '054232323380', 'סתם פתק', '', 0, 0, 0, 0, 0, 76, NULL, '47f0e33fc2b550ee4650acab9d191dc0', 'form', 0, 0, 1, NULL, '', 0, NULL, 0),
(127, 5, '2023-03-12 14:09:51', '2023-03-18 14:09:51', 'קובי בודק380', 'קובי בודק380', '054232323380', 'סתם פתק', '', 0, 0, 0, 0, 0, 76, NULL, '47f0e33fc2b550ee4650acab9d191dc0', 'form', 0, 0, 1, NULL, '', 0, NULL, 0),
(128, 1, '2023-03-12 14:09:52', '2023-03-18 14:09:52', 'קובי בודק606', 'קובי בודק606', '054232323606', 'סתם פתק', '', 0, 0, 0, 0, 0, 77, NULL, '80bfc63da9936630a31ecf1ec2445c1d', 'form', 0, 0, 1, NULL, '', 0, NULL, 0),
(129, 3, '2023-03-12 14:09:52', '2023-03-18 14:09:52', 'קובי בודק606', 'קובי בודק606', '054232323606', 'סתם פתק', '', 0, 0, 0, 0, 0, 77, NULL, '80bfc63da9936630a31ecf1ec2445c1d', 'form', 0, 0, 1, NULL, '', 0, NULL, 0),
(130, 5, '2023-03-12 14:09:52', '2023-03-18 14:09:52', 'קובי בודק606', 'קובי בודק606', '054232323606', 'סתם פתק', '', 0, 0, 0, 0, 0, 77, NULL, '80bfc63da9936630a31ecf1ec2445c1d', 'form', 0, 0, 1, NULL, '', 0, NULL, 0),
(131, 1, '2023-03-12 14:09:52', '2023-03-18 14:09:52', 'קובי בודק251', 'קובי בודק251', '054232323251', 'סתם פתק', '', 0, 0, 0, 0, 0, 78, NULL, '5661461c091e64f5329faee5fecd7d4f', 'form', 0, 0, 1, NULL, '', 0, NULL, 0),
(132, 3, '2023-03-12 14:09:52', '2023-03-18 14:09:52', 'קובי בודק251', 'קובי בודק251', '054232323251', 'סתם פתק', '', 0, 0, 0, 0, 0, 78, NULL, '5661461c091e64f5329faee5fecd7d4f', 'form', 0, 0, 1, NULL, '', 0, NULL, 0),
(133, 5, '2023-03-12 14:09:52', '2023-03-18 14:09:52', 'קובי בודק251', 'קובי בודק251', '054232323251', 'סתם פתק', '', 0, 0, 0, 0, 0, 78, NULL, '5661461c091e64f5329faee5fecd7d4f', 'form', 0, 0, 1, NULL, '', 0, NULL, 0),
(134, 1, '2023-03-12 14:09:53', '2023-03-18 14:09:53', 'קובי בודק608', 'קובי בודק608', '054232323608', 'סתם פתק', '', 0, 0, 0, 0, 0, 79, NULL, '286b53cbcea89e4e5dd11a8a8661f154', 'form', 0, 0, 1, NULL, '', 0, NULL, 0),
(135, 3, '2023-03-12 14:09:53', '2023-03-18 14:09:53', 'קובי בודק608', 'קובי בודק608', '054232323608', 'סתם פתק', '', 0, 0, 0, 0, 0, 79, NULL, '286b53cbcea89e4e5dd11a8a8661f154', 'form', 0, 0, 1, NULL, '', 0, NULL, 0),
(136, 4, '2023-03-12 14:09:53', '2023-03-18 14:09:53', 'קובי בודק608', 'קובי בודק608', '054232323608', 'סתם פתק', '', 0, 0, 1, 0, 0, 79, NULL, '286b53cbcea89e4e5dd11a8a8661f154', 'form', 1, 0, 1, NULL, '', 0, NULL, 0),
(137, 1, '2023-03-12 14:09:54', '2023-03-18 14:09:54', 'קובי בודק144', 'קובי בודק144', '054232323144', 'סתם פתק', '', 0, 0, 0, 0, 0, 80, NULL, '902ade5f62c2388b5de4af648b0401d7', 'form', 0, 0, 1, NULL, '', 0, NULL, 0),
(138, 3, '2023-03-12 14:09:54', '2023-03-18 14:09:54', 'קובי בודק144', 'קובי בודק144', '054232323144', 'סתם פתק', '', 0, 0, 0, 0, 0, 80, NULL, '902ade5f62c2388b5de4af648b0401d7', 'form', 0, 0, 1, NULL, '', 0, NULL, 0),
(139, 4, '2023-03-12 14:09:54', '2023-03-18 14:09:54', 'קובי בודק144', 'קובי בודק144', '054232323144', 'סתם פתק', '', 0, 0, 1, 0, 0, 80, NULL, '902ade5f62c2388b5de4af648b0401d7', 'form', 1, 0, 1, NULL, '', 0, NULL, 0),
(140, 1, '2023-03-12 14:09:55', '2023-03-18 14:09:55', 'קובי בודק262', 'קובי בודק262', '054232323262', 'סתם פתק', '', 0, 0, 0, 0, 0, 81, NULL, '0ab85adc20ae14f9c1c1921cd26b060b', 'form', 0, 0, 1, NULL, '', 0, NULL, 0),
(141, 3, '2023-03-12 14:09:55', '2023-03-18 14:09:55', 'קובי בודק262', 'קובי בודק262', '054232323262', 'סתם פתק', '', 0, 0, 0, 0, 0, 81, NULL, '0ab85adc20ae14f9c1c1921cd26b060b', 'form', 0, 0, 1, NULL, '', 0, NULL, 0),
(142, 4, '2023-03-12 14:09:55', '2023-03-18 14:09:55', 'קובי בודק262', 'קובי בודק262', '054232323262', 'סתם פתק', '', 0, 0, 1, 0, 0, 81, NULL, '0ab85adc20ae14f9c1c1921cd26b060b', 'form', 1, 0, 1, NULL, '', 0, NULL, 0),
(143, 1, '2023-03-12 14:09:55', '2023-03-18 14:09:55', 'קובי בודק436', 'קובי בודק436', '054232323436', 'סתם פתק', '', 0, 0, 0, 0, 0, 82, NULL, 'd3761275131cc5e425b220f675e9f0de', 'form', 0, 0, 1, NULL, '', 0, NULL, 0),
(144, 1, '2023-03-12 14:09:56', '2023-03-18 14:09:56', 'קובי בודק670', 'קובי בודק670', '054232323670', 'סתם פתק', '', 0, 0, 0, 0, 0, 83, NULL, '5edc33ab3a6b7c1a7599aa0375d4175c', 'form', 0, 0, 1, NULL, '', 0, NULL, 0),
(145, 1, '2023-03-12 14:09:56', '2023-03-18 14:09:56', 'קובי בודק532', 'קובי בודק532', '054232323532', 'סתם פתק', '', 0, 0, 0, 0, 0, 84, NULL, '873e2518b293e377c4acd25367a63a88', 'form', 0, 0, 1, NULL, '', 0, NULL, 0),
(146, 3, '2023-03-12 14:09:56', '2023-03-18 14:09:56', 'קובי בודק532', 'קובי בודק532', '054232323532', 'סתם פתק', '', 0, 0, 0, 0, 0, 84, NULL, '873e2518b293e377c4acd25367a63a88', 'form', 0, 0, 1, NULL, '', 0, NULL, 0),
(147, 4, '2023-03-12 14:09:56', '2023-03-18 14:09:56', 'קובי בודק532', 'קובי בודק532', '054232323532', 'סתם פתק', '', 0, 0, 1, 0, 0, 84, NULL, '873e2518b293e377c4acd25367a63a88', 'form', 1, 0, 1, NULL, '', 0, NULL, 0),
(148, 1, '2023-03-12 14:09:57', '2023-03-18 14:09:57', 'קובי בודק338', 'קובי בודק338', '054232323338', 'סתם פתק', '', 0, 0, 0, 0, 0, 85, NULL, '9b39968a9871826dbb36e9e92ac9aa39', 'form', 0, 0, 1, NULL, '', 0, NULL, 0),
(149, 3, '2023-03-12 14:09:57', '2023-03-18 14:09:57', 'קובי בודק338', 'קובי בודק338', '054232323338', 'סתם פתק', '', 0, 0, 0, 0, 0, 85, NULL, '9b39968a9871826dbb36e9e92ac9aa39', 'form', 0, 0, 1, NULL, '', 0, NULL, 0),
(150, 4, '2023-03-12 14:09:57', '2023-03-18 14:09:57', 'קובי בודק338', 'קובי בודק338', '054232323338', 'סתם פתק', '', 0, 0, 1, 0, 0, 85, NULL, '9b39968a9871826dbb36e9e92ac9aa39', 'form', 1, 0, 1, NULL, '', 0, NULL, 0),
(151, 1, '2023-03-12 14:09:58', '2023-03-18 14:09:58', 'קובי בודק610', 'קובי בודק610', '054232323610', 'סתם פתק', '', 0, 0, 0, 0, 0, 86, NULL, '1fceafccce59981fbc25f7487c79d6ee', 'form', 0, 0, 1, NULL, '', 0, NULL, 0),
(152, 1, '2023-03-12 14:09:58', '2023-03-18 14:09:58', 'קובי בודק458', 'קובי בודק458', '054232323458', 'סתם פתק', '', 0, 0, 0, 0, 0, 87, NULL, '41a0d985f7cf3618719587608d3eb975', 'form', 0, 0, 1, NULL, '', 0, NULL, 0),
(153, 3, '2023-03-12 14:09:58', '2023-03-18 14:09:58', 'קובי בודק458', 'קובי בודק458', '054232323458', 'סתם פתק', '', 0, 0, 0, 0, 0, 87, NULL, '41a0d985f7cf3618719587608d3eb975', 'form', 0, 0, 1, NULL, '', 0, NULL, 0),
(154, 4, '2023-03-12 14:09:58', '2023-03-18 14:09:58', 'קובי בודק458', 'קובי בודק458', '054232323458', 'סתם פתק', '', 0, 0, 1, 0, 0, 87, NULL, '41a0d985f7cf3618719587608d3eb975', 'form', 1, 0, 1, NULL, '', 0, NULL, 0),
(155, 1, '2023-03-12 14:09:59', '2023-03-18 14:09:59', 'קובי בודק546', 'קובי בודק546', '054232323546', 'סתם פתק', '', 0, 0, 0, 0, 0, 88, NULL, 'be7f49ffb77d8fc3d51a1bcb65e202b8', 'form', 0, 0, 1, NULL, '', 0, NULL, 0),
(156, 1, '2023-03-12 14:09:59', '2023-03-18 14:09:59', 'קובי בודק314', 'קובי בודק314', '054232323314', 'סתם פתק', '', 0, 0, 0, 0, 0, 89, NULL, 'f0beae8aaafba5222d82e0d0860152c9', 'form', 0, 0, 1, NULL, '', 0, NULL, 0),
(157, 3, '2023-03-12 14:09:59', '2023-03-18 14:09:59', 'קובי בודק314', 'קובי בודק314', '054232323314', 'סתם פתק', '', 0, 0, 0, 0, 0, 89, NULL, 'f0beae8aaafba5222d82e0d0860152c9', 'form', 0, 0, 1, NULL, '', 0, NULL, 0),
(158, 4, '2023-03-12 14:09:59', '2023-03-18 14:09:59', 'קובי בודק314', 'קובי בודק314', '054232323314', 'סתם פתק', '', 0, 0, 1, 0, 0, 89, NULL, 'f0beae8aaafba5222d82e0d0860152c9', 'form', 1, 0, 1, NULL, '', 0, NULL, 0),
(159, 1, '2023-03-12 14:10:00', '2023-03-18 14:10:00', 'קובי בודק739', 'קובי בודק739', '054232323739', 'סתם פתק', '', 0, 0, 0, 0, 0, 90, NULL, 'e7d50928be80348ece97c4071630a816', 'form', 0, 0, 1, NULL, '', 0, NULL, 0),
(160, 3, '2023-03-12 14:10:00', '2023-03-18 14:10:00', 'קובי בודק739', 'קובי בודק739', '054232323739', 'סתם פתק', '', 0, 0, 0, 0, 0, 90, NULL, 'e7d50928be80348ece97c4071630a816', 'form', 0, 0, 1, NULL, '', 0, NULL, 0),
(161, 4, '2023-03-12 14:10:00', '2023-03-18 14:10:00', 'קובי בודק739', 'קובי בודק739', '054232323739', 'סתם פתק', '', 0, 0, 1, 0, 0, 90, NULL, 'e7d50928be80348ece97c4071630a816', 'form', 1, 0, 1, NULL, '', 0, NULL, 0),
(162, 1, '2023-03-12 14:10:00', '2023-03-18 14:10:00', 'קובי בודק345', 'קובי בודק345', '054232323345', 'סתם פתק', '', 0, 0, 0, 0, 0, 91, NULL, '5d973e18ab6a3720927ffb66cd89b563', 'form', 0, 0, 1, NULL, '', 0, NULL, 0),
(163, 3, '2023-03-12 14:10:00', '2023-03-18 14:10:00', 'קובי בודק345', 'קובי בודק345', '054232323345', 'סתם פתק', '', 0, 0, 0, 0, 0, 91, NULL, '5d973e18ab6a3720927ffb66cd89b563', 'form', 0, 0, 1, NULL, '', 0, NULL, 0),
(164, 4, '2023-03-12 14:10:00', '2023-03-18 14:10:00', 'קובי בודק345', 'קובי בודק345', '054232323345', 'סתם פתק', '', 0, 0, 1, 0, 0, 91, NULL, '5d973e18ab6a3720927ffb66cd89b563', 'form', 1, 0, 1, NULL, '', 0, NULL, 0),
(165, 1, '2023-03-12 14:10:01', '2023-03-18 14:10:01', 'קובי בודק203', 'קובי בודק203', '054232323203', 'סתם פתק', '', 0, 0, 0, 0, 0, 92, NULL, '335f69f372a42c10b6bbb685ed45c430', 'form', 0, 0, 1, NULL, '', 0, NULL, 0),
(166, 3, '2023-03-12 14:10:01', '2023-03-18 14:10:01', 'קובי בודק203', 'קובי בודק203', '054232323203', 'סתם פתק', '', 0, 0, 0, 0, 0, 92, NULL, '335f69f372a42c10b6bbb685ed45c430', 'form', 0, 0, 1, NULL, '', 0, NULL, 0),
(167, 5, '2023-03-12 14:10:01', '2023-03-18 14:10:01', 'קובי בודק203', 'קובי בודק203', '054232323203', 'סתם פתק', '', 0, 0, 0, 0, 0, 92, NULL, '335f69f372a42c10b6bbb685ed45c430', 'form', 0, 0, 1, NULL, '', 0, NULL, 0),
(168, 1, '2023-03-12 14:10:01', '2023-03-18 14:10:01', 'קובי בודק235', 'קובי בודק235', '054232323235', 'סתם פתק', '', 0, 0, 0, 0, 0, 93, NULL, '579328cb0482ece92f7b8a8d09be5b3f', 'form', 0, 0, 1, NULL, '', 0, NULL, 0),
(169, 1, '2023-03-12 14:10:02', '2023-03-18 14:10:02', 'קובי בודק318', 'קובי בודק318', '054232323318', 'סתם פתק', '', 0, 0, 0, 0, 0, 94, NULL, '0c70a4a453a63f19d4da1d3f4d69a7fb', 'form', 0, 0, 1, NULL, '', 0, NULL, 0),
(170, 3, '2023-03-12 14:10:02', '2023-03-18 14:10:02', 'קובי בודק318', 'קובי בודק318', '054232323318', 'סתם פתק', '', 0, 0, 0, 0, 0, 94, NULL, '0c70a4a453a63f19d4da1d3f4d69a7fb', 'form', 0, 0, 1, NULL, '', 0, NULL, 0),
(171, 4, '2023-03-12 14:10:02', '2023-03-18 14:10:02', 'קובי בודק318', 'קובי בודק318', '054232323318', 'סתם פתק', '', 0, 0, 1, 0, 0, 94, NULL, '0c70a4a453a63f19d4da1d3f4d69a7fb', 'form', 1, 0, 1, NULL, '', 0, NULL, 0),
(172, 1, '2023-03-12 14:10:02', '2023-03-18 14:10:02', 'קובי בודק275', 'קובי בודק275', '054232323275', 'סתם פתק', '', 0, 0, 0, 0, 0, 95, NULL, 'a6eaf99673940cf8ce730720858ddf30', 'form', 0, 0, 1, NULL, '', 0, NULL, 0),
(173, 3, '2023-03-12 14:10:02', '2023-03-18 14:10:02', 'קובי בודק275', 'קובי בודק275', '054232323275', 'סתם פתק', '', 0, 0, 0, 0, 0, 95, NULL, 'a6eaf99673940cf8ce730720858ddf30', 'form', 0, 0, 1, NULL, '', 0, NULL, 0),
(174, 4, '2023-03-12 14:10:02', '2023-03-18 14:10:02', 'קובי בודק275', 'קובי בודק275', '054232323275', 'סתם פתק', '', 0, 0, 1, 0, 0, 95, NULL, 'a6eaf99673940cf8ce730720858ddf30', 'form', 1, 0, 1, NULL, '', 0, NULL, 0),
(175, 1, '2023-03-12 14:10:03', '2023-03-18 14:10:03', 'קובי בודק168', 'קובי בודק168', '054232323168', 'סתם פתק', '', 0, 0, 0, 0, 0, 96, NULL, '2cd6684be308d9d34f89e610296634f0', 'form', 0, 0, 1, NULL, '', 0, NULL, 0),
(176, 3, '2023-03-12 14:10:03', '2023-03-18 14:10:03', 'קובי בודק168', 'קובי בודק168', '054232323168', 'סתם פתק', '', 0, 0, 0, 0, 0, 96, NULL, '2cd6684be308d9d34f89e610296634f0', 'form', 0, 0, 1, NULL, '', 0, NULL, 0),
(177, 5, '2023-03-12 14:10:03', '2023-03-18 14:10:03', 'קובי בודק168', 'קובי בודק168', '054232323168', 'סתם פתק', '', 0, 0, 0, 0, 0, 96, NULL, '2cd6684be308d9d34f89e610296634f0', 'form', 0, 0, 1, NULL, '', 0, NULL, 0),
(178, 1, '2023-03-12 14:10:03', '2023-03-18 14:10:03', 'קובי בודק303', 'קובי בודק303', '054232323303', 'סתם פתק', '', 0, 0, 0, 0, 0, 97, NULL, 'c411022d29283e490e7b63f5a2f2bdc2', 'form', 0, 0, 1, NULL, '', 0, NULL, 0),
(179, 3, '2023-03-12 14:10:03', '2023-03-18 14:10:03', 'קובי בודק303', 'קובי בודק303', '054232323303', 'סתם פתק', '', 0, 0, 0, 0, 0, 97, NULL, 'c411022d29283e490e7b63f5a2f2bdc2', 'form', 0, 0, 1, NULL, '', 0, NULL, 0),
(180, 4, '2023-03-12 14:10:03', '2023-03-18 14:10:03', 'קובי בודק303', 'קובי בודק303', '054232323303', 'סתם פתק', '', 0, 0, 1, 0, 0, 97, NULL, 'c411022d29283e490e7b63f5a2f2bdc2', 'form', 1, 0, 1, NULL, '', 0, NULL, 0),
(181, 1, '2023-03-12 14:10:04', '2023-03-18 14:10:04', 'קובי בודק729', 'קובי בודק729', '054232323729', 'סתם פתק', '', 0, 0, 0, 0, 0, 98, NULL, 'f42ece546d7e4688e8c24449fd56237b', 'form', 0, 0, 1, NULL, '', 0, NULL, 0),
(182, 3, '2023-03-12 14:10:04', '2023-03-18 14:10:04', 'קובי בודק729', 'קובי בודק729', '054232323729', 'סתם פתק', '', 0, 0, 0, 0, 0, 98, NULL, 'f42ece546d7e4688e8c24449fd56237b', 'form', 0, 0, 1, NULL, '', 0, NULL, 0),
(183, 4, '2023-03-12 14:10:04', '2023-03-18 14:10:04', 'קובי בודק729', 'קובי בודק729', '054232323729', 'סתם פתק', '', 0, 0, 1, 0, 0, 98, NULL, 'f42ece546d7e4688e8c24449fd56237b', 'form', 1, 0, 1, NULL, '', 0, NULL, 0),
(184, 1, '2023-03-12 14:10:04', '2023-03-18 14:10:04', 'קובי בודק145', 'קובי בודק145', '054232323145', 'סתם פתק', '', 0, 0, 0, 0, 0, 99, NULL, '8146b0d5103e7b08b3cee4618948801f', 'form', 0, 0, 1, NULL, '', 0, NULL, 0),
(185, 3, '2023-03-12 14:10:04', '2023-03-18 14:10:04', 'קובי בודק145', 'קובי בודק145', '054232323145', 'סתם פתק', '', 0, 0, 0, 0, 0, 99, NULL, '8146b0d5103e7b08b3cee4618948801f', 'form', 0, 0, 1, NULL, '', 0, NULL, 0),
(186, 5, '2023-03-12 14:10:04', '2023-03-18 14:10:04', 'קובי בודק145', 'קובי בודק145', '054232323145', 'סתם פתק', '', 0, 0, 0, 0, 0, 99, NULL, '8146b0d5103e7b08b3cee4618948801f', 'form', 0, 0, 1, NULL, '', 0, NULL, 0),
(187, 1, '2023-03-12 14:10:05', '2023-03-18 14:10:05', 'קובי בודק511', 'קובי בודק511', '054232323511', 'סתם פתק', '', 0, 0, 0, 0, 0, 100, NULL, '66614447b3ed720e9188d47937522d7e', 'form', 0, 0, 1, NULL, '', 0, NULL, 0),
(188, 1, '2023-03-12 14:10:05', '2023-03-18 14:10:05', 'קובי בודק416', 'קובי בודק416', '054232323416', 'סתם פתק', '', 0, 0, 0, 0, 0, 101, NULL, '22136b8b1d2753367b979a4103138474', 'form', 0, 0, 1, NULL, '', 0, NULL, 0),
(189, 3, '2023-03-12 14:10:05', '2023-03-18 14:10:05', 'קובי בודק416', 'קובי בודק416', '054232323416', 'סתם פתק', '', 0, 0, 0, 0, 0, 101, NULL, '22136b8b1d2753367b979a4103138474', 'form', 0, 0, 1, NULL, '', 0, NULL, 0),
(190, 4, '2023-03-12 14:10:05', '2023-03-18 14:10:05', 'קובי בודק416', 'קובי בודק416', '054232323416', 'סתם פתק', '', 0, 0, 1, 0, 0, 101, NULL, '22136b8b1d2753367b979a4103138474', 'form', 1, 0, 1, NULL, '', 0, NULL, 0),
(191, 1, '2023-03-12 14:10:05', '2023-03-18 14:10:05', 'קובי בודק884', 'קובי בודק884', '054232323884', 'סתם פתק', '', 0, 0, 0, 0, 0, 102, NULL, 'e7a54e6ce91576075ddbb9b4edb93e18', 'form', 0, 0, 1, NULL, '', 0, NULL, 0),
(192, 3, '2023-03-12 14:10:05', '2023-03-18 14:10:05', 'קובי בודק884', 'קובי בודק884', '054232323884', 'סתם פתק', '', 0, 0, 0, 0, 0, 102, NULL, 'e7a54e6ce91576075ddbb9b4edb93e18', 'form', 0, 0, 1, NULL, '', 0, NULL, 0),
(193, 4, '2023-03-12 14:10:05', '2023-03-18 14:10:05', 'קובי בודק884', 'קובי בודק884', '054232323884', 'סתם פתק', '', 0, 0, 1, 0, 0, 102, NULL, 'e7a54e6ce91576075ddbb9b4edb93e18', 'form', 1, 0, 1, NULL, '', 0, NULL, 0),
(194, 1, '2023-03-12 14:10:06', '2023-03-18 14:10:06', 'קובי בודק239', 'קובי בודק239', '054232323239', 'סתם פתק', '', 0, 0, 0, 0, 0, 103, NULL, '64a2ba3508a714a133bb94294f53d110', 'form', 0, 0, 1, NULL, '', 0, NULL, 0),
(195, 3, '2023-03-12 14:10:06', '2023-03-18 14:10:06', 'קובי בודק239', 'קובי בודק239', '054232323239', 'סתם פתק', '', 0, 0, 0, 0, 0, 103, NULL, '64a2ba3508a714a133bb94294f53d110', 'form', 0, 0, 1, NULL, '', 0, NULL, 0),
(196, 4, '2023-03-12 14:10:06', '2023-03-18 14:10:06', 'קובי בודק239', 'קובי בודק239', '054232323239', 'סתם פתק', '', 0, 0, 1, 0, 0, 103, NULL, '64a2ba3508a714a133bb94294f53d110', 'form', 1, 0, 1, NULL, '', 0, NULL, 0),
(197, 1, '2023-03-12 14:10:07', '2023-03-18 14:10:07', 'קובי בודק119', 'קובי בודק119', '054232323119', 'סתם פתק', '', 0, 0, 0, 0, 0, 104, NULL, '241c572360d7cfc993dd545dfbea5a3c', 'form', 0, 0, 1, NULL, '', 0, NULL, 0),
(198, 3, '2023-03-12 14:10:07', '2023-03-18 14:10:07', 'קובי בודק119', 'קובי בודק119', '054232323119', 'סתם פתק', '', 0, 0, 0, 0, 0, 104, NULL, '241c572360d7cfc993dd545dfbea5a3c', 'form', 0, 0, 1, NULL, '', 0, NULL, 0),
(199, 4, '2023-03-12 14:10:07', '2023-03-18 14:10:07', 'קובי בודק119', 'קובי בודק119', '054232323119', 'סתם פתק', '', 0, 0, 1, 0, 0, 104, NULL, '241c572360d7cfc993dd545dfbea5a3c', 'form', 1, 0, 1, NULL, '', 0, NULL, 0),
(200, 1, '2023-03-12 14:10:07', '2023-03-18 14:10:07', 'קובי בודק485', 'קובי בודק485', '054232323485', 'סתם פתק', '', 0, 0, 0, 0, 0, 105, NULL, '4781140852cbf447e7c863037cbfd2c2', 'form', 0, 0, 1, NULL, '', 0, NULL, 0),
(201, 1, '2023-03-12 14:10:08', '2023-03-18 14:10:08', 'קובי בודק942', 'קובי בודק942', '054232323942', 'סתם פתק', '', 0, 0, 0, 0, 0, 106, NULL, 'ffda90e2db67455924b9ed45ba5c49bc', 'form', 0, 0, 1, NULL, '', 0, NULL, 0),
(202, 3, '2023-03-12 14:10:08', '2023-03-18 14:10:08', 'קובי בודק942', 'קובי בודק942', '054232323942', 'סתם פתק', '', 0, 0, 0, 0, 0, 106, NULL, 'ffda90e2db67455924b9ed45ba5c49bc', 'form', 0, 0, 1, NULL, '', 0, NULL, 0),
(203, 5, '2023-03-12 14:10:08', '2023-03-18 14:10:08', 'קובי בודק942', 'קובי בודק942', '054232323942', 'סתם פתק', '', 0, 0, 0, 0, 0, 106, NULL, 'ffda90e2db67455924b9ed45ba5c49bc', 'form', 0, 0, 1, NULL, '', 0, NULL, 0),
(204, 1, '2023-03-12 14:10:08', '2023-03-18 14:10:08', 'קובי בודק342', 'קובי בודק342', '054232323342', 'סתם פתק', '', 0, 0, 0, 0, 0, 107, NULL, 'e9d2e7ebffa0bcbad6c7f2e72e4a3c52', 'form', 0, 0, 1, NULL, '', 0, NULL, 0),
(205, 1, '2023-03-12 14:10:09', '2023-03-18 14:10:09', 'קובי בודק871', 'קובי בודק871', '054232323871', 'סתם פתק', '', 0, 0, 0, 0, 0, 108, NULL, '53ec36be74d1ef1ba3791c8ba3fe32ab', 'form', 0, 0, 1, NULL, '', 0, NULL, 0),
(206, 3, '2023-03-12 14:10:09', '2023-03-18 14:10:09', 'קובי בודק871', 'קובי בודק871', '054232323871', 'סתם פתק', '', 0, 0, 0, 0, 0, 108, NULL, '53ec36be74d1ef1ba3791c8ba3fe32ab', 'form', 0, 0, 1, NULL, '', 0, NULL, 0),
(207, 4, '2023-03-12 14:10:09', '2023-03-18 14:10:09', 'קובי בודק871', 'קובי בודק871', '054232323871', 'סתם פתק', '', 0, 0, 1, 0, 0, 108, NULL, '53ec36be74d1ef1ba3791c8ba3fe32ab', 'form', 1, 0, 1, NULL, '', 0, NULL, 0),
(208, 1, '2023-03-12 14:10:09', '2023-03-18 14:10:09', 'קובי בודק497', 'קובי בודק497', '054232323497', 'סתם פתק', '', 0, 0, 0, 0, 0, 109, NULL, '9d22eeda693e539c71eb988e5758a91f', 'form', 0, 0, 1, NULL, '', 0, NULL, 0),
(209, 3, '2023-03-12 14:10:09', '2023-03-18 14:10:09', 'קובי בודק497', 'קובי בודק497', '054232323497', 'סתם פתק', '', 0, 0, 0, 0, 0, 109, NULL, '9d22eeda693e539c71eb988e5758a91f', 'form', 0, 0, 1, NULL, '', 0, NULL, 0),
(210, 4, '2023-03-12 14:10:09', '2023-03-18 14:10:09', 'קובי בודק497', 'קובי בודק497', '054232323497', 'סתם פתק', '', 0, 0, 1, 0, 0, 109, NULL, '9d22eeda693e539c71eb988e5758a91f', 'form', 1, 0, 1, NULL, '', 0, NULL, 0),
(211, 1, '2023-03-12 14:10:09', '2023-03-18 14:10:09', 'קובי בודק736', 'קובי בודק736', '054232323736', 'סתם פתק', '', 0, 0, 0, 0, 0, 110, NULL, '78774ddaf3e3cea1a744132946bba263', 'form', 0, 0, 1, NULL, '', 0, NULL, 0),
(212, 3, '2023-03-12 14:10:09', '2023-03-18 14:10:09', 'קובי בודק736', 'קובי בודק736', '054232323736', 'סתם פתק', '', 0, 0, 0, 0, 0, 110, NULL, '78774ddaf3e3cea1a744132946bba263', 'form', 0, 0, 1, NULL, '', 0, NULL, 0),
(213, 4, '2023-03-12 14:10:09', '2023-03-18 14:10:09', 'קובי בודק736', 'קובי בודק736', '054232323736', 'סתם פתק', '', 0, 0, 1, 0, 0, 110, NULL, '78774ddaf3e3cea1a744132946bba263', 'form', 1, 0, 1, NULL, '', 0, NULL, 0),
(214, 1, '2023-03-12 14:10:10', '2023-03-18 14:10:10', 'קובי בודק106', 'קובי בודק106', '054232323106', 'סתם פתק', '', 0, 0, 0, 0, 0, 111, NULL, 'dadd51ae93b199074017b3b8f50362a9', 'form', 0, 0, 1, NULL, '', 0, NULL, 0),
(215, 3, '2023-03-12 14:10:10', '2023-03-18 14:10:10', 'קובי בודק106', 'קובי בודק106', '054232323106', 'סתם פתק', '', 0, 0, 0, 0, 0, 111, NULL, 'dadd51ae93b199074017b3b8f50362a9', 'form', 0, 0, 1, NULL, '', 0, NULL, 0),
(216, 4, '2023-03-12 14:10:10', '2023-03-18 14:10:10', 'קובי בודק106', 'קובי בודק106', '054232323106', 'סתם פתק', '', 0, 0, 1, 0, 0, 111, NULL, 'dadd51ae93b199074017b3b8f50362a9', 'form', 1, 0, 1, NULL, '', 0, NULL, 0),
(217, 1, '2023-03-12 14:10:10', '2023-03-18 14:10:10', 'קובי בודק778', 'קובי בודק778', '054232323778', 'סתם פתק', '', 0, 0, 0, 0, 0, 112, NULL, '4f27bc07fb4a8324bd32c1c77b1f8c6b', 'form', 0, 0, 1, NULL, '', 0, NULL, 0),
(218, 3, '2023-03-12 14:10:10', '2023-03-18 14:10:10', 'קובי בודק778', 'קובי בודק778', '054232323778', 'סתם פתק', '', 0, 0, 0, 0, 0, 112, NULL, '4f27bc07fb4a8324bd32c1c77b1f8c6b', 'form', 0, 0, 1, NULL, '', 0, NULL, 0),
(219, 4, '2023-03-12 14:10:10', '2023-03-18 14:10:10', 'קובי בודק778', 'קובי בודק778', '054232323778', 'סתם פתק', '', 0, 0, 1, 0, 0, 112, NULL, '4f27bc07fb4a8324bd32c1c77b1f8c6b', 'form', 1, 0, 1, NULL, '', 0, NULL, 0),
(220, 1, '2023-03-12 14:10:11', '2023-03-18 14:10:11', 'קובי בודק152', 'קובי בודק152', '054232323152', 'סתם פתק', '', 0, 0, 0, 0, 0, 113, NULL, 'd1e71b5fc6f003d39b5f15f9c5507490', 'form', 0, 0, 1, NULL, '', 0, NULL, 0),
(221, 1, '2023-03-12 14:10:11', '2023-03-18 14:10:11', 'קובי בודק136', 'קובי בודק136', '054232323136', 'סתם פתק', '', 0, 0, 0, 0, 0, 114, NULL, '1802cc0c578ec13d647dc9ad18fd3b75', 'form', 0, 0, 1, NULL, '', 0, NULL, 0),
(222, 3, '2023-03-12 14:10:11', '2023-03-18 14:10:11', 'קובי בודק136', 'קובי בודק136', '054232323136', 'סתם פתק', '', 0, 0, 0, 0, 0, 114, NULL, '1802cc0c578ec13d647dc9ad18fd3b75', 'form', 0, 0, 1, NULL, '', 0, NULL, 0),
(223, 4, '2023-03-12 14:10:11', '2023-03-18 14:10:11', 'קובי בודק136', 'קובי בודק136', '054232323136', 'סתם פתק', '', 0, 0, 1, 0, 0, 114, NULL, '1802cc0c578ec13d647dc9ad18fd3b75', 'form', 1, 0, 1, NULL, '', 0, NULL, 0),
(224, 3, '2023-03-12 14:10:12', '2023-03-18 14:10:12', 'קובי בודק152', 'קובי בודק152', '054232323152', 'סתם פתק', '', 0, 0, 0, 0, 0, 115, NULL, 'eaab32d7d42ce93cfadfea59268a70b1', 'form', 0, 0, 1, NULL, '', 0, NULL, 0),
(225, 4, '2023-03-12 14:10:12', '2023-03-18 14:10:12', 'קובי בודק152', 'קובי בודק152', '054232323152', 'סתם פתק', '', 0, 0, 1, 0, 0, 115, NULL, 'eaab32d7d42ce93cfadfea59268a70b1', 'form', 1, 0, 1, NULL, '', 0, NULL, 0),
(226, 5, '2023-03-12 14:10:12', '2023-03-18 14:10:12', 'קובי בודק152', 'קובי בודק152', '054232323152', 'סתם פתק', '', 0, 0, 0, 0, 0, 115, NULL, 'eaab32d7d42ce93cfadfea59268a70b1', 'form', 0, 0, 1, NULL, '', 0, NULL, 0),
(227, 1, '2023-03-12 14:10:12', '2023-03-18 14:10:12', 'קובי בודק611', 'קובי בודק611', '054232323611', 'סתם פתק', '', 0, 0, 0, 0, 0, 116, NULL, 'd33e9a15d12ec93bb7d9944312ff3c1c', 'form', 0, 0, 1, NULL, '', 0, NULL, 0),
(228, 3, '2023-03-12 14:10:12', '2023-03-18 14:10:12', 'קובי בודק611', 'קובי בודק611', '054232323611', 'סתם פתק', '', 0, 0, 0, 0, 0, 116, NULL, 'd33e9a15d12ec93bb7d9944312ff3c1c', 'form', 0, 0, 1, NULL, '', 0, NULL, 0),
(229, 4, '2023-03-12 14:10:12', '2023-03-18 14:10:12', 'קובי בודק611', 'קובי בודק611', '054232323611', 'סתם פתק', '', 0, 0, 1, 0, 0, 116, NULL, 'd33e9a15d12ec93bb7d9944312ff3c1c', 'form', 1, 0, 1, NULL, '', 0, NULL, 0),
(230, 1, '2023-03-12 14:10:13', '2023-03-18 14:10:13', 'קובי בודק572', 'קובי בודק572', '054232323572', 'סתם פתק', '', 0, 0, 0, 0, 0, 117, NULL, 'c43822325618dfbd3d3d6f0365f64d4d', 'form', 0, 0, 1, NULL, '', 0, NULL, 0),
(231, 5, '2023-03-12 14:10:13', '2023-03-18 14:10:13', 'קובי בודק130', 'קובי בודק130', '054232323130', 'סתם פתק', '', 0, 0, 0, 0, 0, 118, NULL, 'f779963435b7a2ba4c8d64b1d225eddf', 'form', 0, 0, 1, NULL, '', 0, NULL, 0),
(232, 7, '2023-03-12 14:10:13', '2023-03-18 14:10:13', 'קובי בודק130', 'קובי בודק130', '054232323130', 'סתם פתק', '', 0, 0, 0, 0, 0, 118, NULL, 'f779963435b7a2ba4c8d64b1d225eddf', 'form', 0, 0, 1, NULL, '', 0, NULL, 0),
(233, 9, '2023-03-12 14:10:13', '2023-03-18 14:10:13', 'קובי בודק130', 'קובי בודק130', '054232323130', 'סתם פתק', '', 0, 0, 0, 0, 0, 118, NULL, 'f779963435b7a2ba4c8d64b1d225eddf', 'form', 0, 0, 1, NULL, '', 0, NULL, 0),
(234, 1, '2023-03-12 14:10:14', '2023-03-18 14:10:14', 'קובי בודק764', 'קובי בודק764', '054232323764', 'סתם פתק', '', 0, 0, 0, 0, 0, 119, NULL, '02ffb3a8992dafcd850132ca8b06912a', 'form', 0, 0, 1, NULL, '', 0, NULL, 0),
(235, 3, '2023-03-12 14:10:14', '2023-03-18 14:10:14', 'קובי בודק764', 'קובי בודק764', '054232323764', 'סתם פתק', '', 0, 0, 0, 0, 0, 119, NULL, '02ffb3a8992dafcd850132ca8b06912a', 'form', 0, 0, 1, NULL, '', 0, NULL, 0),
(236, 4, '2023-03-12 14:10:14', '2023-03-18 14:10:14', 'קובי בודק764', 'קובי בודק764', '054232323764', 'סתם פתק', '', 0, 0, 1, 0, 0, 119, NULL, '02ffb3a8992dafcd850132ca8b06912a', 'form', 1, 0, 1, NULL, '', 0, NULL, 0),
(237, 1, '2023-03-12 14:10:14', '2023-03-18 14:10:14', 'קובי בודק669', 'קובי בודק669', '054232323669', 'סתם פתק', '', 0, 0, 0, 0, 0, 120, NULL, '5a1e8275f6dd45a14347ca0c9cfedb4a', 'form', 0, 0, 1, NULL, '', 0, NULL, 0),
(238, 1, '2023-03-12 14:10:15', '2023-03-18 14:10:15', 'קובי בודק631', 'קובי בודק631', '054232323631', 'סתם פתק', '', 0, 0, 0, 0, 0, 121, NULL, '8f55340d97a1a8cc6766cf97a7ed6616', 'form', 0, 0, 1, NULL, '', 0, NULL, 0),
(239, 3, '2023-03-12 14:10:15', '2023-03-18 14:10:15', 'קובי בודק631', 'קובי בודק631', '054232323631', 'סתם פתק', '', 0, 0, 0, 0, 0, 121, NULL, '8f55340d97a1a8cc6766cf97a7ed6616', 'form', 0, 0, 1, NULL, '', 0, NULL, 0),
(240, 5, '2023-03-12 14:10:15', '2023-03-18 14:10:15', 'קובי בודק631', 'קובי בודק631', '054232323631', 'סתם פתק', '', 0, 0, 0, 0, 0, 121, NULL, '8f55340d97a1a8cc6766cf97a7ed6616', 'form', 0, 0, 1, NULL, '', 0, NULL, 0),
(241, 1, '2023-03-12 14:10:15', '2023-03-18 14:10:15', 'קובי בודק924', 'קובי בודק924', '054232323924', 'סתם פתק', '', 0, 0, 0, 0, 0, 122, NULL, 'c0bceac6365a7caba2c44f9ca4588757', 'form', 0, 0, 1, NULL, '', 0, NULL, 0),
(242, 3, '2023-03-12 14:10:15', '2023-03-18 14:10:15', 'קובי בודק924', 'קובי בודק924', '054232323924', 'סתם פתק', '', 0, 0, 0, 0, 0, 122, NULL, 'c0bceac6365a7caba2c44f9ca4588757', 'form', 0, 0, 1, NULL, '', 0, NULL, 0),
(243, 4, '2023-03-12 14:10:15', '2023-03-18 14:10:15', 'קובי בודק924', 'קובי בודק924', '054232323924', 'סתם פתק', '', 0, 0, 1, 0, 0, 122, NULL, 'c0bceac6365a7caba2c44f9ca4588757', 'form', 1, 0, 1, NULL, '', 0, NULL, 0),
(244, 1, '2023-03-12 14:10:16', '2023-03-18 14:10:16', 'קובי בודק762', 'קובי בודק762', '054232323762', 'סתם פתק', '', 0, 0, 0, 0, 0, 123, NULL, 'ab8817d2cfdfc2773d2df8c9664976b7', 'form', 0, 0, 1, NULL, '', 0, NULL, 0),
(245, 3, '2023-03-12 14:10:16', '2023-03-18 14:10:16', 'קובי בודק762', 'קובי בודק762', '054232323762', 'סתם פתק', '', 0, 0, 0, 0, 0, 123, NULL, 'ab8817d2cfdfc2773d2df8c9664976b7', 'form', 0, 0, 1, NULL, '', 0, NULL, 0),
(246, 4, '2023-03-12 14:10:16', '2023-03-18 14:10:16', 'קובי בודק762', 'קובי בודק762', '054232323762', 'סתם פתק', '', 0, 0, 1, 0, 0, 123, NULL, 'ab8817d2cfdfc2773d2df8c9664976b7', 'form', 1, 0, 1, NULL, '', 0, NULL, 0),
(247, 1, '2023-03-12 14:10:17', '2023-03-18 14:10:17', 'קובי בודק151', 'קובי בודק151', '054232323151', 'סתם פתק', '', 0, 0, 0, 0, 0, 124, NULL, '12119355210a7c6c97a263d18c9264fd', 'form', 0, 0, 1, NULL, '', 0, NULL, 0),
(248, 3, '2023-03-12 14:10:17', '2023-03-18 14:10:17', 'קובי בודק151', 'קובי בודק151', '054232323151', 'סתם פתק', '', 0, 0, 0, 0, 0, 124, NULL, '12119355210a7c6c97a263d18c9264fd', 'form', 0, 0, 1, NULL, '', 0, NULL, 0),
(249, 4, '2023-03-12 14:10:17', '2023-03-18 14:10:17', 'קובי בודק151', 'קובי בודק151', '054232323151', 'סתם פתק', '', 0, 0, 1, 0, 0, 124, NULL, '12119355210a7c6c97a263d18c9264fd', 'form', 1, 0, 1, NULL, '', 0, NULL, 0),
(250, 1, '2023-03-12 14:10:18', '2023-03-18 14:10:18', 'קובי בודק652', 'קובי בודק652', '054232323652', 'סתם פתק', '', 0, 0, 0, 0, 0, 125, NULL, '49ff7659fc441d5dc745ff8bc395044a', 'form', 0, 0, 1, NULL, '', 0, NULL, 0),
(251, 3, '2023-03-12 14:10:18', '2023-03-18 14:10:18', 'קובי בודק652', 'קובי בודק652', '054232323652', 'סתם פתק', '', 0, 0, 0, 0, 0, 125, NULL, '49ff7659fc441d5dc745ff8bc395044a', 'form', 0, 0, 1, NULL, '', 0, NULL, 0),
(252, 4, '2023-03-12 14:10:18', '2023-03-18 14:10:18', 'קובי בודק652', 'קובי בודק652', '054232323652', 'סתם פתק', '', 0, 0, 1, 0, 0, 125, NULL, '49ff7659fc441d5dc745ff8bc395044a', 'form', 1, 0, 1, NULL, '', 0, NULL, 0),
(253, 1, '2023-03-12 14:10:18', '2023-03-18 14:10:18', 'קובי בודק204', 'קובי בודק204', '054232323204', 'סתם פתק', '', 0, 0, 0, 0, 0, 126, NULL, '563a0d4536b91d6fefc6e1629b8390cb', 'form', 0, 0, 1, NULL, '', 0, NULL, 0),
(254, 1, '2023-03-12 14:10:19', '2023-03-18 14:10:19', 'קובי בודק370', 'קובי בודק370', '054232323370', 'סתם פתק', '', 0, 0, 0, 0, 0, 127, NULL, 'e7b8439e13b131ea2bcf1616bb1c8f79', 'form', 0, 0, 1, NULL, '', 0, NULL, 0),
(255, 3, '2023-03-12 14:10:19', '2023-03-18 14:10:19', 'קובי בודק370', 'קובי בודק370', '054232323370', 'סתם פתק', '', 0, 0, 0, 0, 0, 127, NULL, 'e7b8439e13b131ea2bcf1616bb1c8f79', 'form', 0, 0, 1, NULL, '', 0, NULL, 0),
(256, 5, '2023-03-12 14:10:19', '2023-03-18 14:10:19', 'קובי בודק370', 'קובי בודק370', '054232323370', 'סתם פתק', '', 0, 0, 0, 0, 0, 127, NULL, 'e7b8439e13b131ea2bcf1616bb1c8f79', 'form', 0, 0, 1, NULL, '', 0, NULL, 0),
(257, 1, '2023-03-12 14:10:19', '2023-03-18 14:10:19', 'קובי בודק719', 'קובי בודק719', '054232323719', 'סתם פתק', '', 0, 0, 1, 0, 0, 128, NULL, '73c54ef2117d7785d5c6298e525498b9', 'form', 1, 0, 1, NULL, '', 0, NULL, 0),
(258, 3, '2023-03-12 14:10:19', '2023-03-18 14:10:19', 'קובי בודק719', 'קובי בודק719', '054232323719', 'סתם פתק', '', 0, 0, 0, 0, 0, 128, NULL, '73c54ef2117d7785d5c6298e525498b9', 'form', 0, 0, 1, NULL, '', 0, NULL, 0),
(259, 4, '2023-03-12 14:10:19', '2023-03-18 14:10:19', 'קובי בודק719', 'קובי בודק719', '054232323719', 'סתם פתק', '', 0, 0, 1, 0, 0, 128, NULL, '73c54ef2117d7785d5c6298e525498b9', 'form', 1, 0, 1, NULL, '', 0, NULL, 0),
(260, 1, '2023-03-12 14:10:20', '2023-03-18 14:10:20', 'קובי בודק423', 'קובי בודק423', '054232323423', 'סתם פתק', '', 0, 0, 0, 0, 0, 129, NULL, '279b0fd3fce8dee5cc6ebb406bc9446b', 'form', 0, 0, 1, NULL, '', 0, NULL, 0),
(261, 3, '2023-03-12 14:10:20', '2023-03-18 14:10:20', 'קובי בודק423', 'קובי בודק423', '054232323423', 'סתם פתק', '', 0, 0, 0, 0, 0, 129, NULL, '279b0fd3fce8dee5cc6ebb406bc9446b', 'form', 0, 0, 1, NULL, '', 0, NULL, 0),
(262, 4, '2023-03-12 14:10:20', '2023-03-18 14:10:20', 'קובי בודק423', 'קובי בודק423', '054232323423', 'סתם פתק', '', 0, 0, 1, 0, 0, 129, NULL, '279b0fd3fce8dee5cc6ebb406bc9446b', 'form', 1, 0, 1, NULL, '', 0, NULL, 0),
(263, 1, '2023-03-12 14:10:20', '2023-03-18 14:10:20', 'קובי בודק359', 'קובי בודק359', '054232323359', 'סתם פתק', '', 0, 0, 0, 0, 0, 130, NULL, '30d5876407c1b27cdbfcf9bd8e83594e', 'form', 0, 0, 1, NULL, '', 0, NULL, 0),
(264, 3, '2023-03-12 14:10:20', '2023-03-18 14:10:20', 'קובי בודק359', 'קובי בודק359', '054232323359', 'סתם פתק', '', 0, 0, 0, 0, 0, 130, NULL, '30d5876407c1b27cdbfcf9bd8e83594e', 'form', 0, 0, 1, NULL, '', 0, NULL, 0),
(265, 4, '2023-03-12 14:10:20', '2023-03-18 14:10:20', 'קובי בודק359', 'קובי בודק359', '054232323359', 'סתם פתק', '', 0, 0, 1, 0, 0, 130, NULL, '30d5876407c1b27cdbfcf9bd8e83594e', 'form', 1, 0, 1, NULL, '', 0, NULL, 0),
(266, 1, '2023-03-12 14:10:20', '2023-03-18 14:10:20', 'קובי בודק827', 'קובי בודק827', '054232323827', 'סתם פתק', '', 0, 0, 0, 0, 0, 131, NULL, '9ab949cc1ebca5d826c58be1f01c72d1', 'form', 0, 0, 1, NULL, '', 0, NULL, 0);
INSERT INTO `user_leads` (`id`, `user_id`, `date_in`, `last_update`, `full_name`, `email`, `phone`, `note`, `extra`, `status`, `deleted`, `open_state`, `subjuct_id`, `tag`, `request_id`, `phone_id`, `token`, `resource`, `billed`, `duplicate_id`, `send_state`, `campaign_type`, `campaign_name`, `view_state`, `view_time`, `offer_amount`) VALUES
(267, 1, '2023-03-12 14:10:21', '2023-03-18 14:10:21', 'קובי בודק175', 'קובי בודק175', '054232323175', 'סתם פתק', '', 0, 0, 0, 0, 0, 132, NULL, 'f17898822739416c857724114af3744b', 'form', 0, 0, 1, NULL, '', 0, NULL, 0),
(268, 3, '2023-03-12 14:10:21', '2023-03-18 14:10:21', 'קובי בודק175', 'קובי בודק175', '054232323175', 'סתם פתק', '', 0, 0, 0, 0, 0, 132, NULL, 'f17898822739416c857724114af3744b', 'form', 0, 0, 1, NULL, '', 0, NULL, 0),
(269, 4, '2023-03-12 14:10:21', '2023-03-18 14:10:21', 'קובי בודק175', 'קובי בודק175', '054232323175', 'סתם פתק', '', 0, 0, 1, 0, 0, 132, NULL, 'f17898822739416c857724114af3744b', 'form', 1, 0, 1, NULL, '', 0, NULL, 0),
(270, 1, '2023-03-12 14:10:21', '2023-03-18 14:10:21', 'קובי בודק177', 'קובי בודק177', '054232323177', 'סתם פתק', '', 0, 0, 0, 0, 0, 133, NULL, '4e1f5cf5791561d0f111e89623aaf12e', 'form', 0, 0, 1, NULL, '', 0, NULL, 0),
(271, 3, '2023-03-12 14:10:21', '2023-03-18 14:10:21', 'קובי בודק177', 'קובי בודק177', '054232323177', 'סתם פתק', '', 0, 0, 0, 0, 0, 133, NULL, '4e1f5cf5791561d0f111e89623aaf12e', 'form', 0, 0, 1, NULL, '', 0, NULL, 0),
(272, 4, '2023-03-12 14:10:21', '2023-03-18 14:10:21', 'קובי בודק177', 'קובי בודק177', '054232323177', 'סתם פתק', '', 0, 0, 1, 0, 0, 133, NULL, '4e1f5cf5791561d0f111e89623aaf12e', 'form', 1, 0, 1, NULL, '', 0, NULL, 0),
(273, 1, '2023-03-12 14:10:22', '2023-03-18 14:10:22', 'קובי בודק721', 'קובי בודק721', '054232323721', 'סתם פתק', '', 0, 0, 0, 0, 0, 134, NULL, '3e8c05226d431859a0a83d58979dd23e', 'form', 0, 0, 1, NULL, '', 0, NULL, 0),
(274, 3, '2023-03-12 14:10:22', '2023-03-18 14:10:22', 'קובי בודק721', 'קובי בודק721', '054232323721', 'סתם פתק', '', 0, 0, 0, 0, 0, 134, NULL, '3e8c05226d431859a0a83d58979dd23e', 'form', 0, 0, 1, NULL, '', 0, NULL, 0),
(275, 5, '2023-03-12 14:10:22', '2023-03-18 14:10:22', 'קובי בודק721', 'קובי בודק721', '054232323721', 'סתם פתק', '', 0, 0, 0, 0, 0, 134, NULL, '3e8c05226d431859a0a83d58979dd23e', 'form', 0, 0, 1, NULL, '', 0, NULL, 0),
(276, 1, '2023-03-12 14:10:22', '2023-03-18 14:10:22', 'קובי בודק202', 'קובי בודק202', '054232323202', 'סתם פתק', '', 0, 0, 0, 0, 0, 135, NULL, '5842c605ee2b27c30ce973770ba8e741', 'form', 0, 0, 1, NULL, '', 0, NULL, 0),
(277, 1, '2023-03-12 14:10:23', '2023-03-18 14:10:23', 'קובי בודק146', 'קובי בודק146', '054232323146', 'סתם פתק', '', 0, 0, 0, 0, 0, 136, NULL, '82682e19b20e1703c2f314efbca5e403', 'form', 0, 0, 1, NULL, '', 0, NULL, 0),
(278, 3, '2023-03-12 14:10:23', '2023-03-18 14:10:23', 'קובי בודק146', 'קובי בודק146', '054232323146', 'סתם פתק', '', 0, 0, 0, 0, 0, 136, NULL, '82682e19b20e1703c2f314efbca5e403', 'form', 0, 0, 1, NULL, '', 0, NULL, 0),
(279, 5, '2023-03-12 14:10:23', '2023-03-18 14:10:23', 'קובי בודק146', 'קובי בודק146', '054232323146', 'סתם פתק', '', 0, 0, 0, 0, 0, 136, NULL, '82682e19b20e1703c2f314efbca5e403', 'form', 0, 0, 1, NULL, '', 0, NULL, 0),
(280, 1, '2023-03-12 14:10:23', '2023-03-18 14:10:23', 'קובי בודק959', 'קובי בודק959', '054232323959', 'סתם פתק', '', 0, 0, 0, 0, 0, 137, NULL, '34826aa495653221048705ec73f12759', 'form', 0, 0, 1, NULL, '', 0, NULL, 0),
(281, 3, '2023-03-12 14:10:23', '2023-03-18 14:10:23', 'קובי בודק959', 'קובי בודק959', '054232323959', 'סתם פתק', '', 0, 0, 0, 0, 0, 137, NULL, '34826aa495653221048705ec73f12759', 'form', 0, 0, 1, NULL, '', 0, NULL, 0),
(282, 5, '2023-03-12 14:10:23', '2023-03-18 14:10:23', 'קובי בודק959', 'קובי בודק959', '054232323959', 'סתם פתק', '', 0, 0, 0, 0, 0, 137, NULL, '34826aa495653221048705ec73f12759', 'form', 0, 0, 1, NULL, '', 0, NULL, 0),
(283, 1, '2023-03-12 14:10:24', '2023-03-18 14:10:24', 'קובי בודק892', 'קובי בודק892', '054232323892', 'סתם פתק', '', 0, 0, 0, 0, 0, 138, NULL, 'dd840145b1ff5361389e390ef747b5f2', 'form', 0, 0, 1, NULL, '', 0, NULL, 0),
(284, 1, '2023-03-12 14:10:24', '2023-03-18 14:10:24', 'קובי בודק263', 'קובי בודק263', '054232323263', 'סתם פתק', '', 0, 0, 0, 0, 0, 139, NULL, 'ea59d255b0061ed84aac12ac248ee53c', 'form', 0, 0, 1, NULL, '', 0, NULL, 0),
(285, 1, '2023-03-12 14:10:24', '2023-03-18 14:10:24', 'קובי בודק371', 'קובי בודק371', '054232323371', 'סתם פתק', '', 0, 0, 0, 0, 0, 140, NULL, '74b5bea2e7bc99ee1e997f68ba7d00c0', 'form', 0, 0, 1, NULL, '', 0, NULL, 0),
(286, 3, '2023-03-12 14:10:24', '2023-03-18 14:10:24', 'קובי בודק371', 'קובי בודק371', '054232323371', 'סתם פתק', '', 0, 0, 0, 0, 0, 140, NULL, '74b5bea2e7bc99ee1e997f68ba7d00c0', 'form', 0, 0, 1, NULL, '', 0, NULL, 0),
(287, 4, '2023-03-12 14:10:24', '2023-03-18 14:10:24', 'קובי בודק371', 'קובי בודק371', '054232323371', 'סתם פתק', '', 0, 0, 1, 0, 0, 140, NULL, '74b5bea2e7bc99ee1e997f68ba7d00c0', 'form', 1, 0, 1, NULL, '', 0, NULL, 0),
(288, 1, '2023-03-12 14:10:25', '2023-03-18 14:10:25', 'קובי בודק143', 'קובי בודק143', '054232323143', 'סתם פתק', '', 0, 0, 0, 0, 0, 141, NULL, '3963ceee09e006b2cb2517d99421e6e0', 'form', 0, 0, 1, NULL, '', 0, NULL, 0),
(289, 1, '2023-03-12 14:10:25', '2023-03-18 14:10:25', 'קובי בודק464', 'קובי בודק464', '054232323464', 'סתם פתק', '', 0, 0, 0, 0, 0, 142, NULL, '8809d18c4cef95302514fdef97928849', 'form', 0, 0, 1, NULL, '', 0, NULL, 0),
(290, 1, '2023-03-12 14:10:26', '2023-03-18 14:10:26', 'קובי בודק271', 'קובי בודק271', '054232323271', 'סתם פתק', '', 0, 0, 0, 0, 0, 143, NULL, '86d74f7cd2c9d48d33c1e067f8bf7905', 'form', 0, 0, 1, NULL, '', 0, NULL, 0),
(291, 1, '2023-03-12 14:10:26', '2023-03-18 14:10:26', 'קובי בודק878', 'קובי בודק878', '054232323878', 'סתם פתק', '', 0, 0, 0, 0, 0, 144, NULL, '39f506a9b42a95117031e05a5b41f286', 'form', 0, 0, 1, NULL, '', 0, NULL, 0),
(292, 3, '2023-03-12 14:10:26', '2023-03-18 14:10:26', 'קובי בודק878', 'קובי בודק878', '054232323878', 'סתם פתק', '', 0, 0, 0, 0, 0, 144, NULL, '39f506a9b42a95117031e05a5b41f286', 'form', 0, 0, 1, NULL, '', 0, NULL, 0),
(293, 4, '2023-03-12 14:10:26', '2023-03-18 14:10:26', 'קובי בודק878', 'קובי בודק878', '054232323878', 'סתם פתק', '', 0, 0, 1, 0, 0, 144, NULL, '39f506a9b42a95117031e05a5b41f286', 'form', 1, 0, 1, NULL, '', 0, NULL, 0),
(294, 1, '2023-03-12 14:10:27', '2023-03-18 14:10:27', 'קובי בודק262', 'קובי בודק262', '054232323262', 'סתם פתק', '', 0, 0, 1, 0, 0, 145, NULL, '8222ac1a0b876b8920352fb0b3d96d78', 'form', 1, 0, 1, NULL, '', 0, NULL, 0),
(295, 3, '2023-03-12 14:10:27', '2023-03-18 14:10:27', 'קובי בודק262', 'קובי בודק262', '054232323262', 'סתם פתק', '', 0, 0, 0, 0, 0, 145, NULL, '8222ac1a0b876b8920352fb0b3d96d78', 'form', 0, 0, 1, NULL, '', 0, NULL, 0),
(296, 5, '2023-03-12 14:10:27', '2023-03-18 14:10:27', 'קובי בודק262', 'קובי בודק262', '054232323262', 'סתם פתק', '', 0, 0, 0, 0, 0, 145, NULL, '8222ac1a0b876b8920352fb0b3d96d78', 'form', 0, 0, 1, NULL, '', 0, NULL, 0),
(297, 1, '2023-03-12 14:10:27', '2023-03-18 14:10:27', 'קובי בודק865', 'קובי בודק865', '054232323865', 'סתם פתק', '', 0, 0, 1, 0, 0, 146, NULL, 'e51f34ebeaaa36dca1185b64464a0fb3', 'form', 1, 0, 1, NULL, '', 0, NULL, 0),
(298, 3, '2023-03-12 14:10:27', '2023-03-18 14:10:27', 'קובי בודק865', 'קובי בודק865', '054232323865', 'סתם פתק', '', 0, 0, 0, 0, 0, 146, NULL, 'e51f34ebeaaa36dca1185b64464a0fb3', 'form', 0, 0, 1, NULL, '', 0, NULL, 0),
(299, 4, '2023-03-12 14:10:27', '2023-03-18 14:10:27', 'קובי בודק865', 'קובי בודק865', '054232323865', 'סתם פתק', '', 0, 0, 1, 0, 0, 146, NULL, 'e51f34ebeaaa36dca1185b64464a0fb3', 'form', 1, 0, 1, NULL, '', 0, NULL, 0),
(300, 1, '2023-03-12 14:10:28', '2023-03-18 14:10:28', 'קובי בודק935', 'קובי בודק935', '054232323935', 'סתם פתק', '', 0, 0, 1, 0, 0, 147, NULL, '0f5a3687a6382982ce96c8c919f31423', 'form', 1, 0, 1, NULL, '', 0, NULL, 0),
(301, 3, '2023-03-12 14:10:28', '2023-03-18 14:10:28', 'קובי בודק935', 'קובי בודק935', '054232323935', 'סתם פתק', '', 0, 0, 0, 0, 0, 147, NULL, '0f5a3687a6382982ce96c8c919f31423', 'form', 0, 0, 1, NULL, '', 0, NULL, 0),
(302, 5, '2023-03-12 14:10:28', '2023-03-18 14:10:28', 'קובי בודק935', 'קובי בודק935', '054232323935', 'סתם פתק', '', 0, 0, 0, 0, 0, 147, NULL, '0f5a3687a6382982ce96c8c919f31423', 'form', 0, 0, 1, NULL, '', 0, NULL, 0),
(303, 1, '2023-03-12 14:10:29', '2023-03-13 15:58:14', 'קובי בודק409', 'קובי בודק409', '054232323409', 'סתם פתק עוד ועוד!!!', '', 0, 0, 1, 0, 0, 148, NULL, '215f131ec3c813eb1c708bfa4bb99748', 'form', 1, 0, 1, NULL, '', 0, NULL, 0),
(304, 3, '2023-03-12 14:10:29', '2023-03-18 14:10:29', 'קובי בודק409', 'קובי בודק409', '054232323409', 'סתם פתק', '', 0, 0, 0, 0, 0, 148, NULL, '215f131ec3c813eb1c708bfa4bb99748', 'form', 0, 0, 1, NULL, '', 0, NULL, 0),
(305, 5, '2023-03-12 14:10:29', '2023-03-18 14:10:29', 'קובי בודק409', 'קובי בודק409', '054232323409', 'סתם פתק', '', 0, 0, 0, 0, 0, 148, NULL, '215f131ec3c813eb1c708bfa4bb99748', 'form', 0, 0, 1, NULL, '', 0, NULL, 0),
(306, 1, '2023-03-12 14:10:29', '2023-03-18 14:10:29', 'קובי בודק357', 'קובי בודק357', '054232323357', 'סתם פתק', '', 0, 0, 1, 0, 0, 149, NULL, 'ceae9188ec509ec196848f177b00a2e6', 'form', 1, 0, 1, NULL, '', 0, NULL, 0),
(307, 3, '2023-03-12 14:10:29', '2023-03-18 14:10:29', 'קובי בודק357', 'קובי בודק357', '054232323357', 'סתם פתק', '', 0, 0, 0, 0, 0, 149, NULL, 'ceae9188ec509ec196848f177b00a2e6', 'form', 0, 0, 1, NULL, '', 0, NULL, 0),
(308, 4, '2023-03-12 14:10:29', '2023-03-18 14:10:29', 'קובי בודק357', 'קובי בודק357', '054232323357', 'סתם פתק', '', 0, 0, 1, 0, 0, 149, NULL, 'ceae9188ec509ec196848f177b00a2e6', 'form', 1, 0, 1, NULL, '', 0, NULL, 0),
(309, 1, '2023-03-12 14:10:30', '2023-03-18 14:10:30', 'קובי בודק548', 'קובי בודק548', '054232323548', 'סתם פתק', '', 0, 0, 1, 0, 0, 150, NULL, '2f367528fec439f4bf02d804ee0a1606', 'form', 1, 0, 1, NULL, '', 0, NULL, 0),
(310, 3, '2023-03-12 14:10:30', '2023-03-18 14:10:30', 'קובי בודק548', 'קובי בודק548', '054232323548', 'סתם פתק', '', 0, 0, 0, 0, 0, 150, NULL, '2f367528fec439f4bf02d804ee0a1606', 'form', 0, 0, 1, NULL, '', 0, NULL, 0),
(311, 4, '2023-03-12 14:10:30', '2023-03-18 14:10:30', 'קובי בודק548', 'קובי בודק548', '054232323548', 'סתם פתק', '', 0, 0, 1, 0, 0, 150, NULL, '2f367528fec439f4bf02d804ee0a1606', 'form', 1, 0, 1, NULL, '', 0, NULL, 0),
(312, 1, '2023-03-12 14:10:30', '2023-03-18 14:10:30', 'קובי בודק635', 'קובי בודק635', '054232323635', 'סתם פתק', '', 6, 0, 1, 0, 0, 151, NULL, '3dcfafb1e70b87686f4212f335e08d44', 'form', 1, 0, 1, NULL, '', 0, NULL, 0),
(313, 3, '2023-03-12 14:10:30', '2023-03-18 14:10:30', 'קובי בודק635', 'קובי בודק635', '054232323635', 'סתם פתק', '', 0, 0, 0, 0, 0, 151, NULL, '3dcfafb1e70b87686f4212f335e08d44', 'form', 0, 0, 1, NULL, '', 0, NULL, 0),
(314, 5, '2023-03-12 14:10:30', '2023-03-18 14:10:30', 'קובי בודק635', 'קובי בודק635', '054232323635', 'סתם פתק', '', 0, 0, 0, 0, 0, 151, NULL, '3dcfafb1e70b87686f4212f335e08d44', 'form', 0, 0, 1, NULL, '', 0, NULL, 0),
(315, 1, '2023-03-12 14:10:30', '2023-03-18 14:10:30', 'קובי בודק215', 'קובי בודק215', '054232323215', 'סתם פתק', '', 6, 0, 1, 0, 0, 152, NULL, '27a7a8562f6a6ea65afce90ea708411d', 'form', 1, 0, 1, NULL, '', 0, NULL, 0),
(316, 1, '2023-03-12 14:10:31', '2023-03-18 14:10:31', 'קובי בודק157', 'קובי בודק157', '054232323157', 'סתם פתק', '', 0, 0, 1, 0, 0, 153, NULL, 'f210749f1e4ca5062dfff350c1b5b86c', 'form', 1, 0, 1, NULL, '', 0, NULL, 0),
(317, 3, '2023-03-12 14:10:31', '2023-03-18 14:10:31', 'קובי בודק157', 'קובי בודק157', '054232323157', 'סתם פתק', '', 0, 0, 0, 0, 0, 153, NULL, 'f210749f1e4ca5062dfff350c1b5b86c', 'form', 0, 0, 1, NULL, '', 0, NULL, 0),
(318, 4, '2023-03-12 14:10:31', '2023-03-18 14:10:31', 'קובי בודק157', 'קובי בודק157', '054232323157', 'סתם פתק', '', 0, 0, 1, 0, 0, 153, NULL, 'f210749f1e4ca5062dfff350c1b5b86c', 'form', 1, 0, 1, NULL, '', 0, NULL, 0),
(319, 1, '2023-03-12 14:10:31', '2023-03-18 14:10:31', 'קובי בודק391', 'קובי בודק391', '054232323391', 'סתם פתק', '', 0, 0, 1, 0, 0, 154, NULL, 'dff620acf1d891bc834e6103eb839569', 'form', 1, 0, 1, NULL, '', 0, NULL, 0),
(320, 3, '2023-03-12 14:10:31', '2023-03-18 14:10:31', 'קובי בודק391', 'קובי בודק391', '054232323391', 'סתם פתק', '', 0, 0, 0, 0, 0, 154, NULL, 'dff620acf1d891bc834e6103eb839569', 'form', 0, 0, 1, NULL, '', 0, NULL, 0),
(321, 4, '2023-03-12 14:10:31', '2023-03-18 14:10:31', 'קובי בודק391', 'קובי בודק391', '054232323391', 'סתם פתק', '', 0, 0, 1, 0, 0, 154, NULL, 'dff620acf1d891bc834e6103eb839569', 'form', 1, 0, 1, NULL, '', 0, NULL, 0),
(322, 1, '2023-03-12 14:10:32', '2023-03-18 14:10:32', 'קובי בודק158', 'קובי בודק158', '054232323158', 'סתם פתק', '', 6, 0, 1, 0, 0, 155, NULL, '5d164eb074f0b6d06831e144ad5e19d6', 'form', 1, 0, 1, NULL, '', 0, NULL, 0),
(323, 1, '2023-03-12 14:10:32', '2023-03-18 14:10:32', 'קובי בודק692', 'קובי בודק692', '054232323692', 'סתם פתק', '', 6, 0, 1, 0, 0, 156, NULL, 'ebe39d04dcf6157981fd15012e045efe', 'form', 1, 0, 1, NULL, '', 0, NULL, 0),
(324, 3, '2023-03-12 14:10:32', '2023-03-18 14:10:32', 'קובי בודק692', 'קובי בודק692', '054232323692', 'סתם פתק', '', 0, 0, 0, 0, 0, 156, NULL, 'ebe39d04dcf6157981fd15012e045efe', 'form', 0, 0, 1, NULL, '', 0, NULL, 0),
(325, 4, '2023-03-12 14:10:32', '2023-03-18 14:10:32', 'קובי בודק692', 'קובי בודק692', '054232323692', 'סתם פתק', '', 0, 0, 1, 0, 0, 156, NULL, 'ebe39d04dcf6157981fd15012e045efe', 'form', 1, 0, 1, NULL, '', 0, NULL, 0),
(326, 1, '2023-03-12 14:10:33', '2023-03-18 14:10:33', 'קובי בודק953', 'קובי בודק953', '054232323953', 'סתם פתק', '', 6, 0, 1, 0, 0, 157, NULL, 'bac663e01478d1b1673c7b27ac8967ca', 'form', 1, 0, 1, NULL, '', 0, NULL, 0),
(327, 1, '2023-03-12 14:10:33', '2023-03-18 14:10:33', 'קובי בודק730', 'קובי בודק730', '054232323730', 'סתם פתק', '', 0, 0, 1, 0, 0, 158, NULL, '46e41af23358e0ddd4fb28e900156091', 'form', 0, 0, 1, NULL, '', 0, NULL, 0),
(328, 1, '2023-03-12 14:10:34', '2023-03-18 14:10:34', 'קובי בודק198', 'קובי בודק198', '054232323198', 'סתם פתק', '', 6, 0, 1, 0, 0, 159, NULL, 'd9429c33279a82257e1d19960dd97428', 'form', 1, 0, 1, NULL, '', 0, NULL, 0),
(329, 3, '2023-03-12 14:10:34', '2023-03-18 14:10:34', 'קובי בודק198', 'קובי בודק198', '054232323198', 'סתם פתק', '', 0, 0, 0, 0, 0, 159, NULL, 'd9429c33279a82257e1d19960dd97428', 'form', 0, 0, 1, NULL, '', 0, NULL, 0),
(330, 5, '2023-03-12 14:10:34', '2023-03-18 14:10:34', 'קובי בודק198', 'קובי בודק198', '054232323198', 'סתם פתק', '', 0, 0, 0, 0, 0, 159, NULL, 'd9429c33279a82257e1d19960dd97428', 'form', 0, 0, 1, NULL, '', 0, NULL, 0),
(331, 1, '2023-03-12 14:10:34', '2023-03-18 14:10:34', 'קובי בודק427', 'קובי בודק427', '054232323427', 'סתם פתק', '', 0, 0, 1, 0, 0, 160, NULL, 'd1d191854637c7fad187d0ab132c96d0', 'form', 1, 0, 1, NULL, '', 0, NULL, 0),
(332, 3, '2023-03-12 14:10:34', '2023-03-18 14:10:34', 'קובי בודק427', 'קובי בודק427', '054232323427', 'סתם פתק', '', 0, 0, 0, 0, 0, 160, NULL, 'd1d191854637c7fad187d0ab132c96d0', 'form', 0, 0, 1, NULL, '', 0, NULL, 0),
(333, 5, '2023-03-12 14:10:34', '2023-03-18 14:10:34', 'קובי בודק427', 'קובי בודק427', '054232323427', 'סתם פתק', '', 0, 0, 0, 0, 0, 160, NULL, 'd1d191854637c7fad187d0ab132c96d0', 'form', 0, 0, 1, NULL, '', 0, NULL, 0),
(334, 1, '2023-03-12 14:10:35', '2023-03-13 15:44:53', 'קובי בודק913', 'קובי בודק913', '054232323913', 'סתם פתק', '', 0, 0, 1, 0, 7, 161, NULL, '93d44bc5d5184353d3bbb6b81382858c', 'form', 1, 0, 1, NULL, '', 0, NULL, 0),
(335, 3, '2023-03-12 14:10:35', '2023-03-18 14:10:35', 'קובי בודק913', 'קובי בודק913', '054232323913', 'סתם פתק', '', 0, 0, 0, 0, 0, 161, NULL, '93d44bc5d5184353d3bbb6b81382858c', 'form', 0, 0, 1, NULL, '', 0, NULL, 0),
(336, 4, '2023-03-12 14:10:35', '2023-03-18 14:10:35', 'קובי בודק913', 'קובי בודק913', '054232323913', 'סתם פתק', '', 0, 0, 1, 0, 0, 161, NULL, '93d44bc5d5184353d3bbb6b81382858c', 'form', 1, 0, 1, NULL, '', 0, NULL, 0),
(337, 1, '2023-03-12 14:10:35', '2023-03-18 14:10:35', 'קובי בודק252', 'קובי בודק252', '054232323252', 'סתם פתק', '', 6, 0, 1, 0, 0, 162, NULL, '505858cd1f4a239b561ce50b9850d772', 'form', 1, 0, 1, NULL, '', 0, NULL, 0),
(338, 3, '2023-03-12 14:10:35', '2023-03-18 14:10:35', 'קובי בודק252', 'קובי בודק252', '054232323252', 'סתם פתק', '', 0, 0, 0, 0, 0, 162, NULL, '505858cd1f4a239b561ce50b9850d772', 'form', 0, 0, 1, NULL, '', 0, NULL, 0),
(339, 4, '2023-03-12 14:10:35', '2023-03-18 14:10:35', 'קובי בודק252', 'קובי בודק252', '054232323252', 'סתם פתק', '', 0, 0, 1, 0, 0, 162, NULL, '505858cd1f4a239b561ce50b9850d772', 'form', 1, 0, 1, NULL, '', 0, NULL, 0),
(340, 1, '2023-03-12 14:10:36', '2023-03-18 14:10:36', 'קובי בודק445', 'קובי בודק445', '054232323445', 'סתם פתק', '', 0, 0, 1, 0, 0, 163, NULL, '6739d911eac9f91b8c0a798bb4dd1ad3', 'form', 1, 0, 1, NULL, '', 0, NULL, 0),
(341, 3, '2023-03-12 14:10:36', '2023-03-18 14:10:36', 'קובי בודק445', 'קובי בודק445', '054232323445', 'סתם פתק', '', 0, 0, 0, 0, 0, 163, NULL, '6739d911eac9f91b8c0a798bb4dd1ad3', 'form', 0, 0, 1, NULL, '', 0, NULL, 0),
(342, 4, '2023-03-12 14:10:36', '2023-03-18 14:10:36', 'קובי בודק445', 'קובי בודק445', '054232323445', 'סתם פתק', '', 0, 0, 1, 0, 0, 163, NULL, '6739d911eac9f91b8c0a798bb4dd1ad3', 'form', 1, 0, 1, NULL, '', 0, NULL, 0),
(343, 1, '2023-03-12 14:10:36', '2023-03-18 14:10:36', 'קובי בודק671', 'קובי בודק671', '054232323671', 'סתם פתק', '', 0, 0, 1, 0, 0, 164, NULL, '820cf1fd9781610f16e3660e17fec41e', 'form', 0, 0, 1, NULL, '', 0, NULL, 0),
(344, 3, '2023-03-12 14:10:36', '2023-03-18 14:10:36', 'קובי בודק671', 'קובי בודק671', '054232323671', 'סתם פתק', '', 0, 0, 0, 0, 0, 164, NULL, '820cf1fd9781610f16e3660e17fec41e', 'form', 0, 0, 1, NULL, '', 0, NULL, 0),
(345, 4, '2023-03-12 14:10:36', '2023-03-18 14:10:36', 'קובי בודק671', 'קובי בודק671', '054232323671', 'סתם פתק', '', 0, 0, 1, 0, 0, 164, NULL, '820cf1fd9781610f16e3660e17fec41e', 'form', 1, 0, 1, NULL, '', 0, NULL, 0),
(346, 1, '2023-03-12 14:10:37', '2023-03-18 14:10:37', 'קובי בודק666', 'קובי בודק666', '054232323666', 'סתם פתק', '', 0, 0, 1, 0, 0, 165, NULL, '755e0692c04ed7d901483769aa7d85ab', 'form', 0, 346, 1, NULL, '', 0, NULL, 0),
(347, 3, '2023-03-12 14:10:37', '2023-03-18 14:10:37', 'קובי בודק666', 'קובי בודק666', '054232323666', 'סתם פתק', '', 0, 0, 0, 0, 0, 165, NULL, '755e0692c04ed7d901483769aa7d85ab', 'form', 0, 0, 1, NULL, '', 0, NULL, 0),
(348, 5, '2023-03-12 14:10:37', '2023-03-18 14:10:37', 'קובי בודק666', 'קובי בודק666', '054232323666', 'סתם פתק', '', 0, 0, 0, 0, 0, 165, NULL, '755e0692c04ed7d901483769aa7d85ab', 'form', 0, 0, 1, NULL, '', 0, NULL, 0),
(349, 1, '2023-03-12 14:10:37', '2023-03-18 14:10:37', 'קובי בודק276', 'קובי בודק276', '054232323276', 'סתם פתק', '', 0, 0, 1, 0, 0, 166, NULL, 'e7a32a086a23ab33b1c0aaef4ce63299', 'form', 0, 0, 1, NULL, '', 0, NULL, 0),
(350, 1, '2023-03-12 14:10:37', '2023-03-18 14:10:37', 'קובי בודק665', 'קובי בודק665', '054232323665', 'סתם פתק', '', 0, 0, 1, 0, 0, 167, NULL, '0cb8c6b43d7ef98863b32542615c5779', 'form', 1, 0, 1, NULL, '', 0, NULL, 0),
(351, 3, '2023-03-12 14:10:37', '2023-03-18 14:10:37', 'קובי בודק665', 'קובי בודק665', '054232323665', 'סתם פתק', '', 0, 0, 0, 0, 0, 167, NULL, '0cb8c6b43d7ef98863b32542615c5779', 'form', 0, 0, 1, NULL, '', 0, NULL, 0),
(352, 4, '2023-03-12 14:10:37', '2023-03-18 14:10:37', 'קובי בודק665', 'קובי בודק665', '054232323665', 'סתם פתק', '', 0, 0, 1, 0, 0, 167, NULL, '0cb8c6b43d7ef98863b32542615c5779', 'form', 1, 0, 1, NULL, '', 0, NULL, 0),
(353, 1, '2023-03-12 14:10:38', '2023-03-18 14:10:38', 'קובי בודק731', 'קובי בודק731', '054232323731', 'סתם פתק', '', 0, 0, 1, 0, 0, 168, NULL, 'cf497e1eed2da26acb332976dc614a2f', 'form', 0, 0, 1, NULL, '', 0, NULL, 0),
(354, 3, '2023-03-12 14:10:38', '2023-03-18 14:10:38', 'קובי בודק731', 'קובי בודק731', '054232323731', 'סתם פתק', '', 0, 0, 0, 0, 0, 168, NULL, 'cf497e1eed2da26acb332976dc614a2f', 'form', 0, 0, 1, NULL, '', 0, NULL, 0),
(355, 5, '2023-03-12 14:10:38', '2023-03-18 14:10:38', 'קובי בודק731', 'קובי בודק731', '054232323731', 'סתם פתק', '', 0, 0, 0, 0, 0, 168, NULL, 'cf497e1eed2da26acb332976dc614a2f', 'form', 0, 0, 1, NULL, '', 0, NULL, 0),
(356, 1, '2023-03-12 14:10:38', '2023-03-18 14:10:38', 'קובי בודק820', 'קובי בודק820', '054232323820', 'סתם פתק', '', 0, 0, 1, 0, 0, 169, NULL, '39788649c0be52f593075c2bb7e3d5be', 'form', 0, 0, 1, NULL, '', 0, NULL, 0),
(357, 3, '2023-03-12 14:10:38', '2023-03-18 14:10:38', 'קובי בודק820', 'קובי בודק820', '054232323820', 'סתם פתק', '', 0, 0, 0, 0, 0, 169, NULL, '39788649c0be52f593075c2bb7e3d5be', 'form', 0, 0, 1, NULL, '', 0, NULL, 0),
(358, 4, '2023-03-12 14:10:38', '2023-03-18 14:10:38', 'קובי בודק820', 'קובי בודק820', '054232323820', 'סתם פתק', '', 0, 0, 1, 0, 0, 169, NULL, '39788649c0be52f593075c2bb7e3d5be', 'form', 1, 0, 1, NULL, '', 0, NULL, 0),
(359, 1, '2023-03-13 11:55:43', '2023-03-19 11:55:43', 'זמבי זמביה', 'זמבי זמביה', '098765432', 'בבקשה', '', 0, 0, 1, 0, 0, 170, NULL, 'ea0d847dabfb1d602605b1d70d64f8af', 'form', 1, 0, 1, NULL, '', 0, NULL, 0),
(360, 3, '2023-03-13 11:55:43', '2023-03-19 11:55:43', 'זמבי זמביה', 'זמבי זמביה', '098765432', 'בבקשה', '', 0, 0, 0, 0, 0, 170, NULL, 'ea0d847dabfb1d602605b1d70d64f8af', 'form', 0, 0, 1, NULL, '', 0, NULL, 0),
(361, 4, '2023-03-13 11:55:43', '2023-03-19 11:55:43', 'זמבי זמביה', 'זמבי זמביה', '098765432', 'בבקשה', '', 0, 0, 1, 0, 0, 170, NULL, 'ea0d847dabfb1d602605b1d70d64f8af', 'form', 1, 0, 1, NULL, '', 0, NULL, 0),
(362, 1, '2023-03-13 12:01:32', '2023-03-19 12:01:32', 'מותק מותק', 'מותק מותק', '0542323233', 'akuo', '', 0, 0, 1, 0, 0, 171, NULL, 'e703fbaab6ef490f13021525510b348b', 'form', 1, 0, 1, NULL, '', 0, NULL, 0),
(363, 3, '2023-03-13 12:01:32', '2023-03-19 12:01:32', 'מותק מותק', 'מותק מותק', '0542323233', 'akuo', '', 0, 0, 0, 0, 0, 171, NULL, 'e703fbaab6ef490f13021525510b348b', 'form', 0, 0, 1, NULL, '', 0, NULL, 0),
(364, 5, '2023-03-13 12:01:32', '2023-03-19 12:01:32', 'מותק מותק', 'מותק מותק', '0542323233', 'akuo', '', 0, 0, 0, 0, 0, 171, NULL, 'e703fbaab6ef490f13021525510b348b', 'form', 0, 0, 1, NULL, '', 0, NULL, 0),
(365, 5, '2023-03-13 12:44:03', '2023-03-19 12:44:03', 'חמוד שלי חרמן', 'חמוד שלי חרמן', '0542099433', 'חרמן מאוודדדדדד', '', 0, 0, 0, 0, 0, 172, NULL, 'cd705bd65b3792b1717320723aa67097', 'form', 0, 0, 1, NULL, '', 0, NULL, 0),
(366, 7, '2023-03-13 12:44:03', '2023-03-19 12:44:03', 'חמוד שלי חרמן', 'חמוד שלי חרמן', '0542099433', 'חרמן מאוודדדדדד', '', 0, 0, 0, 0, 0, 172, NULL, 'cd705bd65b3792b1717320723aa67097', 'form', 0, 0, 1, NULL, '', 0, NULL, 0),
(367, 9, '2023-03-13 12:44:03', '2023-03-19 12:44:03', 'חמוד שלי חרמן', 'חמוד שלי חרמן', '0542099433', 'חרמן מאוודדדדדד', '', 0, 0, 0, 0, 0, 172, NULL, 'cd705bd65b3792b1717320723aa67097', 'form', 0, 0, 1, NULL, '', 0, NULL, 0),
(368, 4, '2023-03-13 12:44:50', '2023-03-19 12:44:50', 'זמבי זמביה', 'זמבי זמביה', '0542323233', 'ssss', '', 0, 0, 1, 0, 0, 173, NULL, '3b8df2c824157caf6452f791887917bf', 'form', 1, 0, 1, NULL, '', 0, NULL, 0),
(369, 7, '2023-03-13 12:44:50', '2023-03-19 12:44:50', 'זמבי זמביה', 'זמבי זמביה', '0542323233', 'ssss', '', 0, 0, 0, 0, 0, 173, NULL, '3b8df2c824157caf6452f791887917bf', 'form', 0, 0, 1, NULL, '', 0, NULL, 0),
(370, 9, '2023-03-13 12:44:50', '2023-03-19 12:44:50', 'זמבי זמביה', 'זמבי זמביה', '0542323233', 'ssss', '', 0, 0, 0, 0, 0, 173, NULL, '3b8df2c824157caf6452f791887917bf', 'form', 0, 0, 1, NULL, '', 0, NULL, 0),
(371, 1, '2023-03-13 12:51:59', '2023-03-13 15:45:52', 'קובי בודק', 'קובי בודק', '0542099433', 'מה קורה כאן??', '', 0, 0, 1, 0, 8, 174, NULL, 'fb8ac280e888202b37223097ae4f75fb', 'form', 0, 374, 1, NULL, '', 0, NULL, 0),
(372, 3, '2023-03-13 12:51:59', '2023-03-19 12:51:59', 'קובי בודק', 'קובי בודק', '0542099433', 'מה קורה כאן??', '', 0, 0, 0, 0, 0, 174, NULL, 'fb8ac280e888202b37223097ae4f75fb', 'form', 0, 0, 1, NULL, '', 0, NULL, 0),
(373, 8, '2023-03-13 12:51:59', '2023-03-19 12:51:59', 'קובי בודק', 'קובי בודק', '0542099433', 'מה קורה כאן??', '', 0, 0, 0, 0, 0, 174, NULL, 'fb8ac280e888202b37223097ae4f75fb', 'form', 0, 0, 1, NULL, '', 0, NULL, 0),
(374, 1, '2023-03-13 12:52:04', '2023-03-13 15:44:44', 'קובי בודק', 'קובי בודק', '0542099433', 'מה קורה כאן??', '', 0, 0, 1, 0, 9, 175, NULL, '94d9c8aff0ad4c684261dd1691848b79', 'form', 1, 0, 1, NULL, '', 0, NULL, 0),
(375, 3, '2023-03-13 12:52:04', '2023-03-19 12:52:04', 'קובי בודק', 'קובי בודק', '0542099433', 'מה קורה כאן??', '', 0, 0, 0, 0, 0, 175, NULL, '94d9c8aff0ad4c684261dd1691848b79', 'form', 0, 0, 1, NULL, '', 0, NULL, 0),
(376, 4, '2023-03-13 12:52:04', '2023-03-19 12:52:04', 'קובי בודק', 'קובי בודק', '0542099433', 'מה קורה כאן??', '', 0, 0, 1, 0, 0, 175, NULL, '94d9c8aff0ad4c684261dd1691848b79', 'form', 0, 0, 1, NULL, '', 0, NULL, 0),
(377, 1, '2023-03-11 13:05:57', '2023-03-11 13:05:57', 'חמוד שלי חרמן', 'חמוד שלי חרמן', '0542099433', 'ישישישי', '', 0, 0, 1, 0, 0, 176, NULL, 'e0d996de4e9ec1ba0b0912478e3696d5', 'form', 0, 374, 1, NULL, '', 0, NULL, 0),
(378, 1, '2023-03-13 13:06:23', '2023-03-14 08:34:39', 'זמבי זמביה', 'זמבי זמביה', '0542099433', 'גגג  רם רםר רם', '', 0, 0, 1, 0, 7, 177, NULL, 'dd4b115c01f10a97a1becac1f9477384', 'form', 0, 0, 1, NULL, '', 0, NULL, 0);

-- --------------------------------------------------------

--
-- Table structure for table `user_lead_rotation`
--

CREATE TABLE `user_lead_rotation` (
  `id` int(11) NOT NULL,
  `user_id` int(11) NOT NULL,
  `last_update` datetime DEFAULT current_timestamp(),
  `leads_recived` int(11) NOT NULL DEFAULT 0,
  `order_state` int(11) NOT NULL DEFAULT 0
) ENGINE=InnoDB DEFAULT CHARSET=utf8mb4;

--
-- Dumping data for table `user_lead_rotation`
--

INSERT INTO `user_lead_rotation` (`id`, `user_id`, `last_update`, `leads_recived`, `order_state`) VALUES
(1, 4, '2023-03-05', 80, 0),
(2, 7, '2023-03-05', 6, 600),
(3, 8, '2023-03-05', 3, 300),
(4, 9, '2023-03-05', 6, 600),
(5, 7, '2023-03-05', 6, 600),
(6, 8, '2023-03-05', 3, 300),
(7, 9, '2023-03-05', 6, 600),
(8, 5, '2023-03-05', 37, 3700),
(9, 9, '2023-03-05', 6, 600);

-- --------------------------------------------------------

--
-- Table structure for table `user_lead_send_times`
--

CREATE TABLE `user_lead_send_times` (
  `id` int(11) NOT NULL,
  `user_id` int(11) NOT NULL,
  `display` tinyint(4) NOT NULL DEFAULT 0,
  `time_groups` mediumtext DEFAULT NULL
) ENGINE=InnoDB DEFAULT CHARSET=utf8mb4;

--
-- Dumping data for table `user_lead_send_times`
--

INSERT INTO `user_lead_send_times` (`id`, `user_id`, `display`, `time_groups`) VALUES
(1, 47, 0, NULL),
(2, 4, 1, '[{\"hf\":\"00\",\"mf\":\"00\",\"ht\":\"00\",\"mt\":\"00\",\"d\":{\"1\":\"on\",\"4\":\"on\",\"5\":\"on\"}},{\"hf\":\"00\",\"mf\":\"00\",\"ht\":\"00\",\"mt\":\"00\",\"d\":{\"1\":\"on\",\"2\":\"on\",\"3\":\"on\",\"4\":\"on\",\"5\":\"on\"}}]'),
(3, 6, 0, '{\"0\":{\"hf\":\"00\",\"mf\":\"00\",\"ht\":\"00\",\"mt\":\"00\",\"d\":{\"1\":\"on\",\"2\":\"on\",\"3\":\"on\",\"4\":\"on\",\"5\":\"on\"}},\"2\":{\"hf\":\"00\",\"mf\":\"00\",\"ht\":\"20\",\"mt\":\"19\",\"d\":{\"1\":\"on\",\"2\":\"on\",\"3\":\"on\",\"4\":\"on\",\"5\":\"on\"}}}');

-- --------------------------------------------------------

--
-- Table structure for table `user_lead_settings`
--

CREATE TABLE `user_lead_settings` (
  `id` int(11) NOT NULL,
  `user_id` int(11) NOT NULL,
  `active` tinyint(4) NOT NULL DEFAULT 1,
  `end_date` date DEFAULT NULL,
  `lead_price` float NOT NULL DEFAULT 0,
  `lead_price_no_tax` float NOT NULL DEFAULT 0,
  `open_mode` tinyint(4) NOT NULL DEFAULT 0,
  `auto_send` tinyint(4) NOT NULL DEFAULT 0,
  `free_send` tinyint(4) NOT NULL DEFAULT 1,
  `lead_credit` int(11) NOT NULL DEFAULT 0,
  `month_max` int(11) NOT NULL DEFAULT 0,
  `flex_max` tinyint(4) NOT NULL DEFAULT 0,
  `rotation_priority` int(11) NOT NULL DEFAULT 0
) ENGINE=InnoDB DEFAULT CHARSET=utf8mb4;

--
-- Dumping data for table `user_lead_settings`
--

INSERT INTO `user_lead_settings` (`id`, `user_id`, `active`, `end_date`, `lead_price`, `lead_price_no_tax`, `open_mode`, `auto_send`, `free_send`, `lead_credit`, `month_max`, `flex_max`, `rotation_priority`) VALUES
(1, 1, 1, NULL, 0, 0, 0, 0, 1, 786, 0, 0, 0),
(2, 3, 1, '0000-00-00', 0, 0, 0, 0, 0, 10, 0, 0, 0),
(3, 5, 1, '0000-00-00', 117, 100, 0, 0, 0, 10, 0, 0, 0),
(4, 4, 1, '0000-00-00', 400, 0, 1, 1, 1, 100, 100, 1, 100),
(5, 7, 1, '0000-00-00', 0, 0, 0, 0, 0, 10, 0, 0, 0),
(6, 8, 1, '0000-00-00', 0, 0, 0, 0, 0, 10, 0, 0, 0),
(7, 9, 1, '0000-00-00', 0, 0, 0, 0, 0, 10, 10, 0, 0);

-- --------------------------------------------------------

--
-- Table structure for table `user_lead_tag`
--

CREATE TABLE `user_lead_tag` (
  `id` int(11) NOT NULL,
  `user_id` int(11) NOT NULL,
  `tag_name` varchar(32) NOT NULL
) ENGINE=InnoDB DEFAULT CHARSET=utf8mb4;

--
-- Dumping data for table `user_lead_tag`
--

INSERT INTO `user_lead_tag` (`id`, `user_id`, `tag_name`) VALUES
(7, 1, 'ליד חשוב'),
(10, 1, 'עליונים'),
(11, 1, 'בום טראח');

-- --------------------------------------------------------

--
-- Table structure for table `user_lead_visability`
--

CREATE TABLE `user_lead_visability` (
  `id` int(11) NOT NULL,
  `user_id` int(11) NOT NULL,
  `show_in_sites` tinyint(4) NOT NULL DEFAULT 0,
  `show_in_leads_report` tinyint(4) NOT NULL DEFAULT 0,
  `show_in_misscalls_report` tinyint(4) NOT NULL DEFAULT 0,
  `send_lead_alerts` tinyint(4) NOT NULL DEFAULT 0,
  `send_monthly_report` tinyint(4) NOT NULL DEFAULT 0,
  `send_advanced_report` tinyint(4) NOT NULL DEFAULT 0,
  `access_refunds` tinyint(4) NOT NULL DEFAULT 0,
  `access_records` smallint(6) NOT NULL DEFAULT 0,
  `records_password` varchar(32) DEFAULT NULL
) ENGINE=InnoDB DEFAULT CHARSET=utf8mb4;

--
-- Dumping data for table `user_lead_visability`
--

INSERT INTO `user_lead_visability` (`id`, `user_id`, `show_in_sites`, `show_in_leads_report`, `show_in_misscalls_report`, `send_lead_alerts`, `send_monthly_report`, `send_advanced_report`, `access_refunds`, `access_records`, `records_password`) VALUES
(1, 7, 1, 1, 0, 0, 0, 0, 0, 0, ''),
(2, 8, 1, 0, 1, 0, 0, 0, 0, 0, '12332'),
(3, 4, 1, 0, 0, 0, 0, 0, 0, 0, '123'),
(4, 9, 1, 0, 0, 0, 0, 0, 0, 0, NULL),
(5, 1, 1, 0, 0, 0, 0, 0, 1, 1, ''),
(6, 3, 1, 0, 0, 0, 0, 0, 0, 0, ''),
(7, 5, 1, 0, 0, 0, 0, 0, 0, 0, '');

-- --------------------------------------------------------

--
-- Table structure for table `user_pending_emails`
--

CREATE TABLE `user_pending_emails` (
  `id` int(11) NOT NULL,
  `user_id` int(11) NOT NULL,
  `lead_id` int(11) NOT NULL,
  `email_to` varchar(32) NOT NULL,
  `title` varchar(80) NOT NULL,
  `content` text NOT NULL,
  `send_times` mediumtext NOT NULL,
  `created_date` datetime NOT NULL DEFAULT current_timestamp()
) ENGINE=InnoDB DEFAULT CHARSET=utf8mb4;

--
-- Dumping data for table `user_pending_emails`
--

INSERT INTO `user_pending_emails` (`id`, `user_id`, `lead_id`, `email_to`, `title`, `content`, `send_times`, `created_date`) VALUES
(53, 4, 41, 'ilan@g.com', 'בקשה להצעת מחיר באתר', '<div style=\"direction:rtl;\">\r\n\r\n	<h2>שלום ilan bossgadol.<br/></h2>\r\n	<h3>התקבלה בקשה להצעת מחיר מהאתר love.com</h3>\r\n	<br/><br/>\r\n	\r\n    קטגוריה: הובלות, גדולות, רכבים <br/>\r\n    שם: קובי בודק <br/>\r\n    טלפון: 0542099433 <br/>\r\n    אימייל: fssdf@w.com <br/>\r\n    עיר: תל אביב <br/>\r\n    הערות\\בקשות: dd <br/>\r\n    <br/><br/>\r\n	<a href=\"http://usites.com/myleads/leads/auth/?token=029c7241555e87c12c5c101f5344555d\">לחץ כאן לצפייה במערכת הלידים</a> \r\n    \r\n\r\n    <div>\r\n    בברכה,<br/>\r\n    מערכת IL-BIZ<br/>\r\n    קידום עסקים באינטרנט<br/>\r\n</div>\r\n\r\n    <br/><br/>\r\n</div>\r\n', '[{\"hf\":\"00\",\"mf\":\"00\",\"ht\":\"00\",\"mt\":\"00\",\"d\":{\"1\":\"on\",\"4\":\"on\",\"5\":\"on\"}},{\"hf\":\"00\",\"mf\":\"00\",\"ht\":\"00\",\"mt\":\"00\",\"d\":{\"1\":\"on\",\"2\":\"on\",\"3\":\"on\",\"4\":\"on\",\"5\":\"on\"}}]', '2023-03-05'),
(56, 4, 44, 'ilan@g.com', 'בקשה להצעת מחיר באתר', '<div style=\"direction:rtl;\">\r\n\r\n	<h2>שלום ilan bossgadol.<br/></h2>\r\n	<h3>התקבלה בקשה להצעת מחיר מהאתר love.com</h3>\r\n	<br/><br/>\r\n	\r\n    קטגוריה: הובלות, גדולות, בתים <br/>\r\n    שם: קובי בודק696 <br/>\r\n    טלפון: 054232323696 <br/>\r\n    אימייל: stam_mail@f.com <br/>\r\n    עיר: קיבוץ השומר <br/>\r\n    הערות\\בקשות: סתם פתק <br/>\r\n    <br/><br/>\r\n	<a href=\"http://usites.com/myleads/leads/auth/?token=9912b62ffc617f94592fc70effb0ced4\">לחץ כאן לצפייה במערכת הלידים</a> \r\n    \r\n\r\n    <div>\r\n    בברכה,<br/>\r\n    מערכת IL-BIZ<br/>\r\n    קידום עסקים באינטרנט<br/>\r\n</div>\r\n\r\n    <br/><br/>\r\n</div>\r\n', '[{\"hf\":\"00\",\"mf\":\"00\",\"ht\":\"00\",\"mt\":\"00\",\"d\":{\"1\":\"on\",\"4\":\"on\",\"5\":\"on\"}},{\"hf\":\"00\",\"mf\":\"00\",\"ht\":\"00\",\"mt\":\"00\",\"d\":{\"1\":\"on\",\"2\":\"on\",\"3\":\"on\",\"4\":\"on\",\"5\":\"on\"}}]', '2023-03-06'),
(62, 4, 50, 'ilan@g.com', 'בקשה להצעת מחיר באתר', '<div style=\"direction:rtl;\">\r\n\r\n	<h2>שלום ilan bossgadol.<br/></h2>\r\n	<h3>התקבלה בקשה להצעת מחיר מהאתר love.com</h3>\r\n	<br/><br/>\r\n	\r\n    קטגוריה: הובלות, גדולות, חדרים <br/>\r\n    שם: קובי בודק506 <br/>\r\n    טלפון: 054232323506 <br/>\r\n    אימייל: stam_mail@f.com <br/>\r\n    עיר: גליל <br/>\r\n    הערות\\בקשות: סתם פתק <br/>\r\n    <br/><br/>\r\n	<a href=\"http://usites.com/myleads/leads/auth/?token=43a389fbae56bd392c244465d390491f\">לחץ כאן לצפייה במערכת הלידים</a> \r\n    \r\n\r\n    <div>\r\n    בברכה,<br/>\r\n    מערכת IL-BIZ<br/>\r\n    קידום עסקים באינטרנט<br/>\r\n</div>\r\n\r\n    <br/><br/>\r\n</div>\r\n', '[{\"hf\":\"00\",\"mf\":\"00\",\"ht\":\"00\",\"mt\":\"00\",\"d\":{\"1\":\"on\",\"4\":\"on\",\"5\":\"on\"}},{\"hf\":\"00\",\"mf\":\"00\",\"ht\":\"00\",\"mt\":\"00\",\"d\":{\"1\":\"on\",\"2\":\"on\",\"3\":\"on\",\"4\":\"on\",\"5\":\"on\"}}]', '2023-03-06'),
(71, 4, 59, 'ilan@g.com', 'בקשה להצעת מחיר באתר', '<div style=\"direction:rtl;\">\r\n\r\n	<h2>שלום ilan bossgadol.<br/></h2>\r\n	<h3>התקבלה בקשה להצעת מחיר מהאתר love.com</h3>\r\n	<br/><br/>\r\n	\r\n    קטגוריה: הובלות, גדולות, חדרים <br/>\r\n    שם: קובי בודק378 <br/>\r\n    טלפון: 054232323378 <br/>\r\n    אימייל: stam_mail@f.com <br/>\r\n    עיר: קובקוביקו <br/>\r\n    הערות\\בקשות: סתם פתק <br/>\r\n    <br/><br/>\r\n	<a href=\"http://usites.com/myleads/leads/auth/?token=622d74f16a55a6cc651e0e354b86f951\">לחץ כאן לצפייה במערכת הלידים</a> \r\n    \r\n\r\n    <div>\r\n    בברכה,<br/>\r\n    מערכת IL-BIZ<br/>\r\n    קידום עסקים באינטרנט<br/>\r\n</div>\r\n\r\n    <br/><br/>\r\n</div>\r\n', '[{\"hf\":\"00\",\"mf\":\"00\",\"ht\":\"00\",\"mt\":\"00\",\"d\":{\"1\":\"on\",\"4\":\"on\",\"5\":\"on\"}},{\"hf\":\"00\",\"mf\":\"00\",\"ht\":\"00\",\"mt\":\"00\",\"d\":{\"1\":\"on\",\"2\":\"on\",\"3\":\"on\",\"4\":\"on\",\"5\":\"on\"}}]', '2023-03-06'),
(74, 4, 62, 'ilan@g.com', 'בקשה להצעת מחיר באתר', '<div style=\"direction:rtl;\">\r\n\r\n	<h2>שלום ilan bossgadol.<br/></h2>\r\n	<h3>התקבלה בקשה להצעת מחיר מהאתר love.com</h3>\r\n	<br/><br/>\r\n	\r\n    קטגוריה: הובלות, קטנות <br/>\r\n    שם: קובי בודק850 <br/>\r\n    טלפון: 054232323850 <br/>\r\n    אימייל: stam_mail@f.com <br/>\r\n    עיר: קובקוביקו <br/>\r\n    הערות\\בקשות: סתם פתק <br/>\r\n    <br/><br/>\r\n	<a href=\"http://usites.com/myleads/leads/auth/?token=757670362468bcd7c7862c893fcdab19\">לחץ כאן לצפייה במערכת הלידים</a> \r\n    \r\n\r\n    <div>\r\n    בברכה,<br/>\r\n    מערכת IL-BIZ<br/>\r\n    קידום עסקים באינטרנט<br/>\r\n</div>\r\n\r\n    <br/><br/>\r\n</div>\r\n', '[{\"hf\":\"00\",\"mf\":\"00\",\"ht\":\"00\",\"mt\":\"00\",\"d\":{\"1\":\"on\",\"4\":\"on\",\"5\":\"on\"}},{\"hf\":\"00\",\"mf\":\"00\",\"ht\":\"00\",\"mt\":\"00\",\"d\":{\"1\":\"on\",\"2\":\"on\",\"3\":\"on\",\"4\":\"on\",\"5\":\"on\"}}]', '2023-03-06'),
(77, 4, 65, 'ilan@g.com', 'בקשה להצעת מחיר באתר', '<div style=\"direction:rtl;\">\r\n\r\n	<h2>שלום ilan bossgadol.<br/></h2>\r\n	<h3>התקבלה בקשה להצעת מחיר מהאתר love.com</h3>\r\n	<br/><br/>\r\n	\r\n    קטגוריה: הובלות, גדולות, רכבים <br/>\r\n    שם: קובי בודק107 <br/>\r\n    טלפון: 054232323107 <br/>\r\n    אימייל: stam_mail@f.com <br/>\r\n    עיר: הדרום <br/>\r\n    הערות\\בקשות: סתם פתק <br/>\r\n    <br/><br/>\r\n	<a href=\"http://usites.com/myleads/leads/auth/?token=fcc2491338a6b8e3d6ceb191ffdaf3a4\">לחץ כאן לצפייה במערכת הלידים</a> \r\n    \r\n\r\n    <div>\r\n    בברכה,<br/>\r\n    מערכת IL-BIZ<br/>\r\n    קידום עסקים באינטרנט<br/>\r\n</div>\r\n\r\n    <br/><br/>\r\n</div>\r\n', '[{\"hf\":\"00\",\"mf\":\"00\",\"ht\":\"00\",\"mt\":\"00\",\"d\":{\"1\":\"on\",\"4\":\"on\",\"5\":\"on\"}},{\"hf\":\"00\",\"mf\":\"00\",\"ht\":\"00\",\"mt\":\"00\",\"d\":{\"1\":\"on\",\"2\":\"on\",\"3\":\"on\",\"4\":\"on\",\"5\":\"on\"}}]', '2023-03-06'),
(80, 4, 68, 'ilan@g.com', 'בקשה להצעת מחיר באתר', '<div style=\"direction:rtl;\">\r\n\r\n	<h2>שלום ilan bossgadol.<br/></h2>\r\n	<h3>התקבלה בקשה להצעת מחיר מהאתר love.com</h3>\r\n	<br/><br/>\r\n	\r\n    קטגוריה: הובלות, גדולות, בתים <br/>\r\n    שם: קובי בודק198 <br/>\r\n    טלפון: 054232323198 <br/>\r\n    אימייל: stam_mail@f.com <br/>\r\n    עיר: קיבוץ השומר <br/>\r\n    הערות\\בקשות: סתם פתק <br/>\r\n    <br/><br/>\r\n	<a href=\"http://usites.com/myleads/leads/auth/?token=29e1e8cb52738ff7ec587969decf8a76\">לחץ כאן לצפייה במערכת הלידים</a> \r\n    \r\n\r\n    <div>\r\n    בברכה,<br/>\r\n    מערכת IL-BIZ<br/>\r\n    קידום עסקים באינטרנט<br/>\r\n</div>\r\n\r\n    <br/><br/>\r\n</div>\r\n', '[{\"hf\":\"00\",\"mf\":\"00\",\"ht\":\"00\",\"mt\":\"00\",\"d\":{\"1\":\"on\",\"4\":\"on\",\"5\":\"on\"}},{\"hf\":\"00\",\"mf\":\"00\",\"ht\":\"00\",\"mt\":\"00\",\"d\":{\"1\":\"on\",\"2\":\"on\",\"3\":\"on\",\"4\":\"on\",\"5\":\"on\"}}]', '2023-03-06'),
(83, 4, 71, 'ilan@g.com', 'בקשה להצעת מחיר באתר', '<div style=\"direction:rtl;\">\r\n\r\n	<h2>שלום ilan bossgadol.<br/></h2>\r\n	<h3>התקבלה בקשה להצעת מחיר מהאתר love.com</h3>\r\n	<br/><br/>\r\n	\r\n    קטגוריה: הובלות, גדולות, חדרים <br/>\r\n    שם: קובי בודק130 <br/>\r\n    טלפון: 054232323130 <br/>\r\n    אימייל: stam_mail@f.com <br/>\r\n    עיר: הדרום <br/>\r\n    הערות\\בקשות: סתם פתק <br/>\r\n    <br/><br/>\r\n	<a href=\"http://usites.com/myleads/leads/auth/?token=ef6a83cdd586188a139e8809ae1450f6\">לחץ כאן לצפייה במערכת הלידים</a> \r\n    \r\n\r\n    <div>\r\n    בברכה,<br/>\r\n    מערכת IL-BIZ<br/>\r\n    קידום עסקים באינטרנט<br/>\r\n</div>\r\n\r\n    <br/><br/>\r\n</div>\r\n', '[{\"hf\":\"00\",\"mf\":\"00\",\"ht\":\"00\",\"mt\":\"00\",\"d\":{\"1\":\"on\",\"4\":\"on\",\"5\":\"on\"}},{\"hf\":\"00\",\"mf\":\"00\",\"ht\":\"00\",\"mt\":\"00\",\"d\":{\"1\":\"on\",\"2\":\"on\",\"3\":\"on\",\"4\":\"on\",\"5\":\"on\"}}]', '2023-03-06'),
(89, 4, 77, 'ilan@g.com', 'בקשה להצעת מחיר באתר', '<div style=\"direction:rtl;\">\r\n\r\n	<h2>שלום ilan bossgadol.<br/></h2>\r\n	<h3>התקבלה בקשה להצעת מחיר מהאתר love.com</h3>\r\n	<br/><br/>\r\n	\r\n    קטגוריה: הובלות, קטנות <br/>\r\n    שם: קובי בודק491 <br/>\r\n    טלפון: 054232323491 <br/>\r\n    אימייל: stam_mail@f.com <br/>\r\n    עיר: כל הארץ <br/>\r\n    הערות\\בקשות: סתם פתק <br/>\r\n    <br/><br/>\r\n	<a href=\"http://usites.com/myleads/leads/auth/?token=b9279102f6f8484ec509f2bfdd94228f\">לחץ כאן לצפייה במערכת הלידים</a> \r\n    \r\n\r\n    <div>\r\n    בברכה,<br/>\r\n    מערכת IL-BIZ<br/>\r\n    קידום עסקים באינטרנט<br/>\r\n</div>\r\n\r\n    <br/><br/>\r\n</div>\r\n', '[{\"hf\":\"00\",\"mf\":\"00\",\"ht\":\"00\",\"mt\":\"00\",\"d\":{\"1\":\"on\",\"4\":\"on\",\"5\":\"on\"}},{\"hf\":\"00\",\"mf\":\"00\",\"ht\":\"00\",\"mt\":\"00\",\"d\":{\"1\":\"on\",\"2\":\"on\",\"3\":\"on\",\"4\":\"on\",\"5\":\"on\"}}]', '2023-03-06'),
(95, 4, 83, 'ilan@g.com', 'בקשה להצעת מחיר באתר', '<div style=\"direction:rtl;\">\r\n\r\n	<h2>שלום ilan bossgadol.<br/></h2>\r\n	<h3>התקבלה בקשה להצעת מחיר מהאתר love.com</h3>\r\n	<br/><br/>\r\n	\r\n    קטגוריה: הובלות, גדולות, רכבים <br/>\r\n    שם: קובי בודק108 <br/>\r\n    טלפון: 054232323108 <br/>\r\n    אימייל: stam_mail@f.com <br/>\r\n    עיר: אבירים <br/>\r\n    הערות\\בקשות: סתם פתק <br/>\r\n    <br/><br/>\r\n	<a href=\"http://usites.com/myleads/leads/auth/?token=b4f7575f7088183f90acf9be807a339e\">לחץ כאן לצפייה במערכת הלידים</a> \r\n    \r\n\r\n    <div>\r\n    בברכה,<br/>\r\n    מערכת IL-BIZ<br/>\r\n    קידום עסקים באינטרנט<br/>\r\n</div>\r\n\r\n    <br/><br/>\r\n</div>\r\n', '[{\"hf\":\"00\",\"mf\":\"00\",\"ht\":\"00\",\"mt\":\"00\",\"d\":{\"1\":\"on\",\"4\":\"on\",\"5\":\"on\"}},{\"hf\":\"00\",\"mf\":\"00\",\"ht\":\"00\",\"mt\":\"00\",\"d\":{\"1\":\"on\",\"2\":\"on\",\"3\":\"on\",\"4\":\"on\",\"5\":\"on\"}}]', '2023-03-06'),
(102, 4, 90, 'ilan@g.com', 'בקשה להצעת מחיר באתר', '<div style=\"direction:rtl;\">\r\n\r\n	<h2>שלום ilan bossgadol.<br/></h2>\r\n	<h3>התקבלה בקשה להצעת מחיר מהאתר love.com</h3>\r\n	<br/><br/>\r\n	\r\n    קטגוריה: הובלות, גדולות, בתים <br/>\r\n    שם: קובי בודק581 <br/>\r\n    טלפון: 054232323581 <br/>\r\n    אימייל: stam_mail@f.com <br/>\r\n    עיר: הדרום <br/>\r\n    הערות\\בקשות: סתם פתק <br/>\r\n    <br/><br/>\r\n	<a href=\"http://usites.com/myleads/leads/auth/?token=c93c9e1f0b4b57e7b392180ecd984b9e\">לחץ כאן לצפייה במערכת הלידים</a> \r\n    \r\n\r\n    <div>\r\n    בברכה,<br/>\r\n    מערכת IL-BIZ<br/>\r\n    קידום עסקים באינטרנט<br/>\r\n</div>\r\n\r\n    <br/><br/>\r\n</div>\r\n', '[{\"hf\":\"00\",\"mf\":\"00\",\"ht\":\"00\",\"mt\":\"00\",\"d\":{\"1\":\"on\",\"4\":\"on\",\"5\":\"on\"}},{\"hf\":\"00\",\"mf\":\"00\",\"ht\":\"00\",\"mt\":\"00\",\"d\":{\"1\":\"on\",\"2\":\"on\",\"3\":\"on\",\"4\":\"on\",\"5\":\"on\"}}]', '2023-03-06'),
(105, 4, 93, 'ilan@g.com', 'בקשה להצעת מחיר באתר', '<div style=\"direction:rtl;\">\r\n\r\n	<h2>שלום ilan bossgadol.<br/></h2>\r\n	<h3>התקבלה בקשה להצעת מחיר מהאתר love.com</h3>\r\n	<br/><br/>\r\n	\r\n    קטגוריה: הובלות, גדולות, בתים <br/>\r\n    שם: קובי בודק202 <br/>\r\n    טלפון: 054232323202 <br/>\r\n    אימייל: stam_mail@f.com <br/>\r\n    עיר: הדרום <br/>\r\n    הערות\\בקשות: סתם פתק <br/>\r\n    <br/><br/>\r\n	<a href=\"http://usites.com/myleads/leads/auth/?token=60a8a65095f72fb490a40d7f82d74c05\">לחץ כאן לצפייה במערכת הלידים</a> \r\n    \r\n\r\n    <div>\r\n    בברכה,<br/>\r\n    מערכת IL-BIZ<br/>\r\n    קידום עסקים באינטרנט<br/>\r\n</div>\r\n\r\n    <br/><br/>\r\n</div>\r\n', '[{\"hf\":\"00\",\"mf\":\"00\",\"ht\":\"00\",\"mt\":\"00\",\"d\":{\"1\":\"on\",\"4\":\"on\",\"5\":\"on\"}},{\"hf\":\"00\",\"mf\":\"00\",\"ht\":\"00\",\"mt\":\"00\",\"d\":{\"1\":\"on\",\"2\":\"on\",\"3\":\"on\",\"4\":\"on\",\"5\":\"on\"}}]', '2023-03-06'),
(109, 4, 97, 'ilan@g.com', 'בקשה להצעת מחיר באתר', '<div style=\"direction:rtl;\">\r\n\r\n	<h2>שלום ilan bossgadol.<br/></h2>\r\n	<h3>התקבלה בקשה להצעת מחיר מהאתר love.com</h3>\r\n	<br/><br/>\r\n	\r\n    קטגוריה: הובלות, גדולות, רכבים <br/>\r\n    שם: קובי בודק503 <br/>\r\n    טלפון: 054232323503 <br/>\r\n    אימייל: stam_mail@f.com <br/>\r\n    עיר: נתניה <br/>\r\n    הערות\\בקשות: סתם פתק <br/>\r\n    <br/><br/>\r\n	<a href=\"http://usites.com/myleads/leads/auth/?token=00323860d8ca2cd3144fccddfd7396d7\">לחץ כאן לצפייה במערכת הלידים</a> \r\n    \r\n\r\n    <div>\r\n    בברכה,<br/>\r\n    מערכת IL-BIZ<br/>\r\n    קידום עסקים באינטרנט<br/>\r\n</div>\r\n\r\n    <br/><br/>\r\n</div>\r\n', '[{\"hf\":\"00\",\"mf\":\"00\",\"ht\":\"00\",\"mt\":\"00\",\"d\":{\"1\":\"on\",\"4\":\"on\",\"5\":\"on\"}},{\"hf\":\"00\",\"mf\":\"00\",\"ht\":\"00\",\"mt\":\"00\",\"d\":{\"1\":\"on\",\"2\":\"on\",\"3\":\"on\",\"4\":\"on\",\"5\":\"on\"}}]', '2023-03-06'),
(115, 4, 103, 'ilan@g.com', 'בקשה להצעת מחיר באתר', '<div style=\"direction:rtl;\">\r\n\r\n	<h2>שלום ilan bossgadol.<br/></h2>\r\n	<h3>התקבלה בקשה להצעת מחיר מהאתר love.com</h3>\r\n	<br/><br/>\r\n	\r\n    קטגוריה: הובלות, גדולות, חדרים <br/>\r\n    שם: קובי בודק387 <br/>\r\n    טלפון: 054232323387 <br/>\r\n    אימייל: stam_mail@f.com <br/>\r\n    עיר: השרון <br/>\r\n    הערות\\בקשות: סתם פתק <br/>\r\n    <br/><br/>\r\n	<a href=\"http://usites.com/myleads/leads/auth/?token=4e372364b35e5a8017a32f3d03ab4653\">לחץ כאן לצפייה במערכת הלידים</a> \r\n    \r\n\r\n    <div>\r\n    בברכה,<br/>\r\n    מערכת IL-BIZ<br/>\r\n    קידום עסקים באינטרנט<br/>\r\n</div>\r\n\r\n    <br/><br/>\r\n</div>\r\n', '[{\"hf\":\"00\",\"mf\":\"00\",\"ht\":\"00\",\"mt\":\"00\",\"d\":{\"1\":\"on\",\"4\":\"on\",\"5\":\"on\"}},{\"hf\":\"00\",\"mf\":\"00\",\"ht\":\"00\",\"mt\":\"00\",\"d\":{\"1\":\"on\",\"2\":\"on\",\"3\":\"on\",\"4\":\"on\",\"5\":\"on\"}}]', '2023-03-06'),
(121, 4, 109, 'ilan@g.com', 'בקשה להצעת מחיר באתר', '<div style=\"direction:rtl;\">\r\n\r\n	<h2>שלום ilan bossgadol.<br/></h2>\r\n	<h3>התקבלה בקשה להצעת מחיר מהאתר love.com</h3>\r\n	<br/><br/>\r\n	\r\n    קטגוריה: הובלות, גדולות, בתים <br/>\r\n    שם: קובי בודק574 <br/>\r\n    טלפון: 054232323574 <br/>\r\n    אימייל: stam_mail@f.com <br/>\r\n    עיר: תל אביב <br/>\r\n    הערות\\בקשות: סתם פתק <br/>\r\n    <br/><br/>\r\n	<a href=\"http://usites.com/myleads/leads/auth/?token=0bd198ba8eb9aed684366998c161846c\">לחץ כאן לצפייה במערכת הלידים</a> \r\n    \r\n\r\n    <div>\r\n    בברכה,<br/>\r\n    מערכת IL-BIZ<br/>\r\n    קידום עסקים באינטרנט<br/>\r\n</div>\r\n\r\n    <br/><br/>\r\n</div>\r\n', '[{\"hf\":\"00\",\"mf\":\"00\",\"ht\":\"00\",\"mt\":\"00\",\"d\":{\"1\":\"on\",\"4\":\"on\",\"5\":\"on\"}},{\"hf\":\"00\",\"mf\":\"00\",\"ht\":\"00\",\"mt\":\"00\",\"d\":{\"1\":\"on\",\"2\":\"on\",\"3\":\"on\",\"4\":\"on\",\"5\":\"on\"}}]', '2023-03-06'),
(125, 4, 113, 'ilan@g.com', 'בקשה להצעת מחיר באתר', '<div style=\"direction:rtl;\">\r\n\r\n	<h2>שלום ilan bossgadol.<br/></h2>\r\n	<h3>התקבלה בקשה להצעת מחיר מהאתר love.com</h3>\r\n	<br/><br/>\r\n	\r\n    קטגוריה: הובלות, גדולות, חדרים <br/>\r\n    שם: קובי בודק519 <br/>\r\n    טלפון: 054232323519 <br/>\r\n    אימייל: stam_mail@f.com <br/>\r\n    עיר: קובקוביקו <br/>\r\n    הערות\\בקשות: סתם פתק <br/>\r\n    <br/><br/>\r\n	<a href=\"http://usites.com/myleads/leads/auth/?token=91b19a189170262456feda2c7b9d618c\">לחץ כאן לצפייה במערכת הלידים</a> \r\n    \r\n\r\n    <div>\r\n    בברכה,<br/>\r\n    מערכת IL-BIZ<br/>\r\n    קידום עסקים באינטרנט<br/>\r\n</div>\r\n\r\n    <br/><br/>\r\n</div>\r\n', '[{\"hf\":\"00\",\"mf\":\"00\",\"ht\":\"00\",\"mt\":\"00\",\"d\":{\"1\":\"on\",\"4\":\"on\",\"5\":\"on\"}},{\"hf\":\"00\",\"mf\":\"00\",\"ht\":\"00\",\"mt\":\"00\",\"d\":{\"1\":\"on\",\"2\":\"on\",\"3\":\"on\",\"4\":\"on\",\"5\":\"on\"}}]', '2023-03-06'),
(128, 4, 116, 'ilan@g.com', 'בקשה להצעת מחיר באתר', '<div style=\"direction:rtl;\">\r\n\r\n	<h2>שלום ilan bossgadol.<br/></h2>\r\n	<h3>התקבלה בקשה להצעת מחיר מהאתר love.com</h3>\r\n	<br/><br/>\r\n	\r\n    קטגוריה: הובלות, קטנות <br/>\r\n    שם: קובי בודק140 <br/>\r\n    טלפון: 054232323140 <br/>\r\n    אימייל: stam_mail@f.com <br/>\r\n    עיר: קיבוץ השומר <br/>\r\n    הערות\\בקשות: סתם פתק <br/>\r\n    <br/><br/>\r\n	<a href=\"http://usites.com/myleads/leads/auth/?token=63d294bb1dfe6e499222f55f0fc6d52d\">לחץ כאן לצפייה במערכת הלידים</a> \r\n    \r\n\r\n    <div>\r\n    בברכה,<br/>\r\n    מערכת IL-BIZ<br/>\r\n    קידום עסקים באינטרנט<br/>\r\n</div>\r\n\r\n    <br/><br/>\r\n</div>\r\n', '[{\"hf\":\"00\",\"mf\":\"00\",\"ht\":\"00\",\"mt\":\"00\",\"d\":{\"1\":\"on\",\"4\":\"on\",\"5\":\"on\"}},{\"hf\":\"00\",\"mf\":\"00\",\"ht\":\"00\",\"mt\":\"00\",\"d\":{\"1\":\"on\",\"2\":\"on\",\"3\":\"on\",\"4\":\"on\",\"5\":\"on\"}}]', '2023-03-06'),
(135, 4, 123, 'ilan@g.com', 'בקשה להצעת מחיר באתר', '<div style=\"direction:rtl;\">\r\n\r\n	<h2>שלום ilan bossgadol.<br/></h2>\r\n	<h3>התקבלה בקשה להצעת מחיר מהאתר love.com</h3>\r\n	<br/><br/>\r\n	\r\n    קטגוריה: הובלות, קטנות <br/>\r\n    שם: קובי בודק890 <br/>\r\n    טלפון: 054232323890 <br/>\r\n    אימייל: stam_mail@f.com <br/>\r\n    עיר: קיבוץ השומר <br/>\r\n    הערות\\בקשות: סתם פתק <br/>\r\n    <br/><br/>\r\n	<a href=\"http://usites.com/myleads/leads/auth/?token=a5b5cfc50dcdc19ab36a02b74a9d6d64\">לחץ כאן לצפייה במערכת הלידים</a> \r\n    \r\n\r\n    <div>\r\n    בברכה,<br/>\r\n    מערכת IL-BIZ<br/>\r\n    קידום עסקים באינטרנט<br/>\r\n</div>\r\n\r\n    <br/><br/>\r\n</div>\r\n', '[{\"hf\":\"00\",\"mf\":\"00\",\"ht\":\"00\",\"mt\":\"00\",\"d\":{\"1\":\"on\",\"4\":\"on\",\"5\":\"on\"}},{\"hf\":\"00\",\"mf\":\"00\",\"ht\":\"00\",\"mt\":\"00\",\"d\":{\"1\":\"on\",\"2\":\"on\",\"3\":\"on\",\"4\":\"on\",\"5\":\"on\"}}]', '2023-03-06'),
(148, 4, 136, 'ilan@g.com', 'בקשה להצעת מחיר באתר', '<div style=\"direction:rtl;\">\r\n\r\n	<h2>שלום ilan bossgadol.<br/></h2>\r\n	<h3>התקבלה בקשה להצעת מחיר מהאתר love.com</h3>\r\n	<br/><br/>\r\n	\r\n    קטגוריה: הובלות, גדולות, רכבים <br/>\r\n    שם: קובי בודק608 <br/>\r\n    טלפון: 054232323608 <br/>\r\n    אימייל: stam_mail@f.com <br/>\r\n    עיר: קיבוץ השומר <br/>\r\n    הערות\\בקשות: סתם פתק <br/>\r\n    <br/><br/>\r\n	<a href=\"http://usites.com/myleads/leads/auth/?token=286b53cbcea89e4e5dd11a8a8661f154\">לחץ כאן לצפייה במערכת הלידים</a> \r\n    \r\n\r\n    <div>\r\n    בברכה,<br/>\r\n    מערכת IL-BIZ<br/>\r\n    קידום עסקים באינטרנט<br/>\r\n</div>\r\n\r\n    <br/><br/>\r\n</div>\r\n', '[{\"hf\":\"00\",\"mf\":\"00\",\"ht\":\"00\",\"mt\":\"00\",\"d\":{\"1\":\"on\",\"4\":\"on\",\"5\":\"on\"}},{\"hf\":\"00\",\"mf\":\"00\",\"ht\":\"00\",\"mt\":\"00\",\"d\":{\"1\":\"on\",\"2\":\"on\",\"3\":\"on\",\"4\":\"on\",\"5\":\"on\"}}]', '2023-03-06'),
(151, 4, 139, 'ilan@g.com', 'בקשה להצעת מחיר באתר', '<div style=\"direction:rtl;\">\r\n\r\n	<h2>שלום ilan bossgadol.<br/></h2>\r\n	<h3>התקבלה בקשה להצעת מחיר מהאתר love.com</h3>\r\n	<br/><br/>\r\n	\r\n    קטגוריה: הובלות, קטנות <br/>\r\n    שם: קובי בודק144 <br/>\r\n    טלפון: 054232323144 <br/>\r\n    אימייל: stam_mail@f.com <br/>\r\n    עיר: קיבוץ השומר <br/>\r\n    הערות\\בקשות: סתם פתק <br/>\r\n    <br/><br/>\r\n	<a href=\"http://usites.com/myleads/leads/auth/?token=902ade5f62c2388b5de4af648b0401d7\">לחץ כאן לצפייה במערכת הלידים</a> \r\n    \r\n\r\n    <div>\r\n    בברכה,<br/>\r\n    מערכת IL-BIZ<br/>\r\n    קידום עסקים באינטרנט<br/>\r\n</div>\r\n\r\n    <br/><br/>\r\n</div>\r\n', '[{\"hf\":\"00\",\"mf\":\"00\",\"ht\":\"00\",\"mt\":\"00\",\"d\":{\"1\":\"on\",\"4\":\"on\",\"5\":\"on\"}},{\"hf\":\"00\",\"mf\":\"00\",\"ht\":\"00\",\"mt\":\"00\",\"d\":{\"1\":\"on\",\"2\":\"on\",\"3\":\"on\",\"4\":\"on\",\"5\":\"on\"}}]', '2023-03-06'),
(154, 4, 142, 'ilan@g.com', 'בקשה להצעת מחיר באתר', '<div style=\"direction:rtl;\">\r\n\r\n	<h2>שלום ilan bossgadol.<br/></h2>\r\n	<h3>התקבלה בקשה להצעת מחיר מהאתר love.com</h3>\r\n	<br/><br/>\r\n	\r\n    קטגוריה: הובלות, גדולות, רכבים <br/>\r\n    שם: קובי בודק262 <br/>\r\n    טלפון: 054232323262 <br/>\r\n    אימייל: stam_mail@f.com <br/>\r\n    עיר: קיבוץ הגושרים <br/>\r\n    הערות\\בקשות: סתם פתק <br/>\r\n    <br/><br/>\r\n	<a href=\"http://usites.com/myleads/leads/auth/?token=0ab85adc20ae14f9c1c1921cd26b060b\">לחץ כאן לצפייה במערכת הלידים</a> \r\n    \r\n\r\n    <div>\r\n    בברכה,<br/>\r\n    מערכת IL-BIZ<br/>\r\n    קידום עסקים באינטרנט<br/>\r\n</div>\r\n\r\n    <br/><br/>\r\n</div>\r\n', '[{\"hf\":\"00\",\"mf\":\"00\",\"ht\":\"00\",\"mt\":\"00\",\"d\":{\"1\":\"on\",\"4\":\"on\",\"5\":\"on\"}},{\"hf\":\"00\",\"mf\":\"00\",\"ht\":\"00\",\"mt\":\"00\",\"d\":{\"1\":\"on\",\"2\":\"on\",\"3\":\"on\",\"4\":\"on\",\"5\":\"on\"}}]', '2023-03-06'),
(159, 4, 147, 'ilan@g.com', 'בקשה להצעת מחיר באתר', '<div style=\"direction:rtl;\">\r\n\r\n	<h2>שלום ilan bossgadol.<br/></h2>\r\n	<h3>התקבלה בקשה להצעת מחיר מהאתר love.com</h3>\r\n	<br/><br/>\r\n	\r\n    קטגוריה: הובלות, קטנות <br/>\r\n    שם: קובי בודק532 <br/>\r\n    טלפון: 054232323532 <br/>\r\n    אימייל: stam_mail@f.com <br/>\r\n    עיר: קובקוביקו <br/>\r\n    הערות\\בקשות: סתם פתק <br/>\r\n    <br/><br/>\r\n	<a href=\"http://usites.com/myleads/leads/auth/?token=873e2518b293e377c4acd25367a63a88\">לחץ כאן לצפייה במערכת הלידים</a> \r\n    \r\n\r\n    <div>\r\n    בברכה,<br/>\r\n    מערכת IL-BIZ<br/>\r\n    קידום עסקים באינטרנט<br/>\r\n</div>\r\n\r\n    <br/><br/>\r\n</div>\r\n', '[{\"hf\":\"00\",\"mf\":\"00\",\"ht\":\"00\",\"mt\":\"00\",\"d\":{\"1\":\"on\",\"4\":\"on\",\"5\":\"on\"}},{\"hf\":\"00\",\"mf\":\"00\",\"ht\":\"00\",\"mt\":\"00\",\"d\":{\"1\":\"on\",\"2\":\"on\",\"3\":\"on\",\"4\":\"on\",\"5\":\"on\"}}]', '2023-03-06'),
(162, 4, 150, 'ilan@g.com', 'בקשה להצעת מחיר באתר', '<div style=\"direction:rtl;\">\r\n\r\n	<h2>שלום ilan bossgadol.<br/></h2>\r\n	<h3>התקבלה בקשה להצעת מחיר מהאתר love.com</h3>\r\n	<br/><br/>\r\n	\r\n    קטגוריה: הובלות, גדולות, חדרים <br/>\r\n    שם: קובי בודק338 <br/>\r\n    טלפון: 054232323338 <br/>\r\n    אימייל: stam_mail@f.com <br/>\r\n    עיר: קריית שמונה <br/>\r\n    הערות\\בקשות: סתם פתק <br/>\r\n    <br/><br/>\r\n	<a href=\"http://usites.com/myleads/leads/auth/?token=9b39968a9871826dbb36e9e92ac9aa39\">לחץ כאן לצפייה במערכת הלידים</a> \r\n    \r\n\r\n    <div>\r\n    בברכה,<br/>\r\n    מערכת IL-BIZ<br/>\r\n    קידום עסקים באינטרנט<br/>\r\n</div>\r\n\r\n    <br/><br/>\r\n</div>\r\n', '[{\"hf\":\"00\",\"mf\":\"00\",\"ht\":\"00\",\"mt\":\"00\",\"d\":{\"1\":\"on\",\"4\":\"on\",\"5\":\"on\"}},{\"hf\":\"00\",\"mf\":\"00\",\"ht\":\"00\",\"mt\":\"00\",\"d\":{\"1\":\"on\",\"2\":\"on\",\"3\":\"on\",\"4\":\"on\",\"5\":\"on\"}}]', '2023-03-06'),
(166, 4, 154, 'ilan@g.com', 'בקשה להצעת מחיר באתר', '<div style=\"direction:rtl;\">\r\n\r\n	<h2>שלום ilan bossgadol.<br/></h2>\r\n	<h3>התקבלה בקשה להצעת מחיר מהאתר love.com</h3>\r\n	<br/><br/>\r\n	\r\n    קטגוריה: הובלות, גדולות, רכבים <br/>\r\n    שם: קובי בודק458 <br/>\r\n    טלפון: 054232323458 <br/>\r\n    אימייל: stam_mail@f.com <br/>\r\n    עיר: תל אביב <br/>\r\n    הערות\\בקשות: סתם פתק <br/>\r\n    <br/><br/>\r\n	<a href=\"http://usites.com/myleads/leads/auth/?token=41a0d985f7cf3618719587608d3eb975\">לחץ כאן לצפייה במערכת הלידים</a> \r\n    \r\n\r\n    <div>\r\n    בברכה,<br/>\r\n    מערכת IL-BIZ<br/>\r\n    קידום עסקים באינטרנט<br/>\r\n</div>\r\n\r\n    <br/><br/>\r\n</div>\r\n', '[{\"hf\":\"00\",\"mf\":\"00\",\"ht\":\"00\",\"mt\":\"00\",\"d\":{\"1\":\"on\",\"4\":\"on\",\"5\":\"on\"}},{\"hf\":\"00\",\"mf\":\"00\",\"ht\":\"00\",\"mt\":\"00\",\"d\":{\"1\":\"on\",\"2\":\"on\",\"3\":\"on\",\"4\":\"on\",\"5\":\"on\"}}]', '2023-03-06'),
(170, 4, 158, 'ilan@g.com', 'בקשה להצעת מחיר באתר', '<div style=\"direction:rtl;\">\r\n\r\n	<h2>שלום ilan bossgadol.<br/></h2>\r\n	<h3>התקבלה בקשה להצעת מחיר מהאתר love.com</h3>\r\n	<br/><br/>\r\n	\r\n    קטגוריה: הובלות, גדולות, חדרים <br/>\r\n    שם: קובי בודק314 <br/>\r\n    טלפון: 054232323314 <br/>\r\n    אימייל: stam_mail@f.com <br/>\r\n    עיר: השרון <br/>\r\n    הערות\\בקשות: סתם פתק <br/>\r\n    <br/><br/>\r\n	<a href=\"http://usites.com/myleads/leads/auth/?token=f0beae8aaafba5222d82e0d0860152c9\">לחץ כאן לצפייה במערכת הלידים</a> \r\n    \r\n\r\n    <div>\r\n    בברכה,<br/>\r\n    מערכת IL-BIZ<br/>\r\n    קידום עסקים באינטרנט<br/>\r\n</div>\r\n\r\n    <br/><br/>\r\n</div>\r\n', '[{\"hf\":\"00\",\"mf\":\"00\",\"ht\":\"00\",\"mt\":\"00\",\"d\":{\"1\":\"on\",\"4\":\"on\",\"5\":\"on\"}},{\"hf\":\"00\",\"mf\":\"00\",\"ht\":\"00\",\"mt\":\"00\",\"d\":{\"1\":\"on\",\"2\":\"on\",\"3\":\"on\",\"4\":\"on\",\"5\":\"on\"}}]', '2023-03-06'),
(173, 4, 161, 'ilan@g.com', 'בקשה להצעת מחיר באתר', '<div style=\"direction:rtl;\">\r\n\r\n	<h2>שלום ilan bossgadol.<br/></h2>\r\n	<h3>התקבלה בקשה להצעת מחיר מהאתר love.com</h3>\r\n	<br/><br/>\r\n	\r\n    קטגוריה: הובלות, גדולות, רכבים <br/>\r\n    שם: קובי בודק739 <br/>\r\n    טלפון: 054232323739 <br/>\r\n    אימייל: stam_mail@f.com <br/>\r\n    עיר: תל אביב <br/>\r\n    הערות\\בקשות: סתם פתק <br/>\r\n    <br/><br/>\r\n	<a href=\"http://usites.com/myleads/leads/auth/?token=e7d50928be80348ece97c4071630a816\">לחץ כאן לצפייה במערכת הלידים</a> \r\n    \r\n\r\n    <div>\r\n    בברכה,<br/>\r\n    מערכת IL-BIZ<br/>\r\n    קידום עסקים באינטרנט<br/>\r\n</div>\r\n\r\n    <br/><br/>\r\n</div>\r\n', '[{\"hf\":\"00\",\"mf\":\"00\",\"ht\":\"00\",\"mt\":\"00\",\"d\":{\"1\":\"on\",\"4\":\"on\",\"5\":\"on\"}},{\"hf\":\"00\",\"mf\":\"00\",\"ht\":\"00\",\"mt\":\"00\",\"d\":{\"1\":\"on\",\"2\":\"on\",\"3\":\"on\",\"4\":\"on\",\"5\":\"on\"}}]', '2023-03-06'),
(176, 4, 164, 'ilan@g.com', 'בקשה להצעת מחיר באתר', '<div style=\"direction:rtl;\">\r\n\r\n	<h2>שלום ilan bossgadol.<br/></h2>\r\n	<h3>התקבלה בקשה להצעת מחיר מהאתר love.com</h3>\r\n	<br/><br/>\r\n	\r\n    קטגוריה: הובלות, גדולות, חדרים <br/>\r\n    שם: קובי בודק345 <br/>\r\n    טלפון: 054232323345 <br/>\r\n    אימייל: stam_mail@f.com <br/>\r\n    עיר: קיבוץ השומר <br/>\r\n    הערות\\בקשות: סתם פתק <br/>\r\n    <br/><br/>\r\n	<a href=\"http://usites.com/myleads/leads/auth/?token=5d973e18ab6a3720927ffb66cd89b563\">לחץ כאן לצפייה במערכת הלידים</a> \r\n    \r\n\r\n    <div>\r\n    בברכה,<br/>\r\n    מערכת IL-BIZ<br/>\r\n    קידום עסקים באינטרנט<br/>\r\n</div>\r\n\r\n    <br/><br/>\r\n</div>\r\n', '[{\"hf\":\"00\",\"mf\":\"00\",\"ht\":\"00\",\"mt\":\"00\",\"d\":{\"1\":\"on\",\"4\":\"on\",\"5\":\"on\"}},{\"hf\":\"00\",\"mf\":\"00\",\"ht\":\"00\",\"mt\":\"00\",\"d\":{\"1\":\"on\",\"2\":\"on\",\"3\":\"on\",\"4\":\"on\",\"5\":\"on\"}}]', '2023-03-06'),
(183, 4, 171, 'ilan@g.com', 'בקשה להצעת מחיר באתר', '<div style=\"direction:rtl;\">\r\n\r\n	<h2>שלום ilan bossgadol.<br/></h2>\r\n	<h3>התקבלה בקשה להצעת מחיר מהאתר love.com</h3>\r\n	<br/><br/>\r\n	\r\n    קטגוריה: הובלות, גדולות, חדרים <br/>\r\n    שם: קובי בודק318 <br/>\r\n    טלפון: 054232323318 <br/>\r\n    אימייל: stam_mail@f.com <br/>\r\n    עיר: אבירים <br/>\r\n    הערות\\בקשות: סתם פתק <br/>\r\n    <br/><br/>\r\n	<a href=\"http://usites.com/myleads/leads/auth/?token=0c70a4a453a63f19d4da1d3f4d69a7fb\">לחץ כאן לצפייה במערכת הלידים</a> \r\n    \r\n\r\n    <div>\r\n    בברכה,<br/>\r\n    מערכת IL-BIZ<br/>\r\n    קידום עסקים באינטרנט<br/>\r\n</div>\r\n\r\n    <br/><br/>\r\n</div>\r\n', '[{\"hf\":\"00\",\"mf\":\"00\",\"ht\":\"00\",\"mt\":\"00\",\"d\":{\"1\":\"on\",\"4\":\"on\",\"5\":\"on\"}},{\"hf\":\"00\",\"mf\":\"00\",\"ht\":\"00\",\"mt\":\"00\",\"d\":{\"1\":\"on\",\"2\":\"on\",\"3\":\"on\",\"4\":\"on\",\"5\":\"on\"}}]', '2023-03-06'),
(186, 4, 174, 'ilan@g.com', 'בקשה להצעת מחיר באתר', '<div style=\"direction:rtl;\">\r\n\r\n	<h2>שלום ilan bossgadol.<br/></h2>\r\n	<h3>התקבלה בקשה להצעת מחיר מהאתר love.com</h3>\r\n	<br/><br/>\r\n	\r\n    קטגוריה: הובלות, גדולות, חדרים <br/>\r\n    שם: קובי בודק275 <br/>\r\n    טלפון: 054232323275 <br/>\r\n    אימייל: stam_mail@f.com <br/>\r\n    עיר: קריית שמונה <br/>\r\n    הערות\\בקשות: סתם פתק <br/>\r\n    <br/><br/>\r\n	<a href=\"http://usites.com/myleads/leads/auth/?token=a6eaf99673940cf8ce730720858ddf30\">לחץ כאן לצפייה במערכת הלידים</a> \r\n    \r\n\r\n    <div>\r\n    בברכה,<br/>\r\n    מערכת IL-BIZ<br/>\r\n    קידום עסקים באינטרנט<br/>\r\n</div>\r\n\r\n    <br/><br/>\r\n</div>\r\n', '[{\"hf\":\"00\",\"mf\":\"00\",\"ht\":\"00\",\"mt\":\"00\",\"d\":{\"1\":\"on\",\"4\":\"on\",\"5\":\"on\"}},{\"hf\":\"00\",\"mf\":\"00\",\"ht\":\"00\",\"mt\":\"00\",\"d\":{\"1\":\"on\",\"2\":\"on\",\"3\":\"on\",\"4\":\"on\",\"5\":\"on\"}}]', '2023-03-06'),
(192, 4, 180, 'ilan@g.com', 'בקשה להצעת מחיר באתר', '<div style=\"direction:rtl;\">\r\n\r\n	<h2>שלום ilan bossgadol.<br/></h2>\r\n	<h3>התקבלה בקשה להצעת מחיר מהאתר love.com</h3>\r\n	<br/><br/>\r\n	\r\n    קטגוריה: הובלות, גדולות, בתים <br/>\r\n    שם: קובי בודק303 <br/>\r\n    טלפון: 054232323303 <br/>\r\n    אימייל: stam_mail@f.com <br/>\r\n    עיר: אבירים <br/>\r\n    הערות\\בקשות: סתם פתק <br/>\r\n    <br/><br/>\r\n	<a href=\"http://usites.com/myleads/leads/auth/?token=c411022d29283e490e7b63f5a2f2bdc2\">לחץ כאן לצפייה במערכת הלידים</a> \r\n    \r\n\r\n    <div>\r\n    בברכה,<br/>\r\n    מערכת IL-BIZ<br/>\r\n    קידום עסקים באינטרנט<br/>\r\n</div>\r\n\r\n    <br/><br/>\r\n</div>\r\n', '[{\"hf\":\"00\",\"mf\":\"00\",\"ht\":\"00\",\"mt\":\"00\",\"d\":{\"1\":\"on\",\"4\":\"on\",\"5\":\"on\"}},{\"hf\":\"00\",\"mf\":\"00\",\"ht\":\"00\",\"mt\":\"00\",\"d\":{\"1\":\"on\",\"2\":\"on\",\"3\":\"on\",\"4\":\"on\",\"5\":\"on\"}}]', '2023-03-06'),
(195, 4, 183, 'ilan@g.com', 'בקשה להצעת מחיר באתר', '<div style=\"direction:rtl;\">\r\n\r\n	<h2>שלום ilan bossgadol.<br/></h2>\r\n	<h3>התקבלה בקשה להצעת מחיר מהאתר love.com</h3>\r\n	<br/><br/>\r\n	\r\n    קטגוריה: הובלות, קטנות <br/>\r\n    שם: קובי בודק729 <br/>\r\n    טלפון: 054232323729 <br/>\r\n    אימייל: stam_mail@f.com <br/>\r\n    עיר: השרון <br/>\r\n    הערות\\בקשות: סתם פתק <br/>\r\n    <br/><br/>\r\n	<a href=\"http://usites.com/myleads/leads/auth/?token=f42ece546d7e4688e8c24449fd56237b\">לחץ כאן לצפייה במערכת הלידים</a> \r\n    \r\n\r\n    <div>\r\n    בברכה,<br/>\r\n    מערכת IL-BIZ<br/>\r\n    קידום עסקים באינטרנט<br/>\r\n</div>\r\n\r\n    <br/><br/>\r\n</div>\r\n', '[{\"hf\":\"00\",\"mf\":\"00\",\"ht\":\"00\",\"mt\":\"00\",\"d\":{\"1\":\"on\",\"4\":\"on\",\"5\":\"on\"}},{\"hf\":\"00\",\"mf\":\"00\",\"ht\":\"00\",\"mt\":\"00\",\"d\":{\"1\":\"on\",\"2\":\"on\",\"3\":\"on\",\"4\":\"on\",\"5\":\"on\"}}]', '2023-03-06'),
(202, 4, 190, 'ilan@g.com', 'בקשה להצעת מחיר באתר', '<div style=\"direction:rtl;\">\r\n\r\n	<h2>שלום ilan bossgadol.<br/></h2>\r\n	<h3>התקבלה בקשה להצעת מחיר מהאתר love.com</h3>\r\n	<br/><br/>\r\n	\r\n    קטגוריה: הובלות, גדולות, בתים <br/>\r\n    שם: קובי בודק416 <br/>\r\n    טלפון: 054232323416 <br/>\r\n    אימייל: stam_mail@f.com <br/>\r\n    עיר: קריית שמונה <br/>\r\n    הערות\\בקשות: סתם פתק <br/>\r\n    <br/><br/>\r\n	<a href=\"http://usites.com/myleads/leads/auth/?token=22136b8b1d2753367b979a4103138474\">לחץ כאן לצפייה במערכת הלידים</a> \r\n    \r\n\r\n    <div>\r\n    בברכה,<br/>\r\n    מערכת IL-BIZ<br/>\r\n    קידום עסקים באינטרנט<br/>\r\n</div>\r\n\r\n    <br/><br/>\r\n</div>\r\n', '[{\"hf\":\"00\",\"mf\":\"00\",\"ht\":\"00\",\"mt\":\"00\",\"d\":{\"1\":\"on\",\"4\":\"on\",\"5\":\"on\"}},{\"hf\":\"00\",\"mf\":\"00\",\"ht\":\"00\",\"mt\":\"00\",\"d\":{\"1\":\"on\",\"2\":\"on\",\"3\":\"on\",\"4\":\"on\",\"5\":\"on\"}}]', '2023-03-06'),
(205, 4, 193, 'ilan@g.com', 'בקשה להצעת מחיר באתר', '<div style=\"direction:rtl;\">\r\n\r\n	<h2>שלום ilan bossgadol.<br/></h2>\r\n	<h3>התקבלה בקשה להצעת מחיר מהאתר love.com</h3>\r\n	<br/><br/>\r\n	\r\n    קטגוריה: הובלות, גדולות, רכבים <br/>\r\n    שם: קובי בודק884 <br/>\r\n    טלפון: 054232323884 <br/>\r\n    אימייל: stam_mail@f.com <br/>\r\n    עיר: קריית שמונה <br/>\r\n    הערות\\בקשות: סתם פתק <br/>\r\n    <br/><br/>\r\n	<a href=\"http://usites.com/myleads/leads/auth/?token=e7a54e6ce91576075ddbb9b4edb93e18\">לחץ כאן לצפייה במערכת הלידים</a> \r\n    \r\n\r\n    <div>\r\n    בברכה,<br/>\r\n    מערכת IL-BIZ<br/>\r\n    קידום עסקים באינטרנט<br/>\r\n</div>\r\n\r\n    <br/><br/>\r\n</div>\r\n', '[{\"hf\":\"00\",\"mf\":\"00\",\"ht\":\"00\",\"mt\":\"00\",\"d\":{\"1\":\"on\",\"4\":\"on\",\"5\":\"on\"}},{\"hf\":\"00\",\"mf\":\"00\",\"ht\":\"00\",\"mt\":\"00\",\"d\":{\"1\":\"on\",\"2\":\"on\",\"3\":\"on\",\"4\":\"on\",\"5\":\"on\"}}]', '2023-03-06'),
(208, 4, 196, 'ilan@g.com', 'בקשה להצעת מחיר באתר', '<div style=\"direction:rtl;\">\r\n\r\n	<h2>שלום ilan bossgadol.<br/></h2>\r\n	<h3>התקבלה בקשה להצעת מחיר מהאתר love.com</h3>\r\n	<br/><br/>\r\n	\r\n    קטגוריה: הובלות, קטנות <br/>\r\n    שם: קובי בודק239 <br/>\r\n    טלפון: 054232323239 <br/>\r\n    אימייל: stam_mail@f.com <br/>\r\n    עיר: נתיבות <br/>\r\n    הערות\\בקשות: סתם פתק <br/>\r\n    <br/><br/>\r\n	<a href=\"http://usites.com/myleads/leads/auth/?token=64a2ba3508a714a133bb94294f53d110\">לחץ כאן לצפייה במערכת הלידים</a> \r\n    \r\n\r\n    <div>\r\n    בברכה,<br/>\r\n    מערכת IL-BIZ<br/>\r\n    קידום עסקים באינטרנט<br/>\r\n</div>\r\n\r\n    <br/><br/>\r\n</div>\r\n', '[{\"hf\":\"00\",\"mf\":\"00\",\"ht\":\"00\",\"mt\":\"00\",\"d\":{\"1\":\"on\",\"4\":\"on\",\"5\":\"on\"}},{\"hf\":\"00\",\"mf\":\"00\",\"ht\":\"00\",\"mt\":\"00\",\"d\":{\"1\":\"on\",\"2\":\"on\",\"3\":\"on\",\"4\":\"on\",\"5\":\"on\"}}]', '2023-03-06'),
(211, 4, 199, 'ilan@g.com', 'בקשה להצעת מחיר באתר', '<div style=\"direction:rtl;\">\r\n\r\n	<h2>שלום ilan bossgadol.<br/></h2>\r\n	<h3>התקבלה בקשה להצעת מחיר מהאתר love.com</h3>\r\n	<br/><br/>\r\n	\r\n    קטגוריה: הובלות, קטנות <br/>\r\n    שם: קובי בודק119 <br/>\r\n    טלפון: 054232323119 <br/>\r\n    אימייל: stam_mail@f.com <br/>\r\n    עיר: גליל <br/>\r\n    הערות\\בקשות: סתם פתק <br/>\r\n    <br/><br/>\r\n	<a href=\"http://usites.com/myleads/leads/auth/?token=241c572360d7cfc993dd545dfbea5a3c\">לחץ כאן לצפייה במערכת הלידים</a> \r\n    \r\n\r\n    <div>\r\n    בברכה,<br/>\r\n    מערכת IL-BIZ<br/>\r\n    קידום עסקים באינטרנט<br/>\r\n</div>\r\n\r\n    <br/><br/>\r\n</div>\r\n', '[{\"hf\":\"00\",\"mf\":\"00\",\"ht\":\"00\",\"mt\":\"00\",\"d\":{\"1\":\"on\",\"4\":\"on\",\"5\":\"on\"}},{\"hf\":\"00\",\"mf\":\"00\",\"ht\":\"00\",\"mt\":\"00\",\"d\":{\"1\":\"on\",\"2\":\"on\",\"3\":\"on\",\"4\":\"on\",\"5\":\"on\"}}]', '2023-03-06'),
(219, 4, 207, 'ilan@g.com', 'בקשה להצעת מחיר באתר', '<div style=\"direction:rtl;\">\r\n\r\n	<h2>שלום ilan bossgadol.<br/></h2>\r\n	<h3>התקבלה בקשה להצעת מחיר מהאתר love.com</h3>\r\n	<br/><br/>\r\n	\r\n    קטגוריה: הובלות, גדולות, בתים <br/>\r\n    שם: קובי בודק871 <br/>\r\n    טלפון: 054232323871 <br/>\r\n    אימייל: stam_mail@f.com <br/>\r\n    עיר: קריית שמונה <br/>\r\n    הערות\\בקשות: סתם פתק <br/>\r\n    <br/><br/>\r\n	<a href=\"http://usites.com/myleads/leads/auth/?token=53ec36be74d1ef1ba3791c8ba3fe32ab\">לחץ כאן לצפייה במערכת הלידים</a> \r\n    \r\n\r\n    <div>\r\n    בברכה,<br/>\r\n    מערכת IL-BIZ<br/>\r\n    קידום עסקים באינטרנט<br/>\r\n</div>\r\n\r\n    <br/><br/>\r\n</div>\r\n', '[{\"hf\":\"00\",\"mf\":\"00\",\"ht\":\"00\",\"mt\":\"00\",\"d\":{\"1\":\"on\",\"4\":\"on\",\"5\":\"on\"}},{\"hf\":\"00\",\"mf\":\"00\",\"ht\":\"00\",\"mt\":\"00\",\"d\":{\"1\":\"on\",\"2\":\"on\",\"3\":\"on\",\"4\":\"on\",\"5\":\"on\"}}]', '2023-03-06'),
(222, 4, 210, 'ilan@g.com', 'בקשה להצעת מחיר באתר', '<div style=\"direction:rtl;\">\r\n\r\n	<h2>שלום ilan bossgadol.<br/></h2>\r\n	<h3>התקבלה בקשה להצעת מחיר מהאתר love.com</h3>\r\n	<br/><br/>\r\n	\r\n    קטגוריה: הובלות, קטנות <br/>\r\n    שם: קובי בודק497 <br/>\r\n    טלפון: 054232323497 <br/>\r\n    אימייל: stam_mail@f.com <br/>\r\n    עיר: קובקוביקו <br/>\r\n    הערות\\בקשות: סתם פתק <br/>\r\n    <br/><br/>\r\n	<a href=\"http://usites.com/myleads/leads/auth/?token=9d22eeda693e539c71eb988e5758a91f\">לחץ כאן לצפייה במערכת הלידים</a> \r\n    \r\n\r\n    <div>\r\n    בברכה,<br/>\r\n    מערכת IL-BIZ<br/>\r\n    קידום עסקים באינטרנט<br/>\r\n</div>\r\n\r\n    <br/><br/>\r\n</div>\r\n', '[{\"hf\":\"00\",\"mf\":\"00\",\"ht\":\"00\",\"mt\":\"00\",\"d\":{\"1\":\"on\",\"4\":\"on\",\"5\":\"on\"}},{\"hf\":\"00\",\"mf\":\"00\",\"ht\":\"00\",\"mt\":\"00\",\"d\":{\"1\":\"on\",\"2\":\"on\",\"3\":\"on\",\"4\":\"on\",\"5\":\"on\"}}]', '2023-03-06'),
(225, 4, 213, 'ilan@g.com', 'בקשה להצעת מחיר באתר', '<div style=\"direction:rtl;\">\r\n\r\n	<h2>שלום ilan bossgadol.<br/></h2>\r\n	<h3>התקבלה בקשה להצעת מחיר מהאתר love.com</h3>\r\n	<br/><br/>\r\n	\r\n    קטגוריה: הובלות, גדולות, בתים <br/>\r\n    שם: קובי בודק736 <br/>\r\n    טלפון: 054232323736 <br/>\r\n    אימייל: stam_mail@f.com <br/>\r\n    עיר: אופקים <br/>\r\n    הערות\\בקשות: סתם פתק <br/>\r\n    <br/><br/>\r\n	<a href=\"http://usites.com/myleads/leads/auth/?token=78774ddaf3e3cea1a744132946bba263\">לחץ כאן לצפייה במערכת הלידים</a> \r\n    \r\n\r\n    <div>\r\n    בברכה,<br/>\r\n    מערכת IL-BIZ<br/>\r\n    קידום עסקים באינטרנט<br/>\r\n</div>\r\n\r\n    <br/><br/>\r\n</div>\r\n', '[{\"hf\":\"00\",\"mf\":\"00\",\"ht\":\"00\",\"mt\":\"00\",\"d\":{\"1\":\"on\",\"4\":\"on\",\"5\":\"on\"}},{\"hf\":\"00\",\"mf\":\"00\",\"ht\":\"00\",\"mt\":\"00\",\"d\":{\"1\":\"on\",\"2\":\"on\",\"3\":\"on\",\"4\":\"on\",\"5\":\"on\"}}]', '2023-03-06'),
(228, 4, 216, 'ilan@g.com', 'בקשה להצעת מחיר באתר', '<div style=\"direction:rtl;\">\r\n\r\n	<h2>שלום ilan bossgadol.<br/></h2>\r\n	<h3>התקבלה בקשה להצעת מחיר מהאתר love.com</h3>\r\n	<br/><br/>\r\n	\r\n    קטגוריה: הובלות, גדולות, בתים <br/>\r\n    שם: קובי בודק106 <br/>\r\n    טלפון: 054232323106 <br/>\r\n    אימייל: stam_mail@f.com <br/>\r\n    עיר: הדרום <br/>\r\n    הערות\\בקשות: סתם פתק <br/>\r\n    <br/><br/>\r\n	<a href=\"http://usites.com/myleads/leads/auth/?token=dadd51ae93b199074017b3b8f50362a9\">לחץ כאן לצפייה במערכת הלידים</a> \r\n    \r\n\r\n    <div>\r\n    בברכה,<br/>\r\n    מערכת IL-BIZ<br/>\r\n    קידום עסקים באינטרנט<br/>\r\n</div>\r\n\r\n    <br/><br/>\r\n</div>\r\n', '[{\"hf\":\"00\",\"mf\":\"00\",\"ht\":\"00\",\"mt\":\"00\",\"d\":{\"1\":\"on\",\"4\":\"on\",\"5\":\"on\"}},{\"hf\":\"00\",\"mf\":\"00\",\"ht\":\"00\",\"mt\":\"00\",\"d\":{\"1\":\"on\",\"2\":\"on\",\"3\":\"on\",\"4\":\"on\",\"5\":\"on\"}}]', '2023-03-06'),
(231, 4, 219, 'ilan@g.com', 'בקשה להצעת מחיר באתר', '<div style=\"direction:rtl;\">\r\n\r\n	<h2>שלום ilan bossgadol.<br/></h2>\r\n	<h3>התקבלה בקשה להצעת מחיר מהאתר love.com</h3>\r\n	<br/><br/>\r\n	\r\n    קטגוריה: הובלות, קטנות <br/>\r\n    שם: קובי בודק778 <br/>\r\n    טלפון: 054232323778 <br/>\r\n    אימייל: stam_mail@f.com <br/>\r\n    עיר: אופקים <br/>\r\n    הערות\\בקשות: סתם פתק <br/>\r\n    <br/><br/>\r\n	<a href=\"http://usites.com/myleads/leads/auth/?token=4f27bc07fb4a8324bd32c1c77b1f8c6b\">לחץ כאן לצפייה במערכת הלידים</a> \r\n    \r\n\r\n    <div>\r\n    בברכה,<br/>\r\n    מערכת IL-BIZ<br/>\r\n    קידום עסקים באינטרנט<br/>\r\n</div>\r\n\r\n    <br/><br/>\r\n</div>\r\n', '[{\"hf\":\"00\",\"mf\":\"00\",\"ht\":\"00\",\"mt\":\"00\",\"d\":{\"1\":\"on\",\"4\":\"on\",\"5\":\"on\"}},{\"hf\":\"00\",\"mf\":\"00\",\"ht\":\"00\",\"mt\":\"00\",\"d\":{\"1\":\"on\",\"2\":\"on\",\"3\":\"on\",\"4\":\"on\",\"5\":\"on\"}}]', '2023-03-06'),
(235, 4, 223, 'ilan@g.com', 'בקשה להצעת מחיר באתר', '<div style=\"direction:rtl;\">\r\n\r\n	<h2>שלום ilan bossgadol.<br/></h2>\r\n	<h3>התקבלה בקשה להצעת מחיר מהאתר love.com</h3>\r\n	<br/><br/>\r\n	\r\n    קטגוריה: הובלות, גדולות, חדרים <br/>\r\n    שם: קובי בודק136 <br/>\r\n    טלפון: 054232323136 <br/>\r\n    אימייל: stam_mail@f.com <br/>\r\n    עיר: באר שבע <br/>\r\n    הערות\\בקשות: סתם פתק <br/>\r\n    <br/><br/>\r\n	<a href=\"http://usites.com/myleads/leads/auth/?token=1802cc0c578ec13d647dc9ad18fd3b75\">לחץ כאן לצפייה במערכת הלידים</a> \r\n    \r\n\r\n    <div>\r\n    בברכה,<br/>\r\n    מערכת IL-BIZ<br/>\r\n    קידום עסקים באינטרנט<br/>\r\n</div>\r\n\r\n    <br/><br/>\r\n</div>\r\n', '[{\"hf\":\"00\",\"mf\":\"00\",\"ht\":\"00\",\"mt\":\"00\",\"d\":{\"1\":\"on\",\"4\":\"on\",\"5\":\"on\"}},{\"hf\":\"00\",\"mf\":\"00\",\"ht\":\"00\",\"mt\":\"00\",\"d\":{\"1\":\"on\",\"2\":\"on\",\"3\":\"on\",\"4\":\"on\",\"5\":\"on\"}}]', '2023-03-06'),
(237, 4, 225, 'ilan@g.com', 'בקשה להצעת מחיר באתר', '<div style=\"direction:rtl;\">\r\n\r\n	<h2>שלום ilan bossgadol.<br/></h2>\r\n	<h3>התקבלה בקשה להצעת מחיר מהאתר love.com</h3>\r\n	<br/><br/>\r\n	\r\n    קטגוריה: הובלות, גדולות, בתים <br/>\r\n    שם: קובי בודק152 <br/>\r\n    טלפון: 054232323152 <br/>\r\n    אימייל: stam_mail@f.com <br/>\r\n    עיר: גליל <br/>\r\n    הערות\\בקשות: סתם פתק <br/>\r\n    <br/><br/>\r\n	<a href=\"http://usites.com/myleads/leads/auth/?token=eaab32d7d42ce93cfadfea59268a70b1\">לחץ כאן לצפייה במערכת הלידים</a> \r\n    \r\n\r\n    <div>\r\n    בברכה,<br/>\r\n    מערכת IL-BIZ<br/>\r\n    קידום עסקים באינטרנט<br/>\r\n</div>\r\n\r\n    <br/><br/>\r\n</div>\r\n', '[{\"hf\":\"00\",\"mf\":\"00\",\"ht\":\"00\",\"mt\":\"00\",\"d\":{\"1\":\"on\",\"4\":\"on\",\"5\":\"on\"}},{\"hf\":\"00\",\"mf\":\"00\",\"ht\":\"00\",\"mt\":\"00\",\"d\":{\"1\":\"on\",\"2\":\"on\",\"3\":\"on\",\"4\":\"on\",\"5\":\"on\"}}]', '2023-03-06'),
(241, 4, 229, 'ilan@g.com', 'בקשה להצעת מחיר באתר', '<div style=\"direction:rtl;\">\r\n\r\n	<h2>שלום ilan bossgadol.<br/></h2>\r\n	<h3>התקבלה בקשה להצעת מחיר מהאתר love.com</h3>\r\n	<br/><br/>\r\n	\r\n    קטגוריה: הובלות, גדולות, רכבים <br/>\r\n    שם: קובי בודק611 <br/>\r\n    טלפון: 054232323611 <br/>\r\n    אימייל: stam_mail@f.com <br/>\r\n    עיר: באר שבע <br/>\r\n    הערות\\בקשות: סתם פתק <br/>\r\n    <br/><br/>\r\n	<a href=\"http://usites.com/myleads/leads/auth/?token=d33e9a15d12ec93bb7d9944312ff3c1c\">לחץ כאן לצפייה במערכת הלידים</a> \r\n    \r\n\r\n    <div>\r\n    בברכה,<br/>\r\n    מערכת IL-BIZ<br/>\r\n    קידום עסקים באינטרנט<br/>\r\n</div>\r\n\r\n    <br/><br/>\r\n</div>\r\n', '[{\"hf\":\"00\",\"mf\":\"00\",\"ht\":\"00\",\"mt\":\"00\",\"d\":{\"1\":\"on\",\"4\":\"on\",\"5\":\"on\"}},{\"hf\":\"00\",\"mf\":\"00\",\"ht\":\"00\",\"mt\":\"00\",\"d\":{\"1\":\"on\",\"2\":\"on\",\"3\":\"on\",\"4\":\"on\",\"5\":\"on\"}}]', '2023-03-06'),
(248, 4, 236, 'ilan@g.com', 'בקשה להצעת מחיר באתר', '<div style=\"direction:rtl;\">\r\n\r\n	<h2>שלום ilan bossgadol.<br/></h2>\r\n	<h3>התקבלה בקשה להצעת מחיר מהאתר love.com</h3>\r\n	<br/><br/>\r\n	\r\n    קטגוריה: הובלות, גדולות, רכבים <br/>\r\n    שם: קובי בודק764 <br/>\r\n    טלפון: 054232323764 <br/>\r\n    אימייל: stam_mail@f.com <br/>\r\n    עיר: באר שבע <br/>\r\n    הערות\\בקשות: סתם פתק <br/>\r\n    <br/><br/>\r\n	<a href=\"http://usites.com/myleads/leads/auth/?token=02ffb3a8992dafcd850132ca8b06912a\">לחץ כאן לצפייה במערכת הלידים</a> \r\n    \r\n\r\n    <div>\r\n    בברכה,<br/>\r\n    מערכת IL-BIZ<br/>\r\n    קידום עסקים באינטרנט<br/>\r\n</div>\r\n\r\n    <br/><br/>\r\n</div>\r\n', '[{\"hf\":\"00\",\"mf\":\"00\",\"ht\":\"00\",\"mt\":\"00\",\"d\":{\"1\":\"on\",\"4\":\"on\",\"5\":\"on\"}},{\"hf\":\"00\",\"mf\":\"00\",\"ht\":\"00\",\"mt\":\"00\",\"d\":{\"1\":\"on\",\"2\":\"on\",\"3\":\"on\",\"4\":\"on\",\"5\":\"on\"}}]', '2023-03-06'),
(255, 4, 243, 'ilan@g.com', 'בקשה להצעת מחיר באתר', '<div style=\"direction:rtl;\">\r\n\r\n	<h2>שלום ilan bossgadol.<br/></h2>\r\n	<h3>התקבלה בקשה להצעת מחיר מהאתר love.com</h3>\r\n	<br/><br/>\r\n	\r\n    קטגוריה: הובלות, גדולות, בתים <br/>\r\n    שם: קובי בודק924 <br/>\r\n    טלפון: 054232323924 <br/>\r\n    אימייל: stam_mail@f.com <br/>\r\n    עיר: הדרום <br/>\r\n    הערות\\בקשות: סתם פתק <br/>\r\n    <br/><br/>\r\n	<a href=\"http://usites.com/myleads/leads/auth/?token=c0bceac6365a7caba2c44f9ca4588757\">לחץ כאן לצפייה במערכת הלידים</a> \r\n    \r\n\r\n    <div>\r\n    בברכה,<br/>\r\n    מערכת IL-BIZ<br/>\r\n    קידום עסקים באינטרנט<br/>\r\n</div>\r\n\r\n    <br/><br/>\r\n</div>\r\n', '[{\"hf\":\"00\",\"mf\":\"00\",\"ht\":\"00\",\"mt\":\"00\",\"d\":{\"1\":\"on\",\"4\":\"on\",\"5\":\"on\"}},{\"hf\":\"00\",\"mf\":\"00\",\"ht\":\"00\",\"mt\":\"00\",\"d\":{\"1\":\"on\",\"2\":\"on\",\"3\":\"on\",\"4\":\"on\",\"5\":\"on\"}}]', '2023-03-06'),
(258, 4, 246, 'ilan@g.com', 'בקשה להצעת מחיר באתר', '<div style=\"direction:rtl;\">\r\n\r\n	<h2>שלום ilan bossgadol.<br/></h2>\r\n	<h3>התקבלה בקשה להצעת מחיר מהאתר love.com</h3>\r\n	<br/><br/>\r\n	\r\n    קטגוריה: הובלות, גדולות, רכבים <br/>\r\n    שם: קובי בודק762 <br/>\r\n    טלפון: 054232323762 <br/>\r\n    אימייל: stam_mail@f.com <br/>\r\n    עיר: קיבוץ השומר <br/>\r\n    הערות\\בקשות: סתם פתק <br/>\r\n    <br/><br/>\r\n	<a href=\"http://usites.com/myleads/leads/auth/?token=ab8817d2cfdfc2773d2df8c9664976b7\">לחץ כאן לצפייה במערכת הלידים</a> \r\n    \r\n\r\n    <div>\r\n    בברכה,<br/>\r\n    מערכת IL-BIZ<br/>\r\n    קידום עסקים באינטרנט<br/>\r\n</div>\r\n\r\n    <br/><br/>\r\n</div>\r\n', '[{\"hf\":\"00\",\"mf\":\"00\",\"ht\":\"00\",\"mt\":\"00\",\"d\":{\"1\":\"on\",\"4\":\"on\",\"5\":\"on\"}},{\"hf\":\"00\",\"mf\":\"00\",\"ht\":\"00\",\"mt\":\"00\",\"d\":{\"1\":\"on\",\"2\":\"on\",\"3\":\"on\",\"4\":\"on\",\"5\":\"on\"}}]', '2023-03-06'),
(261, 4, 249, 'ilan@g.com', 'בקשה להצעת מחיר באתר', '<div style=\"direction:rtl;\">\r\n\r\n	<h2>שלום ilan bossgadol.<br/></h2>\r\n	<h3>התקבלה בקשה להצעת מחיר מהאתר love.com</h3>\r\n	<br/><br/>\r\n	\r\n    קטגוריה: הובלות, גדולות, בתים <br/>\r\n    שם: קובי בודק151 <br/>\r\n    טלפון: 054232323151 <br/>\r\n    אימייל: stam_mail@f.com <br/>\r\n    עיר: אופקים <br/>\r\n    הערות\\בקשות: סתם פתק <br/>\r\n    <br/><br/>\r\n	<a href=\"http://usites.com/myleads/leads/auth/?token=12119355210a7c6c97a263d18c9264fd\">לחץ כאן לצפייה במערכת הלידים</a> \r\n    \r\n\r\n    <div>\r\n    בברכה,<br/>\r\n    מערכת IL-BIZ<br/>\r\n    קידום עסקים באינטרנט<br/>\r\n</div>\r\n\r\n    <br/><br/>\r\n</div>\r\n', '[{\"hf\":\"00\",\"mf\":\"00\",\"ht\":\"00\",\"mt\":\"00\",\"d\":{\"1\":\"on\",\"4\":\"on\",\"5\":\"on\"}},{\"hf\":\"00\",\"mf\":\"00\",\"ht\":\"00\",\"mt\":\"00\",\"d\":{\"1\":\"on\",\"2\":\"on\",\"3\":\"on\",\"4\":\"on\",\"5\":\"on\"}}]', '2023-03-06'),
(264, 4, 252, 'ilan@g.com', 'בקשה להצעת מחיר באתר', '<div style=\"direction:rtl;\">\r\n\r\n	<h2>שלום ilan bossgadol.<br/></h2>\r\n	<h3>התקבלה בקשה להצעת מחיר מהאתר love.com</h3>\r\n	<br/><br/>\r\n	\r\n    קטגוריה: הובלות, גדולות, חדרים <br/>\r\n    שם: קובי בודק652 <br/>\r\n    טלפון: 054232323652 <br/>\r\n    אימייל: stam_mail@f.com <br/>\r\n    עיר: קובקוביקו <br/>\r\n    הערות\\בקשות: סתם פתק <br/>\r\n    <br/><br/>\r\n	<a href=\"http://usites.com/myleads/leads/auth/?token=49ff7659fc441d5dc745ff8bc395044a\">לחץ כאן לצפייה במערכת הלידים</a> \r\n    \r\n\r\n    <div>\r\n    בברכה,<br/>\r\n    מערכת IL-BIZ<br/>\r\n    קידום עסקים באינטרנט<br/>\r\n</div>\r\n\r\n    <br/><br/>\r\n</div>\r\n', '[{\"hf\":\"00\",\"mf\":\"00\",\"ht\":\"00\",\"mt\":\"00\",\"d\":{\"1\":\"on\",\"4\":\"on\",\"5\":\"on\"}},{\"hf\":\"00\",\"mf\":\"00\",\"ht\":\"00\",\"mt\":\"00\",\"d\":{\"1\":\"on\",\"2\":\"on\",\"3\":\"on\",\"4\":\"on\",\"5\":\"on\"}}]', '2023-03-06'),
(271, 4, 259, 'ilan@g.com', 'בקשה להצעת מחיר באתר', '<div style=\"direction:rtl;\">\r\n\r\n	<h2>שלום ilan bossgadol.<br/></h2>\r\n	<h3>התקבלה בקשה להצעת מחיר מהאתר love.com</h3>\r\n	<br/><br/>\r\n	\r\n    קטגוריה: הובלות, גדולות, חדרים <br/>\r\n    שם: קובי בודק719 <br/>\r\n    טלפון: 054232323719 <br/>\r\n    אימייל: stam_mail@f.com <br/>\r\n    עיר: כל הארץ <br/>\r\n    הערות\\בקשות: סתם פתק <br/>\r\n    <br/><br/>\r\n	<a href=\"http://usites.com/myleads/leads/auth/?token=73c54ef2117d7785d5c6298e525498b9\">לחץ כאן לצפייה במערכת הלידים</a> \r\n    \r\n\r\n    <div>\r\n    בברכה,<br/>\r\n    מערכת IL-BIZ<br/>\r\n    קידום עסקים באינטרנט<br/>\r\n</div>\r\n\r\n    <br/><br/>\r\n</div>\r\n', '[{\"hf\":\"00\",\"mf\":\"00\",\"ht\":\"00\",\"mt\":\"00\",\"d\":{\"1\":\"on\",\"4\":\"on\",\"5\":\"on\"}},{\"hf\":\"00\",\"mf\":\"00\",\"ht\":\"00\",\"mt\":\"00\",\"d\":{\"1\":\"on\",\"2\":\"on\",\"3\":\"on\",\"4\":\"on\",\"5\":\"on\"}}]', '2023-03-06'),
(274, 4, 262, 'ilan@g.com', 'בקשה להצעת מחיר באתר', '<div style=\"direction:rtl;\">\r\n\r\n	<h2>שלום ilan bossgadol.<br/></h2>\r\n	<h3>התקבלה בקשה להצעת מחיר מהאתר love.com</h3>\r\n	<br/><br/>\r\n	\r\n    קטגוריה: הובלות, גדולות, חדרים <br/>\r\n    שם: קובי בודק423 <br/>\r\n    טלפון: 054232323423 <br/>\r\n    אימייל: stam_mail@f.com <br/>\r\n    עיר: קיבוץ הגושרים <br/>\r\n    הערות\\בקשות: סתם פתק <br/>\r\n    <br/><br/>\r\n	<a href=\"http://usites.com/myleads/leads/auth/?token=279b0fd3fce8dee5cc6ebb406bc9446b\">לחץ כאן לצפייה במערכת הלידים</a> \r\n    \r\n\r\n    <div>\r\n    בברכה,<br/>\r\n    מערכת IL-BIZ<br/>\r\n    קידום עסקים באינטרנט<br/>\r\n</div>\r\n\r\n    <br/><br/>\r\n</div>\r\n', '[{\"hf\":\"00\",\"mf\":\"00\",\"ht\":\"00\",\"mt\":\"00\",\"d\":{\"1\":\"on\",\"4\":\"on\",\"5\":\"on\"}},{\"hf\":\"00\",\"mf\":\"00\",\"ht\":\"00\",\"mt\":\"00\",\"d\":{\"1\":\"on\",\"2\":\"on\",\"3\":\"on\",\"4\":\"on\",\"5\":\"on\"}}]', '2023-03-06'),
(277, 4, 265, 'ilan@g.com', 'בקשה להצעת מחיר באתר', '<div style=\"direction:rtl;\">\r\n\r\n	<h2>שלום ilan bossgadol.<br/></h2>\r\n	<h3>התקבלה בקשה להצעת מחיר מהאתר love.com</h3>\r\n	<br/><br/>\r\n	\r\n    קטגוריה: הובלות, גדולות, חדרים <br/>\r\n    שם: קובי בודק359 <br/>\r\n    טלפון: 054232323359 <br/>\r\n    אימייל: stam_mail@f.com <br/>\r\n    עיר: קובקוביקו <br/>\r\n    הערות\\בקשות: סתם פתק <br/>\r\n    <br/><br/>\r\n	<a href=\"http://usites.com/myleads/leads/auth/?token=30d5876407c1b27cdbfcf9bd8e83594e\">לחץ כאן לצפייה במערכת הלידים</a> \r\n    \r\n\r\n    <div>\r\n    בברכה,<br/>\r\n    מערכת IL-BIZ<br/>\r\n    קידום עסקים באינטרנט<br/>\r\n</div>\r\n\r\n    <br/><br/>\r\n</div>\r\n', '[{\"hf\":\"00\",\"mf\":\"00\",\"ht\":\"00\",\"mt\":\"00\",\"d\":{\"1\":\"on\",\"4\":\"on\",\"5\":\"on\"}},{\"hf\":\"00\",\"mf\":\"00\",\"ht\":\"00\",\"mt\":\"00\",\"d\":{\"1\":\"on\",\"2\":\"on\",\"3\":\"on\",\"4\":\"on\",\"5\":\"on\"}}]', '2023-03-06'),
(281, 4, 269, 'ilan@g.com', 'בקשה להצעת מחיר באתר', '<div style=\"direction:rtl;\">\r\n\r\n	<h2>שלום ilan bossgadol.<br/></h2>\r\n	<h3>התקבלה בקשה להצעת מחיר מהאתר love.com</h3>\r\n	<br/><br/>\r\n	\r\n    קטגוריה: הובלות, קטנות <br/>\r\n    שם: קובי בודק175 <br/>\r\n    טלפון: 054232323175 <br/>\r\n    אימייל: stam_mail@f.com <br/>\r\n    עיר: הדרום <br/>\r\n    הערות\\בקשות: סתם פתק <br/>\r\n    <br/><br/>\r\n	<a href=\"http://usites.com/myleads/leads/auth/?token=f17898822739416c857724114af3744b\">לחץ כאן לצפייה במערכת הלידים</a> \r\n    \r\n\r\n    <div>\r\n    בברכה,<br/>\r\n    מערכת IL-BIZ<br/>\r\n    קידום עסקים באינטרנט<br/>\r\n</div>\r\n\r\n    <br/><br/>\r\n</div>\r\n', '[{\"hf\":\"00\",\"mf\":\"00\",\"ht\":\"00\",\"mt\":\"00\",\"d\":{\"1\":\"on\",\"4\":\"on\",\"5\":\"on\"}},{\"hf\":\"00\",\"mf\":\"00\",\"ht\":\"00\",\"mt\":\"00\",\"d\":{\"1\":\"on\",\"2\":\"on\",\"3\":\"on\",\"4\":\"on\",\"5\":\"on\"}}]', '2023-03-06');
INSERT INTO `user_pending_emails` (`id`, `user_id`, `lead_id`, `email_to`, `title`, `content`, `send_times`, `created_date`) VALUES
(284, 4, 272, 'ilan@g.com', 'בקשה להצעת מחיר באתר', '<div style=\"direction:rtl;\">\r\n\r\n	<h2>שלום ilan bossgadol.<br/></h2>\r\n	<h3>התקבלה בקשה להצעת מחיר מהאתר love.com</h3>\r\n	<br/><br/>\r\n	\r\n    קטגוריה: הובלות, קטנות <br/>\r\n    שם: קובי בודק177 <br/>\r\n    טלפון: 054232323177 <br/>\r\n    אימייל: stam_mail@f.com <br/>\r\n    עיר: קריית שמונה <br/>\r\n    הערות\\בקשות: סתם פתק <br/>\r\n    <br/><br/>\r\n	<a href=\"http://usites.com/myleads/leads/auth/?token=4e1f5cf5791561d0f111e89623aaf12e\">לחץ כאן לצפייה במערכת הלידים</a> \r\n    \r\n\r\n    <div>\r\n    בברכה,<br/>\r\n    מערכת IL-BIZ<br/>\r\n    קידום עסקים באינטרנט<br/>\r\n</div>\r\n\r\n    <br/><br/>\r\n</div>\r\n', '[{\"hf\":\"00\",\"mf\":\"00\",\"ht\":\"00\",\"mt\":\"00\",\"d\":{\"1\":\"on\",\"4\":\"on\",\"5\":\"on\"}},{\"hf\":\"00\",\"mf\":\"00\",\"ht\":\"00\",\"mt\":\"00\",\"d\":{\"1\":\"on\",\"2\":\"on\",\"3\":\"on\",\"4\":\"on\",\"5\":\"on\"}}]', '2023-03-06'),
(299, 4, 287, 'ilan@g.com', 'בקשה להצעת מחיר באתר', '<div style=\"direction:rtl;\">\r\n\r\n	<h2>שלום ilan bossgadol.<br/></h2>\r\n	<h3>התקבלה בקשה להצעת מחיר מהאתר love.com</h3>\r\n	<br/><br/>\r\n	\r\n    קטגוריה: הובלות, גדולות, רכבים <br/>\r\n    שם: קובי בודק371 <br/>\r\n    טלפון: 054232323371 <br/>\r\n    אימייל: stam_mail@f.com <br/>\r\n    עיר: תל אביב <br/>\r\n    הערות\\בקשות: סתם פתק <br/>\r\n    <br/><br/>\r\n	<a href=\"http://usites.com/myleads/leads/auth/?token=74b5bea2e7bc99ee1e997f68ba7d00c0\">לחץ כאן לצפייה במערכת הלידים</a> \r\n    \r\n\r\n    <div>\r\n    בברכה,<br/>\r\n    מערכת IL-BIZ<br/>\r\n    קידום עסקים באינטרנט<br/>\r\n</div>\r\n\r\n    <br/><br/>\r\n</div>\r\n', '[{\"hf\":\"00\",\"mf\":\"00\",\"ht\":\"00\",\"mt\":\"00\",\"d\":{\"1\":\"on\",\"4\":\"on\",\"5\":\"on\"}},{\"hf\":\"00\",\"mf\":\"00\",\"ht\":\"00\",\"mt\":\"00\",\"d\":{\"1\":\"on\",\"2\":\"on\",\"3\":\"on\",\"4\":\"on\",\"5\":\"on\"}}]', '2023-03-06'),
(305, 4, 293, 'ilan@g.com', 'בקשה להצעת מחיר באתר', '<div style=\"direction:rtl;\">\r\n\r\n	<h2>שלום ilan bossgadol.<br/></h2>\r\n	<h3>התקבלה בקשה להצעת מחיר מהאתר love.com</h3>\r\n	<br/><br/>\r\n	\r\n    קטגוריה: הובלות, גדולות, חדרים <br/>\r\n    שם: קובי בודק878 <br/>\r\n    טלפון: 054232323878 <br/>\r\n    אימייל: stam_mail@f.com <br/>\r\n    עיר: נתיבות <br/>\r\n    הערות\\בקשות: סתם פתק <br/>\r\n    <br/><br/>\r\n	<a href=\"http://usites.com/myleads/leads/auth/?token=39f506a9b42a95117031e05a5b41f286\">לחץ כאן לצפייה במערכת הלידים</a> \r\n    \r\n\r\n    <div>\r\n    בברכה,<br/>\r\n    מערכת IL-BIZ<br/>\r\n    קידום עסקים באינטרנט<br/>\r\n</div>\r\n\r\n    <br/><br/>\r\n</div>\r\n', '[{\"hf\":\"00\",\"mf\":\"00\",\"ht\":\"00\",\"mt\":\"00\",\"d\":{\"1\":\"on\",\"4\":\"on\",\"5\":\"on\"}},{\"hf\":\"00\",\"mf\":\"00\",\"ht\":\"00\",\"mt\":\"00\",\"d\":{\"1\":\"on\",\"2\":\"on\",\"3\":\"on\",\"4\":\"on\",\"5\":\"on\"}}]', '2023-03-06'),
(311, 4, 299, 'ilan@g.com', 'בקשה להצעת מחיר באתר', '<div style=\"direction:rtl;\">\r\n\r\n	<h2>שלום ilan bossgadol.<br/></h2>\r\n	<h3>התקבלה בקשה להצעת מחיר מהאתר love.com</h3>\r\n	<br/><br/>\r\n	\r\n    קטגוריה: הובלות, קטנות <br/>\r\n    שם: קובי בודק865 <br/>\r\n    טלפון: 054232323865 <br/>\r\n    אימייל: stam_mail@f.com <br/>\r\n    עיר: נתיבות <br/>\r\n    הערות\\בקשות: סתם פתק <br/>\r\n    <br/><br/>\r\n	<a href=\"http://usites.com/myleads/leads/auth/?token=e51f34ebeaaa36dca1185b64464a0fb3\">לחץ כאן לצפייה במערכת הלידים</a> \r\n    \r\n\r\n    <div>\r\n    בברכה,<br/>\r\n    מערכת IL-BIZ<br/>\r\n    קידום עסקים באינטרנט<br/>\r\n</div>\r\n\r\n    <br/><br/>\r\n</div>\r\n', '[{\"hf\":\"00\",\"mf\":\"00\",\"ht\":\"00\",\"mt\":\"00\",\"d\":{\"1\":\"on\",\"4\":\"on\",\"5\":\"on\"}},{\"hf\":\"00\",\"mf\":\"00\",\"ht\":\"00\",\"mt\":\"00\",\"d\":{\"1\":\"on\",\"2\":\"on\",\"3\":\"on\",\"4\":\"on\",\"5\":\"on\"}}]', '2023-03-06'),
(320, 4, 308, 'ilan@g.com', 'בקשה להצעת מחיר באתר', '<div style=\"direction:rtl;\">\r\n\r\n	<h2>שלום ilan bossgadol.<br/></h2>\r\n	<h3>התקבלה בקשה להצעת מחיר מהאתר love.com</h3>\r\n	<br/><br/>\r\n	\r\n    קטגוריה: הובלות, גדולות, חדרים <br/>\r\n    שם: קובי בודק357 <br/>\r\n    טלפון: 054232323357 <br/>\r\n    אימייל: stam_mail@f.com <br/>\r\n    עיר: אבירים <br/>\r\n    הערות\\בקשות: סתם פתק <br/>\r\n    <br/><br/>\r\n	<a href=\"http://usites.com/myleads/leads/auth/?token=ceae9188ec509ec196848f177b00a2e6\">לחץ כאן לצפייה במערכת הלידים</a> \r\n    \r\n\r\n    <div>\r\n    בברכה,<br/>\r\n    מערכת IL-BIZ<br/>\r\n    קידום עסקים באינטרנט<br/>\r\n</div>\r\n\r\n    <br/><br/>\r\n</div>\r\n', '[{\"hf\":\"00\",\"mf\":\"00\",\"ht\":\"00\",\"mt\":\"00\",\"d\":{\"1\":\"on\",\"4\":\"on\",\"5\":\"on\"}},{\"hf\":\"00\",\"mf\":\"00\",\"ht\":\"00\",\"mt\":\"00\",\"d\":{\"1\":\"on\",\"2\":\"on\",\"3\":\"on\",\"4\":\"on\",\"5\":\"on\"}}]', '2023-03-06'),
(323, 4, 311, 'ilan@g.com', 'בקשה להצעת מחיר באתר', '<div style=\"direction:rtl;\">\r\n\r\n	<h2>שלום ilan bossgadol.<br/></h2>\r\n	<h3>התקבלה בקשה להצעת מחיר מהאתר love.com</h3>\r\n	<br/><br/>\r\n	\r\n    קטגוריה: הובלות, גדולות, רכבים <br/>\r\n    שם: קובי בודק548 <br/>\r\n    טלפון: 054232323548 <br/>\r\n    אימייל: stam_mail@f.com <br/>\r\n    עיר: באר שבע <br/>\r\n    הערות\\בקשות: סתם פתק <br/>\r\n    <br/><br/>\r\n	<a href=\"http://usites.com/myleads/leads/auth/?token=2f367528fec439f4bf02d804ee0a1606\">לחץ כאן לצפייה במערכת הלידים</a> \r\n    \r\n\r\n    <div>\r\n    בברכה,<br/>\r\n    מערכת IL-BIZ<br/>\r\n    קידום עסקים באינטרנט<br/>\r\n</div>\r\n\r\n    <br/><br/>\r\n</div>\r\n', '[{\"hf\":\"00\",\"mf\":\"00\",\"ht\":\"00\",\"mt\":\"00\",\"d\":{\"1\":\"on\",\"4\":\"on\",\"5\":\"on\"}},{\"hf\":\"00\",\"mf\":\"00\",\"ht\":\"00\",\"mt\":\"00\",\"d\":{\"1\":\"on\",\"2\":\"on\",\"3\":\"on\",\"4\":\"on\",\"5\":\"on\"}}]', '2023-03-06'),
(330, 4, 318, 'ilan@g.com', 'בקשה להצעת מחיר באתר', '<div style=\"direction:rtl;\">\r\n\r\n	<h2>שלום ilan bossgadol.<br/></h2>\r\n	<h3>התקבלה בקשה להצעת מחיר מהאתר love.com</h3>\r\n	<br/><br/>\r\n	\r\n    קטגוריה: הובלות, קטנות <br/>\r\n    שם: קובי בודק157 <br/>\r\n    טלפון: 054232323157 <br/>\r\n    אימייל: stam_mail@f.com <br/>\r\n    עיר: השרון <br/>\r\n    הערות\\בקשות: סתם פתק <br/>\r\n    <br/><br/>\r\n	<a href=\"http://usites.com/myleads/leads/auth/?token=f210749f1e4ca5062dfff350c1b5b86c\">לחץ כאן לצפייה במערכת הלידים</a> \r\n    \r\n\r\n    <div>\r\n    בברכה,<br/>\r\n    מערכת IL-BIZ<br/>\r\n    קידום עסקים באינטרנט<br/>\r\n</div>\r\n\r\n    <br/><br/>\r\n</div>\r\n', '[{\"hf\":\"00\",\"mf\":\"00\",\"ht\":\"00\",\"mt\":\"00\",\"d\":{\"1\":\"on\",\"4\":\"on\",\"5\":\"on\"}},{\"hf\":\"00\",\"mf\":\"00\",\"ht\":\"00\",\"mt\":\"00\",\"d\":{\"1\":\"on\",\"2\":\"on\",\"3\":\"on\",\"4\":\"on\",\"5\":\"on\"}}]', '2023-03-06'),
(333, 4, 321, 'ilan@g.com', 'בקשה להצעת מחיר באתר', '<div style=\"direction:rtl;\">\r\n\r\n	<h2>שלום ilan bossgadol.<br/></h2>\r\n	<h3>התקבלה בקשה להצעת מחיר מהאתר love.com</h3>\r\n	<br/><br/>\r\n	\r\n    קטגוריה: הובלות, גדולות, רכבים <br/>\r\n    שם: קובי בודק391 <br/>\r\n    טלפון: 054232323391 <br/>\r\n    אימייל: stam_mail@f.com <br/>\r\n    עיר: כל הארץ <br/>\r\n    הערות\\בקשות: סתם פתק <br/>\r\n    <br/><br/>\r\n	<a href=\"http://usites.com/myleads/leads/auth/?token=dff620acf1d891bc834e6103eb839569\">לחץ כאן לצפייה במערכת הלידים</a> \r\n    \r\n\r\n    <div>\r\n    בברכה,<br/>\r\n    מערכת IL-BIZ<br/>\r\n    קידום עסקים באינטרנט<br/>\r\n</div>\r\n\r\n    <br/><br/>\r\n</div>\r\n', '[{\"hf\":\"00\",\"mf\":\"00\",\"ht\":\"00\",\"mt\":\"00\",\"d\":{\"1\":\"on\",\"4\":\"on\",\"5\":\"on\"}},{\"hf\":\"00\",\"mf\":\"00\",\"ht\":\"00\",\"mt\":\"00\",\"d\":{\"1\":\"on\",\"2\":\"on\",\"3\":\"on\",\"4\":\"on\",\"5\":\"on\"}}]', '2023-03-06'),
(337, 4, 325, 'ilan@g.com', 'בקשה להצעת מחיר באתר', '<div style=\"direction:rtl;\">\r\n\r\n	<h2>שלום ilan bossgadol.<br/></h2>\r\n	<h3>התקבלה בקשה להצעת מחיר מהאתר love.com</h3>\r\n	<br/><br/>\r\n	\r\n    קטגוריה: הובלות, גדולות, בתים <br/>\r\n    שם: קובי בודק692 <br/>\r\n    טלפון: 054232323692 <br/>\r\n    אימייל: stam_mail@f.com <br/>\r\n    עיר: קובקוביקו <br/>\r\n    הערות\\בקשות: סתם פתק <br/>\r\n    <br/><br/>\r\n	<a href=\"http://usites.com/myleads/leads/auth/?token=ebe39d04dcf6157981fd15012e045efe\">לחץ כאן לצפייה במערכת הלידים</a> \r\n    \r\n\r\n    <div>\r\n    בברכה,<br/>\r\n    מערכת IL-BIZ<br/>\r\n    קידום עסקים באינטרנט<br/>\r\n</div>\r\n\r\n    <br/><br/>\r\n</div>\r\n', '[{\"hf\":\"00\",\"mf\":\"00\",\"ht\":\"00\",\"mt\":\"00\",\"d\":{\"1\":\"on\",\"4\":\"on\",\"5\":\"on\"}},{\"hf\":\"00\",\"mf\":\"00\",\"ht\":\"00\",\"mt\":\"00\",\"d\":{\"1\":\"on\",\"2\":\"on\",\"3\":\"on\",\"4\":\"on\",\"5\":\"on\"}}]', '2023-03-06'),
(348, 4, 336, 'ilan@g.com', 'בקשה להצעת מחיר באתר', '<div style=\"direction:rtl;\">\r\n\r\n	<h2>שלום ilan bossgadol.<br/></h2>\r\n	<h3>התקבלה בקשה להצעת מחיר מהאתר love.com</h3>\r\n	<br/><br/>\r\n	\r\n    קטגוריה: הובלות, גדולות, בתים <br/>\r\n    שם: קובי בודק913 <br/>\r\n    טלפון: 054232323913 <br/>\r\n    אימייל: stam_mail@f.com <br/>\r\n    עיר: קריית שמונה <br/>\r\n    הערות\\בקשות: סתם פתק <br/>\r\n    <br/><br/>\r\n	<a href=\"http://usites.com/myleads/leads/auth/?token=93d44bc5d5184353d3bbb6b81382858c\">לחץ כאן לצפייה במערכת הלידים</a> \r\n    \r\n\r\n    <div>\r\n    בברכה,<br/>\r\n    מערכת IL-BIZ<br/>\r\n    קידום עסקים באינטרנט<br/>\r\n</div>\r\n\r\n    <br/><br/>\r\n</div>\r\n', '[{\"hf\":\"00\",\"mf\":\"00\",\"ht\":\"00\",\"mt\":\"00\",\"d\":{\"1\":\"on\",\"4\":\"on\",\"5\":\"on\"}},{\"hf\":\"00\",\"mf\":\"00\",\"ht\":\"00\",\"mt\":\"00\",\"d\":{\"1\":\"on\",\"2\":\"on\",\"3\":\"on\",\"4\":\"on\",\"5\":\"on\"}}]', '2023-03-06'),
(351, 4, 339, 'ilan@g.com', 'בקשה להצעת מחיר באתר', '<div style=\"direction:rtl;\">\r\n\r\n	<h2>שלום ilan bossgadol.<br/></h2>\r\n	<h3>התקבלה בקשה להצעת מחיר מהאתר love.com</h3>\r\n	<br/><br/>\r\n	\r\n    קטגוריה: הובלות, גדולות, חדרים <br/>\r\n    שם: קובי בודק252 <br/>\r\n    טלפון: 054232323252 <br/>\r\n    אימייל: stam_mail@f.com <br/>\r\n    עיר: תל אביב <br/>\r\n    הערות\\בקשות: סתם פתק <br/>\r\n    <br/><br/>\r\n	<a href=\"http://usites.com/myleads/leads/auth/?token=505858cd1f4a239b561ce50b9850d772\">לחץ כאן לצפייה במערכת הלידים</a> \r\n    \r\n\r\n    <div>\r\n    בברכה,<br/>\r\n    מערכת IL-BIZ<br/>\r\n    קידום עסקים באינטרנט<br/>\r\n</div>\r\n\r\n    <br/><br/>\r\n</div>\r\n', '[{\"hf\":\"00\",\"mf\":\"00\",\"ht\":\"00\",\"mt\":\"00\",\"d\":{\"1\":\"on\",\"4\":\"on\",\"5\":\"on\"}},{\"hf\":\"00\",\"mf\":\"00\",\"ht\":\"00\",\"mt\":\"00\",\"d\":{\"1\":\"on\",\"2\":\"on\",\"3\":\"on\",\"4\":\"on\",\"5\":\"on\"}}]', '2023-03-06'),
(354, 4, 342, 'ilan@g.com', 'בקשה להצעת מחיר באתר', '<div style=\"direction:rtl;\">\r\n\r\n	<h2>שלום ilan bossgadol.<br/></h2>\r\n	<h3>התקבלה בקשה להצעת מחיר מהאתר love.com</h3>\r\n	<br/><br/>\r\n	\r\n    קטגוריה: הובלות, גדולות, בתים <br/>\r\n    שם: קובי בודק445 <br/>\r\n    טלפון: 054232323445 <br/>\r\n    אימייל: stam_mail@f.com <br/>\r\n    עיר: הדרום <br/>\r\n    הערות\\בקשות: סתם פתק <br/>\r\n    <br/><br/>\r\n	<a href=\"http://usites.com/myleads/leads/auth/?token=6739d911eac9f91b8c0a798bb4dd1ad3\">לחץ כאן לצפייה במערכת הלידים</a> \r\n    \r\n\r\n    <div>\r\n    בברכה,<br/>\r\n    מערכת IL-BIZ<br/>\r\n    קידום עסקים באינטרנט<br/>\r\n</div>\r\n\r\n    <br/><br/>\r\n</div>\r\n', '[{\"hf\":\"00\",\"mf\":\"00\",\"ht\":\"00\",\"mt\":\"00\",\"d\":{\"1\":\"on\",\"4\":\"on\",\"5\":\"on\"}},{\"hf\":\"00\",\"mf\":\"00\",\"ht\":\"00\",\"mt\":\"00\",\"d\":{\"1\":\"on\",\"2\":\"on\",\"3\":\"on\",\"4\":\"on\",\"5\":\"on\"}}]', '2023-03-06'),
(357, 4, 345, 'ilan@g.com', 'בקשה להצעת מחיר באתר', '<div style=\"direction:rtl;\">\r\n\r\n	<h2>שלום ilan bossgadol.<br/></h2>\r\n	<h3>התקבלה בקשה להצעת מחיר מהאתר love.com</h3>\r\n	<br/><br/>\r\n	\r\n    קטגוריה: הובלות, קטנות <br/>\r\n    שם: קובי בודק671 <br/>\r\n    טלפון: 054232323671 <br/>\r\n    אימייל: stam_mail@f.com <br/>\r\n    עיר: נתיבות <br/>\r\n    הערות\\בקשות: סתם פתק <br/>\r\n    <br/><br/>\r\n	<a href=\"http://usites.com/myleads/leads/auth/?token=820cf1fd9781610f16e3660e17fec41e\">לחץ כאן לצפייה במערכת הלידים</a> \r\n    \r\n\r\n    <div>\r\n    בברכה,<br/>\r\n    מערכת IL-BIZ<br/>\r\n    קידום עסקים באינטרנט<br/>\r\n</div>\r\n\r\n    <br/><br/>\r\n</div>\r\n', '[{\"hf\":\"00\",\"mf\":\"00\",\"ht\":\"00\",\"mt\":\"00\",\"d\":{\"1\":\"on\",\"4\":\"on\",\"5\":\"on\"}},{\"hf\":\"00\",\"mf\":\"00\",\"ht\":\"00\",\"mt\":\"00\",\"d\":{\"1\":\"on\",\"2\":\"on\",\"3\":\"on\",\"4\":\"on\",\"5\":\"on\"}}]', '2023-03-06'),
(364, 4, 352, 'ilan@g.com', 'בקשה להצעת מחיר באתר', '<div style=\"direction:rtl;\">\r\n\r\n	<h2>שלום ilan bossgadol.<br/></h2>\r\n	<h3>התקבלה בקשה להצעת מחיר מהאתר love.com</h3>\r\n	<br/><br/>\r\n	\r\n    קטגוריה: הובלות, גדולות, בתים <br/>\r\n    שם: קובי בודק665 <br/>\r\n    טלפון: 054232323665 <br/>\r\n    אימייל: stam_mail@f.com <br/>\r\n    עיר: כל הארץ <br/>\r\n    הערות\\בקשות: סתם פתק <br/>\r\n    <br/><br/>\r\n	<a href=\"http://usites.com/myleads/leads/auth/?token=0cb8c6b43d7ef98863b32542615c5779\">לחץ כאן לצפייה במערכת הלידים</a> \r\n    \r\n\r\n    <div>\r\n    בברכה,<br/>\r\n    מערכת IL-BIZ<br/>\r\n    קידום עסקים באינטרנט<br/>\r\n</div>\r\n\r\n    <br/><br/>\r\n</div>\r\n', '[{\"hf\":\"00\",\"mf\":\"00\",\"ht\":\"00\",\"mt\":\"00\",\"d\":{\"1\":\"on\",\"4\":\"on\",\"5\":\"on\"}},{\"hf\":\"00\",\"mf\":\"00\",\"ht\":\"00\",\"mt\":\"00\",\"d\":{\"1\":\"on\",\"2\":\"on\",\"3\":\"on\",\"4\":\"on\",\"5\":\"on\"}}]', '2023-03-06'),
(370, 4, 358, 'ilan@g.com', 'בקשה להצעת מחיר באתר', '<div style=\"direction:rtl;\">\r\n\r\n	<h2>שלום ilan bossgadol.<br/></h2>\r\n	<h3>התקבלה בקשה להצעת מחיר מהאתר love.com</h3>\r\n	<br/><br/>\r\n	\r\n    קטגוריה: הובלות, קטנות <br/>\r\n    שם: קובי בודק820 <br/>\r\n    טלפון: 054232323820 <br/>\r\n    אימייל: stam_mail@f.com <br/>\r\n    עיר: גליל <br/>\r\n    הערות\\בקשות: סתם פתק <br/>\r\n    <br/><br/>\r\n	<a href=\"http://usites.com/myleads/leads/auth/?token=39788649c0be52f593075c2bb7e3d5be\">לחץ כאן לצפייה במערכת הלידים</a> \r\n    \r\n\r\n    <div>\r\n    בברכה,<br/>\r\n    מערכת IL-BIZ<br/>\r\n    קידום עסקים באינטרנט<br/>\r\n</div>\r\n\r\n    <br/><br/>\r\n</div>\r\n', '[{\"hf\":\"00\",\"mf\":\"00\",\"ht\":\"00\",\"mt\":\"00\",\"d\":{\"1\":\"on\",\"4\":\"on\",\"5\":\"on\"}},{\"hf\":\"00\",\"mf\":\"00\",\"ht\":\"00\",\"mt\":\"00\",\"d\":{\"1\":\"on\",\"2\":\"on\",\"3\":\"on\",\"4\":\"on\",\"5\":\"on\"}}]', '2023-03-06'),
(373, 4, 361, 'ilan@g.com', 'בקשה להצעת מחיר באתר', '<div style=\"direction:rtl;\">\r\n\r\n	<h2>שלום ilan bossgadol.<br/></h2>\r\n	<h3>התקבלה בקשה להצעת מחיר מהאתר love.com</h3>\r\n	<br/><br/>\r\n	\r\n    קטגוריה: הובלות, גדולות, רכבים <br/>\r\n    שם: זמבי זמביה <br/>\r\n    טלפון: 098765432 <br/>\r\n    אימייל: nnn@g.c <br/>\r\n    עיר: באר שבע <br/>\r\n    הערות\\בקשות: בבקשה <br/>\r\n    <br/><br/>\r\n	<a href=\"http://usites.com/myleads/leads/auth/?token=ea0d847dabfb1d602605b1d70d64f8af\">לחץ כאן לצפייה במערכת הלידים</a> \r\n    \r\n\r\n    <div>\r\n    בברכה,<br/>\r\n    מערכת IL-BIZ<br/>\r\n    קידום עסקים באינטרנט<br/>\r\n</div>\r\n\r\n    <br/><br/>\r\n</div>\r\n', '[{\"hf\":\"00\",\"mf\":\"00\",\"ht\":\"00\",\"mt\":\"00\",\"d\":{\"1\":\"on\",\"4\":\"on\",\"5\":\"on\"}},{\"hf\":\"00\",\"mf\":\"00\",\"ht\":\"00\",\"mt\":\"00\",\"d\":{\"1\":\"on\",\"2\":\"on\",\"3\":\"on\",\"4\":\"on\",\"5\":\"on\"}}]', '2023-03-07'),
(380, 4, 368, 'ilan@g.com', 'בקשה להצעת מחיר באתר', '<div style=\"direction:rtl;\">\r\n\r\n	<h2>שלום ilan bossgadol.<br/></h2>\r\n	<h3>התקבלה בקשה להצעת מחיר מהאתר love.com</h3>\r\n	<br/><br/>\r\n	\r\n    קטגוריה: הובלות, שייך רק לטסט <br/>\r\n    שם: זמבי זמביה <br/>\r\n    טלפון: 0542323233 <br/>\r\n    אימייל: ט@כץבםצ <br/>\r\n    עיר: באר שבע <br/>\r\n    הערות\\בקשות: ssss <br/>\r\n    <br/><br/>\r\n	<a href=\"http://usites.com/myleads/leads/auth/?token=3b8df2c824157caf6452f791887917bf\">לחץ כאן לצפייה במערכת הלידים</a> \r\n    \r\n\r\n    <div>\r\n    בברכה,<br/>\r\n    מערכת IL-BIZ<br/>\r\n    קידום עסקים באינטרנט<br/>\r\n</div>\r\n\r\n    <br/><br/>\r\n</div>\r\n', '[{\"hf\":\"00\",\"mf\":\"00\",\"ht\":\"00\",\"mt\":\"00\",\"d\":{\"1\":\"on\",\"4\":\"on\",\"5\":\"on\"}},{\"hf\":\"00\",\"mf\":\"00\",\"ht\":\"00\",\"mt\":\"00\",\"d\":{\"1\":\"on\",\"2\":\"on\",\"3\":\"on\",\"4\":\"on\",\"5\":\"on\"}}]', '2023-03-07'),
(388, 4, 376, 'ilan@g.com', 'בקשה להצעת מחיר באתר', '<div style=\"direction:rtl;\">\r\n\r\n	<h2>שלום ilan bossgadol.<br/></h2>\r\n	<h3>התקבלה בקשה להצעת מחיר מהאתר love.com</h3>\r\n	<br/><br/>\r\n	\r\n    קטגוריה: הובלות, שייך רק לטסט <br/>\r\n    שם: קובי בודק <br/>\r\n    טלפון: 0542099433 <br/>\r\n    אימייל: ט@כץבםצ <br/>\r\n    עיר: קיבוץ הגושרים <br/>\r\n    הערות\\בקשות: מה קורה כאן?? <br/>\r\n    <br/><br/>\r\n	<a href=\"http://usites.com/myleads/leads/auth/?token=94d9c8aff0ad4c684261dd1691848b79\">לחץ כאן לצפייה במערכת הלידים</a> \r\n    \r\n\r\n    <div>\r\n    בברכה,<br/>\r\n    מערכת IL-BIZ<br/>\r\n    קידום עסקים באינטרנט<br/>\r\n</div>\r\n\r\n    <br/><br/>\r\n</div>\r\n', '[{\"hf\":\"00\",\"mf\":\"00\",\"ht\":\"00\",\"mt\":\"00\",\"d\":{\"1\":\"on\",\"4\":\"on\",\"5\":\"on\"}},{\"hf\":\"00\",\"mf\":\"00\",\"ht\":\"00\",\"mt\":\"00\",\"d\":{\"1\":\"on\",\"2\":\"on\",\"3\":\"on\",\"4\":\"on\",\"5\":\"on\"}}]', '2023-03-07');

-- --------------------------------------------------------

--
-- Table structure for table `user_phones`
--

CREATE TABLE `user_phones` (
  `id` int(11) NOT NULL,
  `user_id` int(11) NOT NULL,
  `number` varchar(32) NOT NULL,
  `campaign_type` smallint(6) NOT NULL DEFAULT 0,
  `campaign_name` varchar(80) DEFAULT NULL,
  `lead_bill` tinyint(4) NOT NULL DEFAULT 1,
  `misscall_sms_return` tinyint(4) NOT NULL DEFAULT 0,
  `misscall_sms` mediumtext DEFAULT NULL,
  `aftercall_sms_send` tinyint(4) NOT NULL DEFAULT 0,
  `aftercall_sms` mediumtext DEFAULT NULL
) ENGINE=InnoDB DEFAULT CHARSET=utf8mb4;

--
-- Dumping data for table `user_phones`
--

INSERT INTO `user_phones` (`id`, `user_id`, `number`, `campaign_type`, `campaign_name`, `lead_bill`, `misscall_sms_return`, `misscall_sms`, `aftercall_sms_send`, `aftercall_sms`) VALUES
(3, 5, '0542393333', 1, '', 1, 0, '', 0, ''),
(4, 5, '0542393333', 1, '', 1, 0, '', 0, ''),
(5, 5, '0542393333', 0, 'ddsdsfds', 1, 0, '', 0, ''),
(6, 5, '0542393333', 1, 'wwwww', 1, 0, '', 1, ''),
(7, 4, '0542393333', 1, 'גג', 1, 0, '', 0, ''),
(8, 3, '0542393333', 1, '', 1, 0, '', 0, ''),
(9, 6, '0542393333', 1, 'קוביבון', 1, 0, '', 0, '');

-- --------------------------------------------------------

--
-- Table structure for table `user_phone_api`
--

CREATE TABLE `user_phone_api` (
  `id` int(11) NOT NULL,
  `user_id` int(11) NOT NULL,
  `phone_id` int(11) NOT NULL,
  `url` varchar(80) NOT NULL
) ENGINE=InnoDB DEFAULT CHARSET=utf8mb4;

--
-- Dumping data for table `user_phone_api`
--

INSERT INTO `user_phone_api` (`id`, `user_id`, `phone_id`, `url`) VALUES
(5, 4, 7, 'dddd'),
(6, 4, 7, 'ddddd'),
(9, 3, 8, 'yuiyui');

-- --------------------------------------------------------

--
-- Table structure for table `user_phone_calls`
--

CREATE TABLE `user_phone_calls` (
  `id` int(11) NOT NULL,
  `user_id` int(11) NOT NULL,
  `call_from` varchar(15) DEFAULT NULL,
  `call_to` varchar(15) DEFAULT NULL,
  `did` varchar(15) DEFAULT NULL,
  `answer` varchar(100) DEFAULT NULL,
  `sms_send` int(11) DEFAULT NULL,
  `date` timestamp NOT NULL DEFAULT current_timestamp() ON UPDATE current_timestamp(),
  `call_date` varchar(255) NOT NULL,
  `billsec` int(5) NOT NULL,
  `uniqueid` varchar(32) DEFAULT NULL,
  `link_sys_id` int(11) NOT NULL DEFAULT 0,
  `recordingfile` varchar(200) DEFAULT NULL,
  `tracking_mach` tinyint(4) DEFAULT NULL,
  `times_called` smallint(6) NOT NULL DEFAULT 0,
  `track_time_range` smallint(6) DEFAULT NULL,
  `extra` varchar(200) DEFAULT NULL,
  `link_sys_identity` varchar(25) DEFAULT NULL
) ENGINE=InnoDB DEFAULT CHARSET=utf8mb4;

-- --------------------------------------------------------

--
-- Table structure for table `user_reset_password`
--

CREATE TABLE `user_reset_password` (
  `id` int(11) NOT NULL,
  `user_id` int(11) NOT NULL,
  `token` varchar(32) NOT NULL,
  `status` smallint(6) NOT NULL DEFAULT 1,
  `user_ip` varchar(32) DEFAULT NULL
) ENGINE=InnoDB DEFAULT CHARSET=utf8mb4;

--
-- Dumping data for table `user_reset_password`
--

INSERT INTO `user_reset_password` (`id`, `user_id`, `token`, `status`, `user_ip`) VALUES
(13, 1, '41367', 0, '127.0.0.1'),
(14, 1, '22107', 0, '127.0.0.1'),
(15, 1, '82960', 1, NULL),
(16, 1, '58023', 0, '127.0.0.1'),
(17, 1, '91661', 0, '127.0.0.1'),
(18, 1, '10889', 1, NULL),
(19, 1, '51985', 1, NULL),
(20, 1, '66659', 1, NULL),
(21, 1, '33602', 1, NULL),
(22, 1, '77152', 1, NULL);

-- --------------------------------------------------------

--
-- Table structure for table `user_rolls`
--

CREATE TABLE `user_rolls` (
  `id` int(11) NOT NULL,
  `level` smallint(6) NOT NULL,
  `str_identifier` varchar(32) NOT NULL,
  `label` varchar(32) NOT NULL
) ENGINE=InnoDB DEFAULT CHARSET=utf8mb4;

--
-- Dumping data for table `user_rolls`
--

INSERT INTO `user_rolls` (`id`, `level`, `str_identifier`, `label`) VALUES
(1, 5, 'master_admin', 'מנהל כל'),
(2, 10, 'admin', 'מנהל אתרים'),
(3, 15, 'author', 'כותב'),
(4, 20, 'customer', 'לקוח');

-- --------------------------------------------------------

--
-- Table structure for table `user_sites`
--

CREATE TABLE `user_sites` (
  `id` int(11) NOT NULL,
  `user_id` int(11) NOT NULL,
  `site_id` int(11) NOT NULL,
  `roll` varchar(32) NOT NULL,
  `status` tinyint(4) NOT NULL DEFAULT 0
) ENGINE=InnoDB DEFAULT CHARSET=utf8mb4;

--
-- Dumping data for table `user_sites`
--

INSERT INTO `user_sites` (`id`, `user_id`, `site_id`, `roll`, `status`) VALUES
(1, 1, 3, 'master_admin', 1),
(2, 1, 2, 'master_admin', 1),
(5, 1, 1, 'admin', 1),
(6, 4, 1, 'admin', 1),
(7, 4, 1, 'admin', 1),
(8, 4, 2, 'master_admin', 1);

--
-- Indexes for dumped tables
--

--
-- Indexes for table `biz_categories`
--
ALTER TABLE `biz_categories`
  ADD PRIMARY KEY (`id`),
  ADD KEY `parent` (`parent`);

--
-- Indexes for table `biz_forms`
--
ALTER TABLE `biz_forms`
  ADD PRIMARY KEY (`id`),
  ADD KEY `id` (`id`);

--
-- Indexes for table `biz_requests`
--
ALTER TABLE `biz_requests`
  ADD PRIMARY KEY (`id`);

--
-- Indexes for table `cat_city`
--
ALTER TABLE `cat_city`
  ADD PRIMARY KEY (`id`);

--
-- Indexes for table `cat_phone_display_hours`
--
ALTER TABLE `cat_phone_display_hours`
  ADD PRIMARY KEY (`id`);

--
-- Indexes for table `cities`
--
ALTER TABLE `cities`
  ADD PRIMARY KEY (`id`),
  ADD KEY `parent` (`parent`);

--
-- Indexes for table `content_blocks`
--
ALTER TABLE `content_blocks`
  ADD PRIMARY KEY (`id`);

--
-- Indexes for table `content_pages`
--
ALTER TABLE `content_pages`
  ADD PRIMARY KEY (`id`);

--
-- Indexes for table `global_settings`
--
ALTER TABLE `global_settings`
  ADD PRIMARY KEY (`id`);

--
-- Indexes for table `info_stam`
--
ALTER TABLE `info_stam`
  ADD PRIMARY KEY (`id`);

--
-- Indexes for table `lead_refund_requests`
--
ALTER TABLE `lead_refund_requests`
  ADD PRIMARY KEY (`id`);

--
-- Indexes for table `login_trace`
--
ALTER TABLE `login_trace`
  ADD PRIMARY KEY (`id`);

--
-- Indexes for table `menu_items`
--
ALTER TABLE `menu_items`
  ADD PRIMARY KEY (`id`);

--
-- Indexes for table `net_banners`
--
ALTER TABLE `net_banners`
  ADD PRIMARY KEY (`id`),
  ADD KEY `deleted` (`deleted`,`active`,`dir_id`);

--
-- Indexes for table `net_banner_cat`
--
ALTER TABLE `net_banner_cat`
  ADD PRIMARY KEY (`id`);

--
-- Indexes for table `net_directories`
--
ALTER TABLE `net_directories`
  ADD PRIMARY KEY (`id`);

--
-- Indexes for table `page_style`
--
ALTER TABLE `page_style`
  ADD PRIMARY KEY (`id`);

--
-- Indexes for table `posts`
--
ALTER TABLE `posts`
  ADD PRIMARY KEY (`id`);

--
-- Indexes for table `quotes`
--
ALTER TABLE `quotes`
  ADD PRIMARY KEY (`id`);

--
-- Indexes for table `quote_cat`
--
ALTER TABLE `quote_cat`
  ADD PRIMARY KEY (`id`);

--
-- Indexes for table `quote_cat_assign`
--
ALTER TABLE `quote_cat_assign`
  ADD PRIMARY KEY (`id`);

--
-- Indexes for table `refund_reasons`
--
ALTER TABLE `refund_reasons`
  ADD PRIMARY KEY (`id`);

--
-- Indexes for table `request_status`
--
ALTER TABLE `request_status`
  ADD PRIMARY KEY (`id`);

--
-- Indexes for table `sites`
--
ALTER TABLE `sites`
  ADD PRIMARY KEY (`id`);

--
-- Indexes for table `site_colors`
--
ALTER TABLE `site_colors`
  ADD PRIMARY KEY (`id`);

--
-- Indexes for table `site_css`
--
ALTER TABLE `site_css`
  ADD PRIMARY KEY (`id`);

--
-- Indexes for table `site_styling`
--
ALTER TABLE `site_styling`
  ADD PRIMARY KEY (`id`);

--
-- Indexes for table `supplier_cubes`
--
ALTER TABLE `supplier_cubes`
  ADD PRIMARY KEY (`id`);

--
-- Indexes for table `tasks`
--
ALTER TABLE `tasks`
  ADD PRIMARY KEY (`id`);

--
-- Indexes for table `test`
--
ALTER TABLE `test`
  ADD PRIMARY KEY (`id`);

--
-- Indexes for table `users`
--
ALTER TABLE `users`
  ADD PRIMARY KEY (`id`);

--
-- Indexes for table `user_cat`
--
ALTER TABLE `user_cat`
  ADD PRIMARY KEY (`id`);

--
-- Indexes for table `user_cat_city`
--
ALTER TABLE `user_cat_city`
  ADD PRIMARY KEY (`id`);

--
-- Indexes for table `user_city`
--
ALTER TABLE `user_city`
  ADD PRIMARY KEY (`id`);

--
-- Indexes for table `user_leads`
--
ALTER TABLE `user_leads`
  ADD PRIMARY KEY (`id`);

--
-- Indexes for table `user_lead_rotation`
--
ALTER TABLE `user_lead_rotation`
  ADD PRIMARY KEY (`id`);

--
-- Indexes for table `user_lead_send_times`
--
ALTER TABLE `user_lead_send_times`
  ADD PRIMARY KEY (`id`);

--
-- Indexes for table `user_lead_settings`
--
ALTER TABLE `user_lead_settings`
  ADD PRIMARY KEY (`id`);

--
-- Indexes for table `user_lead_tag`
--
ALTER TABLE `user_lead_tag`
  ADD PRIMARY KEY (`id`);

--
-- Indexes for table `user_lead_visability`
--
ALTER TABLE `user_lead_visability`
  ADD PRIMARY KEY (`id`);

--
-- Indexes for table `user_pending_emails`
--
ALTER TABLE `user_pending_emails`
  ADD PRIMARY KEY (`id`);

--
-- Indexes for table `user_phones`
--
ALTER TABLE `user_phones`
  ADD PRIMARY KEY (`id`);

--
-- Indexes for table `user_phone_api`
--
ALTER TABLE `user_phone_api`
  ADD PRIMARY KEY (`id`);

--
-- Indexes for table `user_phone_calls`
--
ALTER TABLE `user_phone_calls`
  ADD PRIMARY KEY (`id`);

--
-- Indexes for table `user_reset_password`
--
ALTER TABLE `user_reset_password`
  ADD PRIMARY KEY (`id`);

--
-- Indexes for table `user_rolls`
--
ALTER TABLE `user_rolls`
  ADD PRIMARY KEY (`id`);

--
-- Indexes for table `user_sites`
--
ALTER TABLE `user_sites`
  ADD PRIMARY KEY (`id`);

--
-- AUTO_INCREMENT for dumped tables
--

--
-- AUTO_INCREMENT for table `biz_categories`
--
ALTER TABLE `biz_categories`
  MODIFY `id` int(11) NOT NULL AUTO_INCREMENT, AUTO_INCREMENT=64;

--
-- AUTO_INCREMENT for table `biz_forms`
--
ALTER TABLE `biz_forms`
  MODIFY `id` int(11) NOT NULL AUTO_INCREMENT, AUTO_INCREMENT=15;

--
-- AUTO_INCREMENT for table `biz_requests`
--
ALTER TABLE `biz_requests`
  MODIFY `id` int(11) NOT NULL AUTO_INCREMENT, AUTO_INCREMENT=178;

--
-- AUTO_INCREMENT for table `cat_city`
--
ALTER TABLE `cat_city`
  MODIFY `id` int(11) NOT NULL AUTO_INCREMENT, AUTO_INCREMENT=59;

--
-- AUTO_INCREMENT for table `cat_phone_display_hours`
--
ALTER TABLE `cat_phone_display_hours`
  MODIFY `id` int(11) NOT NULL AUTO_INCREMENT, AUTO_INCREMENT=9;

--
-- AUTO_INCREMENT for table `cities`
--
ALTER TABLE `cities`
  MODIFY `id` int(11) NOT NULL AUTO_INCREMENT, AUTO_INCREMENT=50;

--
-- AUTO_INCREMENT for table `content_blocks`
--
ALTER TABLE `content_blocks`
  MODIFY `id` int(11) NOT NULL AUTO_INCREMENT, AUTO_INCREMENT=49;

--
-- AUTO_INCREMENT for table `content_pages`
--
ALTER TABLE `content_pages`
  MODIFY `id` int(11) NOT NULL AUTO_INCREMENT, AUTO_INCREMENT=37;

--
-- AUTO_INCREMENT for table `global_settings`
--
ALTER TABLE `global_settings`
  MODIFY `id` int(11) NOT NULL AUTO_INCREMENT, AUTO_INCREMENT=4;

--
-- AUTO_INCREMENT for table `info_stam`
--
ALTER TABLE `info_stam`
  MODIFY `id` int(11) NOT NULL AUTO_INCREMENT, AUTO_INCREMENT=5;

--
-- AUTO_INCREMENT for table `lead_refund_requests`
--
ALTER TABLE `lead_refund_requests`
  MODIFY `id` int(11) NOT NULL AUTO_INCREMENT, AUTO_INCREMENT=29;

--
-- AUTO_INCREMENT for table `login_trace`
--
ALTER TABLE `login_trace`
  MODIFY `id` int(11) NOT NULL AUTO_INCREMENT, AUTO_INCREMENT=233;

--
-- AUTO_INCREMENT for table `menu_items`
--
ALTER TABLE `menu_items`
  MODIFY `id` int(11) NOT NULL AUTO_INCREMENT, AUTO_INCREMENT=172;

--
-- AUTO_INCREMENT for table `net_banners`
--
ALTER TABLE `net_banners`
  MODIFY `id` int(11) NOT NULL AUTO_INCREMENT, AUTO_INCREMENT=11;

--
-- AUTO_INCREMENT for table `net_banner_cat`
--
ALTER TABLE `net_banner_cat`
  MODIFY `id` int(11) NOT NULL AUTO_INCREMENT, AUTO_INCREMENT=109;

--
-- AUTO_INCREMENT for table `net_directories`
--
ALTER TABLE `net_directories`
  MODIFY `id` int(11) NOT NULL AUTO_INCREMENT, AUTO_INCREMENT=4;

--
-- AUTO_INCREMENT for table `page_style`
--
ALTER TABLE `page_style`
  MODIFY `id` int(11) NOT NULL AUTO_INCREMENT, AUTO_INCREMENT=5;

--
-- AUTO_INCREMENT for table `posts`
--
ALTER TABLE `posts`
  MODIFY `id` int(11) NOT NULL AUTO_INCREMENT, AUTO_INCREMENT=3;

--
-- AUTO_INCREMENT for table `quotes`
--
ALTER TABLE `quotes`
  MODIFY `id` int(11) NOT NULL AUTO_INCREMENT, AUTO_INCREMENT=12;

--
-- AUTO_INCREMENT for table `quote_cat`
--
ALTER TABLE `quote_cat`
  MODIFY `id` int(11) NOT NULL AUTO_INCREMENT, AUTO_INCREMENT=9;

--
-- AUTO_INCREMENT for table `quote_cat_assign`
--
ALTER TABLE `quote_cat_assign`
  MODIFY `id` int(11) NOT NULL AUTO_INCREMENT, AUTO_INCREMENT=14;

--
-- AUTO_INCREMENT for table `refund_reasons`
--
ALTER TABLE `refund_reasons`
  MODIFY `id` int(11) NOT NULL AUTO_INCREMENT, AUTO_INCREMENT=34;

--
-- AUTO_INCREMENT for table `request_status`
--
ALTER TABLE `request_status`
  MODIFY `id` int(11) NOT NULL AUTO_INCREMENT, AUTO_INCREMENT=7;

--
-- AUTO_INCREMENT for table `sites`
--
ALTER TABLE `sites`
  MODIFY `id` int(11) NOT NULL AUTO_INCREMENT, AUTO_INCREMENT=4;

--
-- AUTO_INCREMENT for table `site_colors`
--
ALTER TABLE `site_colors`
  MODIFY `id` int(11) NOT NULL AUTO_INCREMENT, AUTO_INCREMENT=379;

--
-- AUTO_INCREMENT for table `site_css`
--
ALTER TABLE `site_css`
  MODIFY `id` int(11) NOT NULL AUTO_INCREMENT, AUTO_INCREMENT=9;

--
-- AUTO_INCREMENT for table `site_styling`
--
ALTER TABLE `site_styling`
  MODIFY `id` int(11) NOT NULL AUTO_INCREMENT, AUTO_INCREMENT=2;

--
-- AUTO_INCREMENT for table `supplier_cubes`
--
ALTER TABLE `supplier_cubes`
  MODIFY `id` int(11) NOT NULL AUTO_INCREMENT, AUTO_INCREMENT=3;

--
-- AUTO_INCREMENT for table `tasks`
--
ALTER TABLE `tasks`
  MODIFY `id` int(11) NOT NULL AUTO_INCREMENT, AUTO_INCREMENT=36;

--
-- AUTO_INCREMENT for table `test`
--
ALTER TABLE `test`
  MODIFY `id` int(11) NOT NULL AUTO_INCREMENT, AUTO_INCREMENT=94;

--
-- AUTO_INCREMENT for table `users`
--
ALTER TABLE `users`
  MODIFY `id` int(11) NOT NULL AUTO_INCREMENT, AUTO_INCREMENT=10;

--
-- AUTO_INCREMENT for table `user_cat`
--
ALTER TABLE `user_cat`
  MODIFY `id` int(11) NOT NULL AUTO_INCREMENT, AUTO_INCREMENT=129;

--
-- AUTO_INCREMENT for table `user_cat_city`
--
ALTER TABLE `user_cat_city`
  MODIFY `id` int(11) NOT NULL AUTO_INCREMENT, AUTO_INCREMENT=47;

--
-- AUTO_INCREMENT for table `user_city`
--
ALTER TABLE `user_city`
  MODIFY `id` int(11) NOT NULL AUTO_INCREMENT, AUTO_INCREMENT=80;

--
-- AUTO_INCREMENT for table `user_leads`
--
ALTER TABLE `user_leads`
  MODIFY `id` int(11) NOT NULL AUTO_INCREMENT, AUTO_INCREMENT=379;

--
-- AUTO_INCREMENT for table `user_lead_rotation`
--
ALTER TABLE `user_lead_rotation`
  MODIFY `id` int(11) NOT NULL AUTO_INCREMENT, AUTO_INCREMENT=10;

--
-- AUTO_INCREMENT for table `user_lead_send_times`
--
ALTER TABLE `user_lead_send_times`
  MODIFY `id` int(11) NOT NULL AUTO_INCREMENT, AUTO_INCREMENT=4;

--
-- AUTO_INCREMENT for table `user_lead_settings`
--
ALTER TABLE `user_lead_settings`
  MODIFY `id` int(11) NOT NULL AUTO_INCREMENT, AUTO_INCREMENT=8;

--
-- AUTO_INCREMENT for table `user_lead_tag`
--
ALTER TABLE `user_lead_tag`
  MODIFY `id` int(11) NOT NULL AUTO_INCREMENT, AUTO_INCREMENT=12;

--
-- AUTO_INCREMENT for table `user_lead_visability`
--
ALTER TABLE `user_lead_visability`
  MODIFY `id` int(11) NOT NULL AUTO_INCREMENT, AUTO_INCREMENT=8;

--
-- AUTO_INCREMENT for table `user_pending_emails`
--
ALTER TABLE `user_pending_emails`
  MODIFY `id` int(11) NOT NULL AUTO_INCREMENT, AUTO_INCREMENT=391;

--
-- AUTO_INCREMENT for table `user_phones`
--
ALTER TABLE `user_phones`
  MODIFY `id` int(11) NOT NULL AUTO_INCREMENT, AUTO_INCREMENT=10;

--
-- AUTO_INCREMENT for table `user_phone_api`
--
ALTER TABLE `user_phone_api`
  MODIFY `id` int(11) NOT NULL AUTO_INCREMENT, AUTO_INCREMENT=12;

--
-- AUTO_INCREMENT for table `user_phone_calls`
--
ALTER TABLE `user_phone_calls`
  MODIFY `id` int(11) NOT NULL AUTO_INCREMENT;

--
-- AUTO_INCREMENT for table `user_reset_password`
--
ALTER TABLE `user_reset_password`
  MODIFY `id` int(11) NOT NULL AUTO_INCREMENT, AUTO_INCREMENT=23;

--
-- AUTO_INCREMENT for table `user_rolls`
--
ALTER TABLE `user_rolls`
  MODIFY `id` int(11) NOT NULL AUTO_INCREMENT, AUTO_INCREMENT=5;

--
-- AUTO_INCREMENT for table `user_sites`
--
ALTER TABLE `user_sites`
  MODIFY `id` int(11) NOT NULL AUTO_INCREMENT, AUTO_INCREMENT=9;
COMMIT;

/*!40101 SET CHARACTER_SET_CLIENT=@OLD_CHARACTER_SET_CLIENT */;
/*!40101 SET CHARACTER_SET_RESULTS=@OLD_CHARACTER_SET_RESULTS */;
/*!40101 SET COLLATION_CONNECTION=@OLD_COLLATION_CONNECTION */;
